user_id,n_bets,total_stake,avg_stake,max_stake,win_rate,total_gain,total_ggr,avg_odds,pct_multiple,max_losing_streak,risk_score,risk_profile
1,22,776.3,35.28636363636363,65.2,0.3181818181818182,688.01,88.28999999999999,5.799090909090909,0.2727272727272727,3,-2.013971320294705,baixo
2,14,70.75,5.053571428571429,8.4,0.14285714285714285,11.06,59.69,4.4471428571428575,0.5,6,-0.6129889213039097,medio
3,21,1785.25,85.01190476190476,122.3,0.47619047619047616,2817.67,-1032.42,4.459047619047619,0.47619047619047616,4,-0.17440429894818,medio
4,10,139.15,13.915000000000001,24.2,0.1,22.07,117.08,5.8660000000000005,0.3,6,-3.261769136168655,baixo
5,25,329.45,13.177999999999999,23.6,0.44,849.05,-519.6,5.0644,0.32,5,-0.5005530153470075,medio
6,23,3733.0,162.30434782608697,246.3,0.21739130434782608,2100.98,1632.02,4.429565217391304,0.2608695652173913,9,2.4382411967293143,alto
7,16,162.8,10.175,20.7,0.4375,215.65,-52.85,3.835,0.25,5,-2.935023784205378,baixo
8,14,476.95,34.06785714285714,65.35,0.42857142857142855,490.21000000000004,-13.260000000000002,3.7107142857142854,0.2857142857142857,2,-4.189214378826838,baixo
9,22,3737.3,169.87727272727273,231.8,0.5454545454545454,3704.6,32.70000000000002,2.1695454545454544,0.2727272727272727,2,-1.5565888652377748,baixo
10,17,78.25,4.602941176470588,9.55,0.4117647058823529,71.35,6.900000000000004,3.834117647058824,0.35294117647058826,3,-2.649143174443194,baixo
11,22,3655.8,166.1727272727273,237.75,0.3181818181818182,2114.1400000000003,1541.66,5.245454545454546,0.45454545454545453,5,2.2172672811713046,alto
12,19,610.1,32.11052631578948,66.65,0.3684210526315789,399.55,210.55,4.61421052631579,0.47368421052631576,6,0.5311000390471858,medio
13,16,1362.0,85.125,123.75,0.5,1483.83,-121.82999999999998,5.109375,0.25,3,-3.3360222691188373,baixo
14,18,3202.65,177.925,239.45,0.6111111111111112,4574.29,-1371.6399999999999,4.403888888888889,0.4444444444444444,3,-1.1197016246289906,medio
15,16,2744.0,171.5,246.05,0.4375,3242.9100000000003,-498.90999999999985,3.1481250000000003,0.4375,4,-0.7719994199322143,medio
16,20,7129.25,356.4625,488.95,0.35,8272.050000000001,-1142.7999999999997,6.677,0.55,6,2.9744237113042074,alto
17,19,282.7,14.878947368421052,24.6,0.42105263157894735,259.6,23.100000000000012,7.341052631578947,0.2631578947368421,7,-1.1881022745335075,medio
18,18,3038.2,168.7888888888889,249.45,0.2777777777777778,1241.81,1796.39,4.6883333333333335,0.4444444444444444,7,2.2620819716893834,alto
19,11,7968.3,724.3909090909091,989.45,0.5454545454545454,15579.95,-7611.650000000001,4.327272727272727,0.18181818181818182,3,-4.660177143750378,baixo
20,21,221.9,10.566666666666666,22.15,0.3333333333333333,288.52,-66.62,3.439047619047619,0.23809523809523808,8,-0.6081515944379683,medio
21,19,6983.55,367.55526315789473,473.85,0.6842105263157895,8516.68,-1533.13,4.4478947368421045,0.5263157894736842,3,1.079940686168622,alto
22,24,2065.55,86.06458333333335,123.6,0.375,1653.2,412.34999999999997,4.515416666666667,0.4166666666666667,5,1.164105131139138,alto
23,21,3321.6,158.17142857142858,214.9,0.3333333333333333,1751.8700000000001,1569.73,5.543333333333333,0.3333333333333333,5,0.8353328476782242,alto
24,21,1838.8,87.56190476190476,123.55,0.19047619047619047,702.21,1136.59,4.953333333333333,0.3333333333333333,14,4.081980431424499,alto
25,13,462.1,35.54615384615385,67.15,0.3076923076923077,184.45000000000002,277.65,3.644615384615385,0.23076923076923078,7,-2.5533262109910595,baixo
26,13,146.85,11.296153846153846,21.75,0.23076923076923078,97.75,49.1,4.6523076923076925,0.5384615384615384,5,-0.8853533254195529,medio
27,20,3603.55,180.1775,247.65,0.25,1952.89,1650.66,5.451,0.5,6,2.7830954909599623,alto
28,16,5958.45,372.403125,489.65,0.4375,5706.29,252.15999999999988,4.9037500000000005,0.1875,4,-1.2940140266960591,baixo
29,22,84.7,3.85,8.8,0.2727272727272727,84.87,-0.16999999999999993,6.412272727272727,0.36363636363636365,8,0.7625204731461181,alto
30,22,3728.85,169.49318181818182,247.4,0.3181818181818182,2599.84,1129.01,4.057272727272728,0.5909090909090909,7,4.159013381690124,alto
31,29,1070.8,36.92413793103448,65.55,0.3793103448275862,874.65,196.14999999999998,3.9441379310344824,0.3103448275862069,6,1.290823866841336,alto
32,15,2177.8,145.18666666666667,237.6,0.2,2023.15,154.65,3.1726666666666667,0.2,6,-2.139310456285974,baixo
33,19,6721.35,353.7552631578948,483.0,0.3157894736842105,6892.01,-170.66000000000003,4.409473684210527,0.3684210526315789,3,0.252853192940641,medio
34,23,2002.55,87.06739130434782,123.95,0.43478260869565216,1812.37,190.1800000000001,3.941304347826087,0.391304347826087,3,-0.2856562529803399,medio
35,18,1403.15,77.95277777777778,124.7,0.4444444444444444,903.78,499.37,4.749444444444445,0.2222222222222222,3,-2.863438920612959,baixo
36,25,890.75,35.63,68.55,0.4,905.9,-15.150000000000006,5.0336,0.32,10,2.1239763479783966,alto
37,16,605.8,37.8625,60.55,0.25,225.46999999999997,380.33,4.46375,0.375,4,-1.8018513495047097,baixo
38,19,11615.4,611.3368421052631,888.65,0.21052631578947367,12016.29,-400.8899999999999,5.38578947368421,0.42105263157894735,8,4.592290991626742,alto
39,20,645.85,32.292500000000004,59.25,0.35,404.28999999999996,241.56,4.566,0.45,5,0.11411267873398911,medio
40,17,2443.6,143.74117647058824,242.45,0.4117647058823529,2297.33,146.26999999999998,3.4794117647058824,0.47058823529411764,5,0.3490595089850079,medio
41,22,1766.2,80.28181818181818,123.55,0.5454545454545454,1843.06,-76.86,3.232727272727273,0.4090909090909091,3,-0.5343200126277831,medio
42,22,14911.2,677.7818181818183,954.05,0.4090909090909091,15133.35,-222.1500000000001,4.622272727272727,0.36363636363636365,4,3.526267003583552,alto
43,19,719.4,37.863157894736844,63.2,0.3157894736842105,344.40999999999997,374.99,4.658947368421052,0.10526315789473684,6,-2.7390768436786863,baixo
44,19,1565.4,82.38947368421053,124.9,0.47368421052631576,1666.3,-100.90000000000002,3.8410526315789477,0.2631578947368421,5,-1.669589916935339,baixo
45,22,3362.2,152.8272727272727,228.15,0.45454545454545453,4772.99,-1410.7899999999997,4.872272727272727,0.45454545454545453,5,0.5565887475095315,medio
46,22,110.05,5.002272727272727,9.85,0.45454545454545453,158.46,-48.410000000000004,5.503181818181818,0.4090909090909091,5,-0.15712688931924013,medio
47,23,3711.6,161.37391304347827,233.15,0.17391304347826086,1057.8799999999999,2653.72,4.509565217391304,0.30434782608695654,7,2.49487821412491,alto
48,14,1079.55,77.11071428571428,121.65,0.5,1969.72,-890.1700000000001,3.687142857142857,0.42857142857142855,2,-3.0413209861940276,baixo
49,19,1677.35,88.28157894736842,123.4,0.3157894736842105,735.61,941.74,4.0063157894736845,0.2631578947368421,3,-1.9557317712967661,baixo
50,22,884.6,40.20909090909091,69.15,0.5454545454545454,594.94,289.65999999999997,3.235,0.4090909090909091,6,0.7054252759397832,medio
51,24,4379.9,182.4958333333333,241.65,0.2916666666666667,2624.74,1755.16,3.7829166666666665,0.08333333333333333,7,0.34904327855140194,medio
52,15,1114.8,74.32,121.05,0.26666666666666666,984.9100000000001,129.88999999999996,4.640666666666666,0.4,5,-1.2368890622843478,baixo
53,18,6293.35,349.6305555555556,485.05,0.1111111111111111,2660.2799999999997,3633.07,5.603888888888889,0.5,8,5.4365386704038805,alto
54,24,5012.6,208.85833333333335,299.6,0.4166666666666667,6772.27,-1759.6699999999998,6.947083333333333,0.4166666666666667,3,-0.02468150136815539,medio
55,20,243.89999999999998,12.194999999999999,23.9,0.45,374.74,-130.84,3.2265,0.55,5,0.6998724683035547,medio
56,23,787.3,34.2304347826087,69.0,0.2608695652173913,540.22,247.08000000000004,6.7465217391304355,0.4782608695652174,5,1.0630939816608374,alto
57,25,1864.9,74.596,119.8,0.32,793.38,1071.52,4.244,0.24,5,0.03033450664380788,medio
58,29,4554.15,157.03965517241377,245.25,0.3448275862068966,5279.84,-725.69,6.407931034482759,0.4482758620689655,4,2.0196983981515317,alto
59,23,3704.7,161.07391304347826,248.3,0.391304347826087,2231.07,1473.63,3.9117391304347824,0.2608695652173913,4,0.14379359464944874,medio
60,21,292.3,13.91904761904762,24.8,0.42857142857142855,663.69,-371.39,7.385714285714285,0.38095238095238093,4,-1.191164311545948,medio
61,20,3101.3,155.065,247.7,0.45,3964.2999999999997,-863.0,4.1995,0.5,4,0.39376480423888627,medio
62,25,3783.15,151.326,233.9,0.44,5612.04,-1828.89,4.3328,0.48,4,0.7905525968357023,alto
63,15,104.1,6.9399999999999995,9.85,0.4,51.6,52.5,3.9993333333333334,0.4,3,-2.622957294039775,baixo
64,17,3608.6,212.2705882352941,318.35,0.058823529411764705,166.17,3442.4300000000003,4.439411764705882,0.29411764705882354,15,5.34896269027771,alto
65,19,2860.75,150.56578947368422,249.75,0.5263157894736842,2469.9,390.84999999999997,5.537368421052632,0.3157894736842105,4,-0.8936480616944518,medio
66,21,280.65,13.364285714285714,25.0,0.47619047619047616,188.38,92.27,3.7009523809523808,0.3333333333333333,4,-1.3877203378793501,baixo
67,16,1289.6,80.6,117.9,0.3125,529.4300000000001,760.17,4.508125,0.1875,4,-3.034507670573346,baixo
68,18,90.75,5.041666666666667,9.4,0.3888888888888889,125.98,-35.23,7.230555555555556,0.2777777777777778,5,-2.256821453564552,baixo
69,27,5131.55,190.05740740740742,320.0,0.25925925925925924,5350.91,-219.36000000000016,4.841851851851851,0.4074074074074074,6,2.5720180953697227,alto
70,18,545.65,30.313888888888886,57.95,0.3333333333333333,331.61,214.04000000000002,3.323888888888889,0.2777777777777778,10,0.2515527194637235,medio
71,15,580.95,38.730000000000004,63.55,0.4666666666666667,1086.31,-505.35999999999996,4.451333333333333,0.3333333333333333,3,-3.315073485512562,baixo
72,23,5033.2,218.83478260869563,319.15,0.43478260869565216,5274.37,-241.17000000000013,4.677826086956522,0.17391304347826086,4,-1.1712041716506387,medio
73,19,1632.7,85.93157894736842,121.7,0.15789473684210525,389.35,1243.35,5.316842105263158,0.3684210526315789,7,0.9204065533700012,alto
74,17,90.4,5.31764705882353,9.7,0.4117647058823529,69.67999999999999,20.72,5.2952941176470585,0.47058823529411764,3,-1.552061438045874,baixo
75,22,1740.1000000000001,79.09545454545456,123.7,0.3181818181818182,2233.37,-493.27000000000004,5.072727272727272,0.4090909090909091,4,-0.3233833618683394,medio
76,22,952.2,43.28181818181818,69.35,0.4090909090909091,1341.32,-389.12,5.648181818181818,0.4090909090909091,5,-0.07442529947484755,medio
77,25,961.5,38.46,68.8,0.44,861.25,100.25000000000001,3.6932,0.16,4,-1.9127332208020156,baixo
78,18,729.75,40.541666666666664,69.15,0.4444444444444444,542.05,187.70000000000002,3.7127777777777777,0.4444444444444444,5,-0.3569687708129976,medio
79,18,696.8,38.71111111111111,63.5,0.3888888888888889,646.37,50.42999999999999,2.1422222222222222,0.3333333333333333,4,-1.9074263569583305,baixo
80,21,4204.05,200.19285714285715,290.85,0.5238095238095238,5125.9800000000005,-921.9299999999998,3.456666666666667,0.38095238095238093,4,-0.20032633466587196,medio
81,19,281.3,14.805263157894737,23.55,0.3684210526315789,387.27,-105.97,5.59578947368421,0.3157894736842105,9,0.10884780438415004,medio
82,20,315.5,15.775,24.85,0.4,324.73,-9.230000000000008,6.5215000000000005,0.6,4,0.8098364355291454,alto
83,23,3584.7,155.85652173913041,245.35,0.34782608695652173,1892.49,1692.21,3.4800000000000004,0.34782608695652173,7,2.346893469036388,alto
84,23,3611.5,157.02173913043478,243.1,0.391304347826087,4659.15,-1047.65,4.527826086956522,0.2608695652173913,4,-1.223762934651339,baixo
85,21,4668.4,222.30476190476188,316.7,0.42857142857142855,4734.38,-65.98000000000025,5.1590476190476195,0.2857142857142857,3,-0.9117350337063699,medio
86,14,8837.9,631.2785714285714,934.15,0.21428571428571427,2587.4,6250.5,4.760714285714286,0.21428571428571427,5,3.915937988402275,alto
87,18,1500.1,83.33888888888889,122.0,0.3333333333333333,2632.8900000000003,-1132.7900000000002,4.582222222222223,0.2222222222222222,2,-4.133913116743136,baixo
88,23,120.25,5.228260869565218,9.95,0.43478260869565216,103.28,16.97,4.966956521739131,0.13043478260869565,5,-2.466263397370514,baixo
89,25,1872.25,74.89,121.95,0.52,3286.45,-1414.2,5.1304,0.32,2,-1.871797870321609,baixo
90,22,725.75,32.98863636363637,67.05,0.45454545454545453,1396.21,-670.46,4.946818181818181,0.36363636363636365,6,-0.27359709578404046,medio
91,27,140.3,5.196296296296297,9.35,0.2962962962962963,178.8,-38.5,4.553333333333334,0.25925925925925924,7,0.46878962358314946,medio
92,21,210.15,10.007142857142858,24.05,0.3333333333333333,259.36,-49.209999999999994,4.775714285714286,0.2857142857142857,12,1.5977856997930648,alto
93,22,3553.2,161.5090909090909,234.4,0.22727272727272727,2152.81,1400.3899999999999,5.476818181818182,0.36363636363636365,6,1.7121718151545435,alto
94,13,550.85,42.37307692307692,63.05,0.6153846153846154,322.97,227.88,2.9007692307692308,0.3076923076923077,2,-4.0252463360033,baixo
95,21,6834.05,325.43095238095236,497.85,0.23809523809523808,1762.05,5072.0,4.057619047619048,0.23809523809523808,7,3.851101674059652,alto
96,14,163.04999999999998,11.64642857142857,23.95,0.35714285714285715,158.39,4.6599999999999975,5.248571428571429,0.5,6,-0.5968058048845628,medio
97,22,3408.7,154.9409090909091,249.0,0.4090909090909091,2775.57,633.13,4.9372727272727275,0.36363636363636365,8,2.1399741539700354,alto
98,20,321.05,16.052500000000002,23.7,0.35,423.0,-101.95,6.227,0.6,6,1.6432081675890386,alto
99,22,7952.35,361.4704545454546,456.3,0.45454545454545453,7195.849999999999,756.5,3.0427272727272725,0.36363636363636365,4,1.86698705738896,alto
100,16,559.7,34.98125,65.2,0.1875,85.64,474.06,8.137500000000001,0.625,6,1.4140558924888904,alto
101,19,656.0,34.526315789473685,64.1,0.47368421052631576,960.1999999999999,-304.2,5.574736842105263,0.5263157894736842,5,0.319189730152301,medio
102,17,780.85,45.932352941176475,67.85,0.47058823529411764,1344.98,-564.13,5.840588235294117,0.47058823529411764,3,-1.5829910223134034,baixo
103,19,106.3,5.594736842105263,9.65,0.3684210526315789,62.730000000000004,43.57,5.0131578947368425,0.5263157894736842,2,-1.016444149905557,medio
104,14,2219.95,158.56785714285712,225.9,0.2857142857142857,1376.63,843.32,5.744285714285715,0.35714285714285715,4,-1.3369637925721498,baixo
105,15,2613.2,174.2133333333333,234.5,0.3333333333333333,1334.17,1279.03,3.5893333333333337,0.26666666666666666,4,-1.6079042673870947,baixo
106,14,2152.3,153.7357142857143,230.9,0.42857142857142855,2368.67,-216.3699999999999,4.747142857142856,0.42857142857142855,3,-1.715028482495423,baixo
107,19,681.2,35.852631578947374,64.15,0.3157894736842105,1041.02,-359.81999999999994,5.000526315789474,0.3157894736842105,8,-0.32138490870342035,medio
108,23,991.75,43.119565217391305,69.6,0.43478260869565216,888.1600000000001,103.58999999999999,4.064347826086957,0.2608695652173913,4,-1.396815456392195,baixo
109,25,4344.45,173.778,246.35,0.28,2684.87,1659.58,4.7084,0.36,8,3.453715939124597,alto
110,23,3961.1,172.22173913043477,242.7,0.4782608695652174,5951.5599999999995,-1990.46,3.5095652173913043,0.30434782608695654,3,-1.6594390823918432,baixo
111,21,906.35,43.15952380952381,65.85,0.47619047619047616,873.47,32.87999999999998,3.729047619047619,0.2857142857142857,4,-1.653089626839112,baixo
112,15,657.85,43.85666666666667,69.7,0.6,478.94,178.91,2.978,0.2,3,-4.145634218368966,baixo
113,20,1763.55,88.1775,123.8,0.45,1776.5,-12.950000000000017,4.1674999999999995,0.25,4,-1.920637192068986,baixo
114,23,3787.45,164.6717391304348,246.45,0.391304347826087,4224.26,-436.80999999999983,4.173913043478261,0.2608695652173913,3,-1.2868604937486061,baixo
115,27,4491.65,166.3574074074074,243.9,0.2222222222222222,2362.17,2129.48,4.366296296296296,0.25925925925925924,15,6.253949088024905,alto
116,19,193.35,10.176315789473684,22.8,0.15789473684210525,119.58,73.77,4.942631578947368,0.3684210526315789,8,0.21740711166078575,medio
117,24,2202.8,91.78333333333335,124.85,0.16666666666666666,864.9200000000001,1337.88,4.1987499999999995,0.3333333333333333,10,3.1286717658916485,alto
118,19,89.55,4.713157894736842,9.9,0.21052631578947367,53.45,36.1,6.8657894736842096,0.3157894736842105,7,-0.7659216709571814,medio
119,19,4134.2,217.5894736842105,315.35,0.42105263157894735,3149.1,985.1,4.569473684210526,0.21052631578947367,5,-0.6463962437712918,medio
120,15,1195.35,79.69,119.65,0.26666666666666666,1262.65,-67.30000000000001,5.144,0.26666666666666666,4,-2.974484366345306,baixo
121,14,1163.05,83.075,121.05,0.2857142857142857,547.49,615.5600000000001,3.051428571428571,0.2857142857142857,4,-2.6367355623857844,baixo
122,23,106.8,4.643478260869565,9.05,0.21739130434782608,65.94,40.86,4.348260869565218,0.34782608695652173,5,-0.4530499705399362,medio
123,22,3307.35,150.33409090909092,221.95,0.3181818181818182,3305.29,2.0599999999998957,4.471363636363637,0.36363636363636365,4,0.011476681895915108,medio
124,17,101.7,5.982352941176471,9.7,0.29411764705882354,83.21000000000001,18.490000000000002,3.9829411764705878,0.29411764705882354,3,-3.1758887187656635,baixo
125,11,1704.85,154.98636363636362,225.7,0.2727272727272727,2568.61,-863.7600000000001,7.140909090909091,0.45454545454545453,7,-0.7215422057232599,medio
126,17,2770.95,162.99705882352941,231.15,0.5294117647058824,3445.27,-674.3199999999999,3.864705882352941,0.11764705882352941,4,-3.6490873595918383,baixo
127,11,1964.65,178.60454545454547,294.45,0.5454545454545454,1290.76,673.89,3.158181818181818,0.45454545454545453,2,-1.943630462453897,baixo
128,17,10910.0,641.7647058823529,970.05,0.29411764705882354,10972.28,-62.27999999999963,4.878823529411765,0.35294117647058826,3,1.7039089363838875,alto
129,14,1043.9,74.56428571428572,112.9,0.35714285714285715,802.86,241.04000000000002,4.801428571428572,0.14285714285714285,2,-5.092365945488471,baixo
130,22,7846.85,356.675,489.95,0.36363636363636365,4227.92,3618.93,3.8318181818181816,0.45454545454545453,10,6.835291801000149,alto
131,20,1641.0,82.05,123.65,0.35,705.2,935.8000000000001,5.5075,0.65,4,2.229618341536362,alto
132,14,2415.85,172.56071428571428,318.4,0.35714285714285715,1230.0,1185.85,3.2035714285714287,0.2857142857142857,4,-1.717198241064739,baixo
133,20,763.55,38.177499999999995,67.1,0.45,538.91,224.64000000000001,3.2255000000000003,0.4,3,-1.1961032482293699,baixo
134,16,513.2,32.075,66.6,0.3125,314.34000000000003,198.85999999999999,3.5775,0.3125,3,-2.9548163403168677,baixo
135,17,5892.85,346.6382352941177,455.6,0.35294117647058826,5860.81,32.040000000000134,4.4799999999999995,0.35294117647058826,4,0.161074150267331,medio
136,19,14370.65,756.35,964.45,0.2631578947368421,6686.1900000000005,7684.46,7.284736842105263,0.42105263157894735,6,9.006664128141573,alto
137,15,574.35,38.29,65.15,0.3333333333333333,750.4200000000001,-176.07,4.171333333333333,0.3333333333333333,4,-2.7027798597261192,baixo
138,24,4132.5,172.1875,247.05,0.4166666666666667,4476.9400000000005,-344.4400000000001,4.742083333333333,0.25,4,-0.6218302815231767,medio
139,20,106.65,5.3325000000000005,9.9,0.4,71.32,35.33,5.8835,0.25,6,-1.5850309343203652,baixo
140,19,1738.5,91.5,124.35,0.42105263157894735,2304.54,-566.0399999999998,4.629473684210526,0.2631578947368421,6,-1.41360333286959,baixo
141,23,4928.0,214.2608695652174,316.9,0.30434782608695654,2484.42,2443.58,4.026521739130435,0.17391304347826086,9,2.4255913281395545,alto
142,23,125.3,5.447826086956522,10.0,0.30434782608695654,109.75,15.549999999999997,3.933913043478261,0.5652173913043478,6,1.9839549977325242,alto
143,18,1252.3,69.57222222222222,121.85,0.3333333333333333,521.21,731.09,4.0488888888888885,0.05555555555555555,4,-3.8945156944647543,baixo
144,16,3516.15,219.759375,306.65,0.375,2424.69,1091.46,3.781875,0.375,5,0.26956022108818317,medio
145,25,1147.75,45.91,68.55,0.24,391.04,756.71,3.9676,0.28,7,0.9149917007137957,alto
146,13,2415.3,185.7923076923077,271.9,0.3076923076923077,2764.22,-348.92,3.391538461538462,0.38461538461538464,5,-1.313223973330965,baixo
147,20,1530.7,76.535,112.9,0.55,1520.02,10.680000000000021,3.5725000000000002,0.3,2,-2.4079731325766853,baixo
148,16,5855.35,365.959375,469.35,0.375,7003.79,-1148.4399999999998,3.904375,0.3125,5,-0.48961559941955896,medio
149,24,762.1,31.754166666666666,66.55,0.4166666666666667,537.54,224.56,3.5866666666666664,0.4583333333333333,3,0.19362757108685658,medio
150,16,192.95,12.059375,22.2,0.375,181.60000000000002,11.35,5.07625,0.4375,4,-1.5993687275730228,baixo
151,25,2077.55,83.102,122.4,0.4,1962.72,114.83000000000004,4.8844,0.28,7,0.8301790298213015,alto
152,19,6513.75,342.82894736842104,492.65,0.42105263157894735,6071.54,442.21,4.342105263157895,0.42105263157894735,5,1.8692496341107028,alto
153,21,4551.75,216.75,319.95,0.3333333333333333,2077.27,2474.48,5.45,0.38095238095238093,9,3.9201825907000343,alto
154,25,328.6,13.144,24.8,0.4,727.91,-399.31,4.518,0.32,4,-0.8772357649560918,medio
155,24,4209.3,175.38750000000002,249.8,0.20833333333333334,1585.94,2623.36,6.076250000000001,0.2916666666666667,7,2.6823985012742,alto
156,25,142.1,5.684,9.95,0.24,129.59,12.509999999999996,6.26,0.48,6,1.646253986624433,alto
157,16,2327.1,145.44375,246.95,0.4375,1705.48,621.62,5.3325,0.5625,3,0.35610992745100845,medio
158,19,271.15,14.271052631578947,25.0,0.2631578947368421,408.36,-137.20999999999998,6.595789473684211,0.2631578947368421,8,-0.8371058782718015,medio
159,17,11464.85,674.4029411764706,983.3,0.35294117647058826,7099.24,4365.61,3.856470588235294,0.29411764705882354,6,5.060137371282802,alto
160,23,3881.9,168.77826086956523,243.15,0.2608695652173913,1744.92,2136.98,4.544347826086956,0.34782608695652173,13,5.314415425644373,alto
161,22,7533.45,342.42954545454546,482.8,0.2727272727272727,3387.84,4145.61,4.415909090909091,0.3181818181818182,6,3.9981393181043456,alto
162,23,5035.35,218.92826086956524,313.6,0.391304347826087,8095.27,-3059.92,5.003043478260869,0.30434782608695654,4,-1.465524932930074,baixo
163,39,7466.65,191.45256410256408,300.5,0.38461538461538464,6899.63,567.0199999999998,4.498974358974359,0.358974358974359,4,4.360558485195869,alto
164,19,102.0,5.368421052631579,9.9,0.3157894736842105,50.67,51.33,3.6052631578947367,0.3684210526315789,5,-1.148728159885205,medio
165,19,1507.6,79.34736842105262,124.4,0.15789473684210525,338.44,1169.16,4.79,0.47368421052631576,10,3.127335380068459,alto
166,16,2685.8,167.8625,223.85,0.375,2144.94,540.86,6.653125,0.4375,5,0.19576587591195826,medio
167,17,11965.1,703.8294117647059,976.2,0.35294117647058826,7489.0199999999995,4476.08,2.9964705882352938,0.35294117647058826,4,4.983253532785064,alto
168,26,4182.1,160.85000000000002,248.25,0.3076923076923077,4115.43,66.67000000000013,4.436153846153847,0.38461538461538464,4,1.207843253646113,alto
169,23,849.55,36.93695652173913,68.9,0.34782608695652173,409.94,439.61,4.046521739130435,0.34782608695652173,6,0.4216716255618122,medio
170,13,2442.75,187.90384615384616,298.25,0.23076923076923078,1518.18,924.5699999999999,4.131538461538462,0.38461538461538464,9,1.1394207031968306,alto
171,20,7556.2,377.81,494.85,0.45,24810.010000000002,-17253.81,6.530500000000001,0.3,4,-8.62476272459695,baixo
172,24,96.2,4.008333333333334,9.95,0.3333333333333333,34.18,62.019999999999996,4.797083333333333,0.4583333333333333,4,0.35646870121428165,medio
173,16,605.35,37.834375,66.75,0.25,310.44,294.90999999999997,5.021875,0.4375,5,-0.830761259350468,medio
174,21,3811.95,181.52142857142857,248.05,0.38095238095238093,4414.18,-602.2300000000001,5.853809523809524,0.23809523809523808,4,-1.476373468934971,baixo
175,21,4599.1,219.00476190476192,319.25,0.3333333333333333,4074.63,524.47,4.5685714285714285,0.3333333333333333,5,0.699071259426548,medio
176,13,138.4,10.646153846153847,24.7,0.38461538461538464,85.27000000000001,53.129999999999995,2.5984615384615384,0.3076923076923077,3,-3.8963210192584667,baixo
177,21,835.0,39.76190476190476,69.4,0.42857142857142855,1771.8899999999999,-936.8900000000001,5.471904761904762,0.3333333333333333,5,-1.312314333956951,baixo
178,13,9196.95,707.4576923076924,988.4,0.5384615384615384,17521.73,-8324.779999999999,6.374615384615385,0.38461538461538464,3,-2.837702120667992,baixo
179,23,908.7,39.50869565217391,68.4,0.2608695652173913,576.04,332.66,5.502608695652174,0.2608695652173913,4,-1.2999806320214242,baixo
180,24,988.6,41.19166666666667,69.0,0.4166666666666667,831.82,156.78,4.1120833333333335,0.4166666666666667,4,0.278792059025425,medio
181,17,11574.95,680.8794117647059,998.15,0.4117647058823529,11283.08,291.8700000000006,4.11,0.35294117647058826,3,2.161566323249669,alto
182,21,3562.2,169.62857142857143,247.95,0.14285714285714285,1545.72,2016.48,5.112380952380953,0.38095238095238093,7,2.4714579048036693,alto
183,28,2276.2,81.29285714285713,121.8,0.35714285714285715,2183.8,92.40000000000009,4.892142857142857,0.2857142857142857,8,1.9709557643178872,alto
184,25,1887.75,75.51,109.35,0.44,2751.95,-864.1999999999999,5.37,0.44,3,-0.028419840618756353,medio
185,21,3501.0,166.71428571428572,238.4,0.38095238095238093,5230.85,-1729.85,4.366190476190476,0.38095238095238093,4,-0.8602556780995314,medio
186,26,2122.8,81.64615384615385,124.25,0.46153846153846156,1559.0800000000002,563.72,5.421538461538462,0.3076923076923077,4,0.21695498080973297,medio
187,22,126.8,5.763636363636364,9.45,0.45454545454545453,141.39,-14.590000000000005,4.676363636363636,0.4090909090909091,6,0.3064508121684365,medio
188,16,5744.35,359.021875,467.0,0.4375,11860.17,-6115.820000000001,4.643125,0.3125,6,-2.7363813988809063,baixo
189,11,3413.55,310.32272727272726,486.8,0.2727272727272727,1123.88,2289.67,6.004545454545454,0.2727272727272727,2,-1.8541557118032324,baixo
190,24,7668.05,319.50208333333336,475.1,0.3333333333333333,4261.93,3406.12,5.024583333333333,0.375,5,3.978886210751815,alto
191,28,845.2,30.185714285714287,66.55,0.21428571428571427,243.79,601.41,4.876071428571429,0.25,9,2.0003438309719126,alto
192,21,903.3,43.01428571428571,66.45,0.19047619047619047,191.91000000000003,711.39,4.682857142857143,0.38095238095238093,9,1.7864201619974878,alto
193,19,4208.95,221.5236842105263,316.35,0.21052631578947367,2778.87,1430.0800000000002,4.660526315789474,0.3157894736842105,6,1.028127603457663,alto
194,29,1152.05,39.72586206896552,69.9,0.3448275862068966,753.3100000000001,398.74,5.149310344827586,0.27586206896551724,5,0.6594439766132226,medio
195,15,2467.65,164.51000000000002,227.2,0.7333333333333333,3744.92,-1277.27,3.518666666666667,0.13333333333333333,2,-5.143184114963384,baixo
196,25,865.3,34.611999999999995,69.95,0.24,520.94,344.36,3.6992000000000003,0.32,5,0.10616955572191056,medio
197,20,3068.25,153.4125,239.0,0.3,2583.98,484.27,5.1235,0.35,5,0.15545213872448474,medio
198,26,2020.7,77.71923076923078,120.35,0.4230769230769231,1222.71,797.99,4.596153846153846,0.3076923076923077,3,-0.12598727119259645,medio
199,14,396.5,28.321428571428573,60.15,0.35714285714285715,171.51999999999998,224.98,3.0435714285714286,0.07142857142857142,4,-5.197407832456527,baixo
200,24,16919.85,704.99375,995.9,0.4166666666666667,28879.18,-11959.33,6.05375,0.375,3,-2.410109569611692,baixo
201,19,3096.65,162.98157894736843,243.35,0.631578947368421,5017.03,-1920.38,3.891578947368421,0.3157894736842105,2,-2.9168649852061064,baixo
202,24,110.15,4.589583333333334,9.55,0.4166666666666667,87.81,22.339999999999996,4.447916666666667,0.2916666666666667,5,-0.7570682341060972,medio
203,15,2545.7,169.7133333333333,224.35,0.06666666666666667,210.63,2335.07,6.283333333333333,0.4,12,3.6745577172219526,alto
204,31,21158.05,682.5177419354839,994.05,0.41935483870967744,15688.08,5469.97,4.35258064516129,0.4838709677419355,8,11.469745642986252,alto
205,36,525.65,14.601388888888888,24.5,0.3611111111111111,559.22,-33.57,5.823055555555555,0.4166666666666667,10,5.325052120672216,alto
206,24,975.05,40.62708333333333,68.75,0.25,569.63,405.42,6.039166666666667,0.2916666666666667,5,-0.305240206135329,medio
207,17,284.35,16.726470588235294,24.5,0.29411764705882354,83.66,200.69,5.270588235294118,0.4117647058823529,8,0.2815703417222819,medio
208,18,1485.15,82.50833333333334,122.75,0.3888888888888889,1159.79,325.35999999999996,3.158888888888889,0.16666666666666666,3,-3.4367836160824883,baixo
209,18,3746.4,208.13333333333333,313.05,0.2222222222222222,1306.46,2439.94,5.598888888888889,0.3888888888888889,6,1.9224537570643363,alto
210,18,5976.45,332.025,442.25,0.3333333333333333,3992.3,1984.1499999999999,4.232777777777778,0.4444444444444444,3,1.725031583409346,alto
211,18,599.95,33.330555555555556,67.55,0.3333333333333333,349.03000000000003,250.92000000000002,4.483333333333333,0.2777777777777778,5,-1.9098805800438066,baixo
212,15,197.5,13.166666666666666,24.6,0.4,82.07,115.43,3.6613333333333333,0.3333333333333333,6,-1.840261851570826,baixo
213,25,349.35,13.974,24.5,0.4,280.08,69.27,3.6308,0.28,6,-0.11065744307745295,medio
214,17,2842.9,167.2294117647059,210.75,0.5882352941176471,2619.44,223.45999999999995,5.555882352941176,0.23529411764705882,2,-2.9388184944088414,baixo
215,16,577.7,36.10625,65.4,0.5625,680.23,-102.53,2.9856249999999998,0.1875,2,-4.68015896891735,baixo
216,16,2561.75,160.109375,243.2,0.375,1404.75,1157.0,4.349375,0.3125,6,-0.24252801939612706,medio
217,20,7582.3,379.115,494.0,0.45,9659.15,-2076.85,6.003,0.45,6,1.7121073060573806,alto
218,19,4392.05,231.1605263157895,315.15,0.3157894736842105,6719.049999999999,-2327.0,6.487368421052632,0.42105263157894735,5,-0.3714764915405888,medio
219,21,3192.9,152.04285714285714,245.2,0.42857142857142855,7311.54,-4118.64,5.734761904761904,0.23809523809523808,4,-3.5478536287005755,baixo
220,19,732.15,38.53421052631579,65.0,0.6842105263157895,862.65,-130.5,3.212105263157895,0.42105263157894735,2,-1.8526160443844741,baixo
221,22,1584.05,72.00227272727273,119.4,0.3181818181818182,738.52,845.53,6.802727272727273,0.3181818181818182,5,-0.05880789086244176,medio
222,13,1064.35,81.87307692307692,122.5,0.38461538461538464,576.52,487.83,4.759230769230769,0.38461538461538464,5,-1.5845965215747104,baixo
223,20,877.25,43.8625,68.6,0.4,708.62,168.63,3.3555,0.35,6,-0.32665432584186505,medio
224,15,2817.8,187.85333333333335,267.15,0.4666666666666667,3481.3500000000004,-663.5500000000002,4.342,0.3333333333333333,3,-2.3717202060698557,baixo
225,23,125.4,5.452173913043478,9.45,0.34782608695652173,114.09,11.310000000000002,4.796521739130435,0.391304347826087,11,2.5799056134183287,alto
226,8,1436.8,179.6,243.7,0.375,4689.75,-3252.9500000000003,7.26125,0.375,2,-5.428818682339955,baixo
227,15,1178.85,78.58999999999999,116.6,0.4,795.84,383.01000000000005,3.4486666666666665,0.4,3,-1.953704428210923,baixo
228,25,1004.3,40.172,69.75,0.28,314.14,690.16,5.01,0.32,9,2.089660815927763,alto
229,14,202.95000000000002,14.496428571428572,24.25,0.42857142857142855,266.49,-63.54,4.326428571428571,0.2857142857142857,2,-4.350769716718917,baixo
230,17,88.5,5.205882352941177,9.85,0.4117647058823529,49.78,38.72,4.08235294117647,0.4117647058823529,4,-1.6453122816409333,baixo
231,25,3930.6,157.224,249.95,0.48,3256.11,674.49,3.1812,0.28,3,-0.12323210126891748,medio
232,22,827.1,37.595454545454544,69.9,0.4090909090909091,612.5,214.60000000000002,5.106363636363636,0.22727272727272727,5,-1.4693578075129397,baixo
233,20,7271.1,363.555,496.15,0.25,1970.6699999999998,5300.43,5.516,0.45,5,5.084332329815978,alto
234,20,778.0,38.9,69.7,0.4,1271.39,-493.39,5.9315,0.5,5,0.23017917001443466,medio
235,21,3239.85,154.2785714285714,237.45,0.47619047619047616,3766.21,-526.36,3.5238095238095237,0.2857142857142857,4,-1.1846628528697274,medio
236,21,3078.35,146.58809523809524,240.15,0.47619047619047616,3478.01,-399.6600000000001,4.243809523809524,0.2857142857142857,3,-1.610690058642425,baixo
237,20,3991.5,199.575,318.75,0.45,6489.67,-2498.17,4.7410000000000005,0.4,4,-1.0904894747364602,medio
238,23,3511.45,152.6717391304348,229.55,0.391304347826087,2423.8,1087.65,3.773913043478261,0.391304347826087,4,1.0835512074254632,alto
239,22,1716.9,78.0409090909091,122.0,0.4090909090909091,887.67,829.23,5.023181818181818,0.5,6,2.091029623440805,alto
240,12,4299.5,358.2916666666667,472.6,0.3333333333333333,4270.95,28.549999999999955,5.765,0.16666666666666666,5,-2.157928619860917,baixo
241,20,89.9,4.495,8.45,0.3,75.68,14.220000000000002,5.281000000000001,0.35,4,-1.5606500033145365,baixo
242,22,1838.9,83.58636363636364,124.85,0.45454545454545453,4008.88,-2169.98,4.738181818181818,0.0,3,-5.395892467446363,baixo
243,16,3355.25,209.703125,289.55,0.4375,12939.49,-9584.24,5.603125,0.5,3,-5.200181741639037,baixo
244,13,66.45,5.111538461538462,9.95,0.23076923076923078,15.97,50.480000000000004,8.453076923076923,0.6153846153846154,4,-0.6582904290785319,medio
245,19,228.95,12.049999999999999,23.95,0.42105263157894735,140.27,88.68,3.1542105263157896,0.3157894736842105,3,-2.4488861161726425,baixo
246,25,305.55,12.222000000000001,22.65,0.44,371.16,-65.61,5.04,0.24,4,-1.4439562460982707,baixo
247,24,1910.15,79.58958333333334,120.65,0.4166666666666667,1847.6100000000001,62.54000000000001,4.003333333333333,0.125,5,-1.7558070689690455,baixo
248,22,1765.2,80.23636363636363,118.55,0.45454545454545453,2206.68,-441.48,6.597727272727273,0.3181818181818182,3,-1.566633584036811,baixo
249,20,102.45,5.1225000000000005,9.9,0.25,30.97,71.48,5.955,0.4,5,-0.6244939043961357,medio
250,22,125.89999999999999,5.722727272727273,9.85,0.4090909090909091,121.75,4.149999999999996,4.0645454545454545,0.3181818181818182,5,-0.9625022478583005,medio
251,19,1729.05,91.00263157894737,121.8,0.47368421052631576,2157.0,-427.9500000000001,3.88,0.2631578947368421,4,-2.224383312084745,baixo
252,20,6633.65,331.6825,491.85,0.5,9392.210000000001,-2758.5599999999995,4.813000000000001,0.2,4,-2.162856137393179,baixo
253,24,1056.05,44.00208333333333,66.9,0.5,1830.61,-774.56,5.4725,0.3333333333333333,3,-1.4054695128640857,baixo
254,20,4498.05,224.9025,311.55,0.55,3928.42,569.6300000000001,3.3935000000000004,0.2,3,-1.5705172690243372,baixo
255,18,2949.5,163.86111111111111,245.7,0.5555555555555556,5179.24,-2229.7400000000002,3.4483333333333333,0.3333333333333333,3,-2.6970804141670635,baixo
256,23,363.0,15.782608695652174,24.9,0.2608695652173913,154.72,208.28,4.239565217391305,0.30434782608695654,8,0.63282803320055,medio
257,16,187.85,11.740625,23.0,0.25,159.26,28.59000000000001,5.908125,0.4375,9,0.6094079498156376,medio
258,16,1407.75,87.984375,124.3,0.5625,1757.76,-350.00999999999993,3.3874999999999997,0.375,3,-2.2849461536026627,baixo
259,14,2859.9,204.27857142857144,303.55,0.21428571428571427,593.76,2266.14,4.354285714285714,0.35714285714285715,8,1.4954070493553573,alto
260,23,1652.85,71.86304347826086,114.2,0.4782608695652174,1145.71,507.14,3.66,0.43478260869565216,3,0.17891237660290105,medio
261,28,135.0,4.821428571428571,9.25,0.42857142857142855,95.68,39.32,2.9274999999999998,0.21428571428571427,4,-1.0041948606349873,medio
262,15,2985.1,199.00666666666666,307.15,0.26666666666666666,1473.19,1511.91,2.8066666666666666,0.3333333333333333,6,0.1821027579929396,medio
263,13,483.85,37.21923076923077,66.15,0.5384615384615384,1099.62,-615.77,6.527692307692307,0.38461538461538464,3,-3.359348874161268,baixo
264,16,1410.45,88.153125,123.45,0.25,470.47,939.98,3.7643750000000002,0.3125,4,-1.7343149137224982,baixo
265,20,1607.5,80.375,122.55,0.25,662.85,944.65,4.3575,0.25,6,-0.5848643058605512,medio
266,24,807.0,33.625,66.45,0.5,964.8,-157.79999999999998,2.8925,0.2916666666666667,6,-0.21237667618899803,medio
267,14,682.9,48.778571428571425,68.9,0.35714285714285715,609.24,73.66,5.017142857142857,0.07142857142857142,4,-5.136866924700733,baixo
268,18,3643.5499999999997,202.41944444444442,310.7,0.5,3052.75,590.8,3.295,0.5,3,0.6040382286535065,medio
269,13,184.35000000000002,14.180769230769233,24.85,0.46153846153846156,272.48,-88.13000000000001,4.445384615384615,0.3076923076923077,3,-3.9470248812291437,baixo
270,22,875.0500000000001,39.775000000000006,66.7,0.5454545454545454,2106.65,-1231.6,5.7309090909090905,0.45454545454545453,3,-1.0078152613322116,medio
271,10,344.55,34.455,65.15,0.2,308.78000000000003,35.77,5.5,0.3,3,-4.484546312795391,baixo
272,25,870.65,34.826,66.2,0.4,532.55,338.09999999999997,4.4803999999999995,0.4,5,0.8419917616288595,alto
273,13,62.35,4.796153846153846,9.0,0.5384615384615384,127.48,-65.13000000000001,4.346153846153846,0.23076923076923078,3,-4.708762661642823,baixo
274,18,13022.0,723.4444444444445,953.15,0.3333333333333333,12699.52,322.48000000000036,4.505,0.16666666666666666,4,1.4178622235011933,alto
275,24,8050.2,335.425,497.5,0.5833333333333334,15546.49,-7496.29,3.702083333333333,0.25,5,-2.856833428922892,baixo
276,21,110.75,5.273809523809524,9.95,0.3333333333333333,271.78000000000003,-161.03,6.183333333333333,0.19047619047619047,5,-2.454959740986184,baixo
277,10,44.1,4.41,7.65,0.5,68.11,-24.009999999999998,3.9730000000000003,0.5,3,-2.879123439234138,baixo
278,16,5754.65,359.665625,468.2,0.375,5016.01,738.6399999999999,5.225,0.1875,5,-0.682925453904839,medio
279,20,108.05,5.4025,9.85,0.2,24.09,83.96,5.1975,0.35,10,1.1248325663488423,alto
280,18,2716.95,150.94166666666666,231.95,0.5,3574.68,-857.7299999999999,5.9222222222222225,0.3888888888888889,4,-1.1044607248994203,medio
281,11,3557.05,323.3681818181818,465.15,0.7272727272727273,5238.74,-1681.69,2.1,0.36363636363636365,2,-3.0361249523953595,baixo
282,25,285.55,11.422,24.4,0.36,370.56,-85.00999999999999,4.587199999999999,0.52,3,0.6817205663490926,medio
283,20,705.3,35.265,58.95,0.45,573.42,131.88,3.1485,0.15,4,-3.130324356628638,baixo
284,15,1356.55,90.43666666666667,121.45,0.26666666666666666,1192.48,164.07000000000005,5.589333333333333,0.3333333333333333,3,-2.603143552097841,baixo
285,12,3757.05,313.08750000000003,465.85,0.5833333333333334,2868.46,888.5899999999999,3.3533333333333335,0.3333333333333333,2,-1.7966680563354265,baixo
286,14,1287.25,91.94642857142857,120.7,0.21428571428571427,491.47999999999996,795.77,3.8892857142857147,0.2857142857142857,5,-2.0395007068048674,baixo
287,21,839.2,39.96190476190476,67.25,0.2857142857142857,702.07,137.12999999999994,4.620952380952382,0.23809523809523808,5,-1.618457741139152,baixo
288,17,2735.45,160.90882352941176,243.05,0.29411764705882354,2119.1099999999997,616.34,4.3994117647058815,0.35294117647058826,5,-0.36771282001096844,medio
289,20,721.8,36.089999999999996,69.95,0.45,497.19,224.61,3.109,0.2,5,-2.173961184148411,baixo
290,29,1148.5,39.60344827586207,68.85,0.3793103448275862,1093.47,55.03000000000003,4.140344827586207,0.3793103448275862,4,0.989502460531424,alto
291,15,3165.3,211.02,315.55,0.4666666666666667,5254.57,-2089.27,5.164000000000001,0.26666666666666666,4,-3.1440078804505776,baixo
292,17,221.1,13.005882352941176,23.7,0.4117647058823529,692.35,-471.25,6.521764705882354,0.4117647058823529,7,-0.5414493578385033,medio
293,17,84.5,4.970588235294118,9.55,0.35294117647058826,67.58,16.92,3.9747058823529406,0.23529411764705882,4,-3.285738411839458,baixo
294,20,3526.4,176.32,244.25,0.45,5582.7,-2056.3,5.3465,0.15,5,-2.8807965013386947,baixo
295,14,2242.1,160.15,245.85,0.5,1730.48,511.62,5.218571428571429,0.42857142857142855,6,0.037056027002230874,medio
296,26,986.45,37.940384615384616,69.7,0.34615384615384615,478.02,508.43,3.29,0.4230769230769231,6,1.8311388209448785,alto
297,26,975.1,37.503846153846155,67.9,0.5384615384615384,845.39,129.70999999999998,3.9496153846153845,0.23076923076923078,4,-1.0270748518283965,medio
298,20,1643.5,82.175,122.25,0.2,613.71,1029.79,6.709999999999999,0.35,5,-0.04549535688505173,medio
299,24,822.55,34.27291666666667,67.6,0.3333333333333333,1392.96,-570.4100000000001,3.72125,0.20833333333333334,4,-2.076281371662904,baixo
300,15,2815.1,187.67333333333332,299.2,0.4,3769.73,-954.6300000000001,4.808000000000001,0.26666666666666666,6,-1.8212614295161318,baixo
301,24,926.0,38.583333333333336,64.25,0.5,759.88,166.12,3.626666666666667,0.16666666666666666,3,-2.479809411641014,baixo
302,22,7545.15,342.9613636363636,487.3,0.4090909090909091,8620.68,-1075.5300000000002,5.154545454545455,0.2727272727272727,4,-0.07221710061514397,medio
303,22,750.4,34.10909090909091,69.85,0.36363636363636365,532.0,218.39999999999998,5.202727272727272,0.36363636363636365,5,-0.23395969525593477,medio
304,17,1267.55,74.56176470588235,122.9,0.35294117647058826,1038.33,229.22000000000003,5.0335294117647065,0.4117647058823529,3,-1.5066194483545505,baixo
305,25,149.45,5.978,9.85,0.52,176.48000000000002,-27.03,3.6212,0.48,4,0.7465456141898977,medio
306,13,555.65,42.74230769230769,65.35,0.23076923076923078,190.28,365.37,4.85,0.3076923076923077,4,-3.0689245087125454,baixo
307,22,14378.45,653.5659090909091,979.05,0.45454545454545453,16928.47,-2550.0199999999995,3.7318181818181824,0.22727272727272727,4,0.8651560228501445,alto
308,18,740.35,41.13055555555556,69.8,0.3333333333333333,482.38,257.97,4.1466666666666665,0.3888888888888889,4,-1.2682108965040888,baixo
309,19,733.05,38.58157894736842,67.35,0.3684210526315789,895.9300000000001,-162.88000000000005,4.044736842105263,0.3684210526315789,4,-1.4740810389013324,baixo
310,18,199.4,11.077777777777778,23.8,0.3333333333333333,116.23,83.17,3.0677777777777777,0.3333333333333333,5,-1.640051490948074,baixo
311,17,248.05,14.591176470588236,24.65,0.35294117647058826,378.23,-130.18,6.679411764705883,0.4117647058823529,5,-1.2300306455633556,baixo
312,22,1674.2,76.10000000000001,119.95,0.4090909090909091,959.0699999999999,715.13,2.5704545454545453,0.22727272727272727,4,-1.378490232734599,baixo
313,22,1887.6,85.8,123.5,0.5454545454545454,2114.09,-226.48999999999995,4.66,0.3181818181818182,3,-1.4140709600489376,baixo
314,24,4006.25,166.92708333333334,249.75,0.2916666666666667,1925.59,2080.66,3.7216666666666662,0.2916666666666667,6,1.895392570800512,alto
315,22,3433.8,156.0818181818182,238.65,0.2727272727272727,1394.17,2039.63,6.676818181818183,0.22727272727272727,5,0.31666770781405584,medio
316,16,85.5,5.34375,9.05,0.3125,85.42,0.08000000000000096,4.475625,0.375,5,-1.7875703010851791,baixo
317,17,2342.75,137.80882352941177,245.85,0.5294117647058824,5085.19,-2742.4399999999996,5.946470588235294,0.47058823529411764,3,-2.1074033684004663,baixo
318,21,313.25,14.916666666666666,24.6,0.23809523809523808,161.3,151.95,4.122857142857143,0.3333333333333333,9,0.8564975024661038,alto
319,24,3319.3,138.30416666666667,234.8,0.4166666666666667,4303.0,-983.7,4.980416666666667,0.125,3,-2.787911798398221,baixo
320,16,2769.8,173.1125,249.45,0.25,1411.75,1358.05,5.366875,0.3125,4,-0.9268418674141397,medio
321,20,6543.5,327.175,429.55,0.4,6435.33,108.16999999999973,5.1755,0.4,8,2.934911255693457,alto
322,22,939.35,42.69772727272727,69.15,0.3181818181818182,472.38,466.97,6.745454545454546,0.36363636363636365,5,-0.04271378372086923,medio
323,17,3558.3,209.31176470588235,317.25,0.47058823529411764,4712.25,-1153.95,3.9600000000000004,0.35294117647058826,3,-1.855572414562782,baixo
324,21,1432.5,68.21428571428571,118.0,0.5238095238095238,1612.32,-179.82,2.7404761904761905,0.2857142857142857,2,-2.4742110490158558,baixo
325,21,1403.45,66.83095238095238,124.5,0.23809523809523808,1042.4099999999999,361.03999999999996,5.896190476190476,0.23809523809523808,13,2.208530915528223,alto
326,24,1939.45,80.81041666666667,120.1,0.2916666666666667,950.4399999999999,989.01,5.459583333333334,0.5,8,3.523802107906841,alto
327,19,762.15,40.113157894736844,67.45,0.3684210526315789,440.95,321.2,2.028421052631579,0.21052631578947367,6,-1.7815319181350222,baixo
328,29,2150.5,74.15517241379311,124.95,0.4827586206896552,2105.17,45.32999999999999,3.529310344827586,0.3448275862068966,7,2.225521802922061,alto
329,17,2995.85,176.2264705882353,245.15,0.17647058823529413,718.08,2277.77,6.7952941176470585,0.29411764705882354,5,0.0781849038828697,medio
330,21,7542.5,359.1666666666667,485.3,0.3333333333333333,12690.259999999998,-5147.76,6.301904761904762,0.19047619047619047,4,-3.1067436944335807,baixo
331,21,7246.45,345.06904761904764,497.45,0.2857142857142857,3709.73,3536.72,6.780952380952381,0.3333333333333333,4,2.7277521749151314,alto
332,21,815.8000000000001,38.84761904761905,67.65,0.3333333333333333,814.2,1.6000000000000512,4.306666666666667,0.38095238095238093,5,-0.3808713396018973,medio
333,18,686.0,38.111111111111114,69.35,0.4444444444444444,726.1,-40.09999999999999,4.782777777777778,0.5555555555555556,3,-0.3509298462970314,medio
334,19,819.6,43.136842105263156,67.7,0.5263157894736842,1004.85,-185.24999999999997,3.313684210526316,0.42105263157894735,4,-0.9692710467991765,medio
335,11,483.05,43.913636363636364,68.4,0.36363636363636365,193.06,289.99,4.533636363636363,0.2727272727272727,4,-3.871386525237748,baixo
336,17,92.1,5.417647058823529,9.4,0.4117647058823529,87.08,5.02,4.979411764705882,0.4117647058823529,6,-0.7810341847602578,medio
337,23,3502.95,152.30217391304348,245.65,0.34782608695652173,2157.87,1345.08,5.815217391304348,0.21739130434782608,5,0.05450947414752849,medio
338,23,3472.9500000000003,150.99782608695654,247.8,0.391304347826087,3678.69,-205.74,4.750869565217391,0.34782608695652173,4,-0.016111620133677687,medio
339,13,200.9,15.453846153846154,24.1,0.46153846153846156,157.44,43.46000000000001,3.93,0.46153846153846156,4,-2.009369480585706,baixo
340,21,1389.3,66.15714285714286,111.7,0.19047619047619047,296.37,1092.93,3.912857142857143,0.47619047619047616,7,2.146048867291712,alto
341,14,563.25,40.232142857142854,69.0,0.5,678.0699999999999,-114.82000000000002,3.8835714285714285,0.42857142857142855,5,-1.5623443878119683,baixo
342,25,916.65,36.666,65.9,0.52,904.6700000000001,11.980000000000018,3.2612,0.28,4,-0.8654830068395603,medio
343,25,9114.5,364.58,490.3,0.36,7086.62,2027.8800000000003,4.4828,0.2,5,2.167525752088082,alto
344,18,627.85,34.88055555555556,67.15,0.2777777777777778,234.87,392.98,3.332222222222222,0.2777777777777778,5,-1.8237205260357054,baixo
345,24,1851.0,77.125,120.25,0.2916666666666667,1468.58,382.42,5.3325000000000005,0.4583333333333333,4,1.0304545860427508,alto
346,29,5791.85,199.7189655172414,307.4,0.2413793103448276,3134.59,2657.26,4.651034482758621,0.20689655172413793,9,4.087287271432465,alto
347,25,4895.4,195.81599999999997,319.25,0.24,5315.08,-419.68,6.5992,0.36,8,2.5007707776818657,alto
348,14,1171.6,83.68571428571428,120.95,0.42857142857142855,996.59,175.01000000000002,3.9528571428571433,0.35714285714285715,3,-2.6483316363558336,baixo
349,15,556.65,37.11,69.5,0.3333333333333333,366.31,190.34000000000003,3.8153333333333337,0.2,4,-3.74568061775311,baixo
350,17,3904.1,229.6529411764706,306.5,0.23529411764705882,2277.2400000000002,1626.8600000000001,4.431764705882353,0.47058823529411764,7,2.608370832949706,alto
351,23,366.0,15.91304347826087,24.9,0.5217391304347826,369.19,-3.1900000000000013,2.960869565217391,0.34782608695652173,3,-1.279537054639117,baixo
352,18,578.2,32.12222222222223,65.3,0.5555555555555556,2084.41,-1506.21,5.455555555555556,0.3333333333333333,2,-3.6606401569720384,baixo
353,28,10138.75,362.0982142857143,496.75,0.4642857142857143,6767.92,3370.83,3.4385714285714286,0.2857142857142857,3,3.445725710707921,alto
354,25,4260.4,170.416,244.15,0.24,2419.6400000000003,1840.76,6.8872,0.44,6,3.38376879841295,alto
355,22,3749.1,170.41363636363636,249.95,0.3181818181818182,1448.73,2300.37,4.488181818181818,0.4090909090909091,6,2.670842603097128,alto
356,19,1602.3,84.33157894736841,123.1,0.3684210526315789,1405.36,196.94,4.066842105263158,0.3157894736842105,5,-1.0126455712635,medio
357,20,734.3,36.714999999999996,69.15,0.25,243.64,490.66,3.1195,0.5,7,1.618708310953592,alto
358,27,5481.55,203.0203703703704,317.6,0.5185185185185185,6317.17,-835.62,5.847407407407407,0.4444444444444444,5,2.2350422454227417,alto
359,23,884.2,38.44347826086957,69.75,0.5217391304347826,1080.91,-196.70999999999998,4.769565217391304,0.17391304347826086,3,-2.830773230173608,baixo
360,20,605.35,30.267500000000002,63.8,0.35,566.79,38.55999999999998,4.2455,0.35,8,0.39129571760968057,medio
361,25,854.9,34.196,67.45,0.44,1094.6100000000001,-239.70999999999998,5.4852,0.36,5,0.16180495469773792,medio
362,23,891.15,38.745652173913044,67.65,0.2608695652173913,497.25,393.9,3.9217391304347826,0.30434782608695654,5,-0.4314266256760647,medio
363,19,113.8,5.989473684210526,9.5,0.2631578947368421,43.0,70.8,4.899473684210527,0.2631578947368421,5,-2.1047279297731896,baixo
364,24,1876.3,78.17916666666666,124.9,0.375,1396.13,480.16999999999996,3.7062500000000003,0.375,6,1.2019698242720114,alto
365,23,4852.0,210.95652173913044,309.9,0.43478260869565216,3869.71,982.2900000000001,4.59304347826087,0.30434782608695654,5,1.0676736460530905,alto
366,25,1033.85,41.354,66.85,0.56,1980.26,-946.41,3.424,0.24,3,-2.151607872424902,baixo
367,21,6857.05,326.5261904761905,473.4,0.23809523809523808,2649.67,4207.38,4.477142857142857,0.23809523809523808,9,4.279971598411171,alto
368,26,5353.8,205.91538461538462,299.25,0.46153846153846156,5651.06,-297.25999999999993,3.569230769230769,0.3076923076923077,4,0.6156573366109369,medio
369,28,4860.05,173.5732142857143,247.4,0.2857142857142857,3020.08,1839.97,4.7575,0.5,12,7.272636992416681,alto
370,16,689.55,43.096875,66.85,0.3125,485.52,204.02999999999997,6.205,0.1875,5,-3.1480232397464087,baixo
371,19,3223.7,169.66842105263157,241.65,0.3684210526315789,2771.57,452.1299999999999,6.916315789473684,0.47368421052631576,5,1.1668200741634043,alto
372,19,3810.95,200.57631578947368,285.0,0.2631578947368421,2827.88,983.07,5.233157894736842,0.47368421052631576,3,0.7811448390824769,alto
373,18,262.95,14.608333333333333,23.55,0.3333333333333333,96.56,166.39000000000001,3.7722222222222226,0.3333333333333333,4,-2.0118722703357963,baixo
374,19,3174.1,167.0578947368421,239.0,0.47368421052631576,3584.78,-410.68000000000006,4.627894736842106,0.2631578947368421,3,-2.13157698038072,baixo
375,20,83.9,4.195,8.8,0.35,90.63,-6.730000000000002,4.3155,0.4,5,-0.6724395690753735,medio
376,20,603.1,30.155,62.95,0.35,416.24,186.86,4.1965,0.45,6,0.5106847064317687,medio
377,20,3598.2,179.91,249.45,0.35,2307.06,1291.1399999999999,4.106,0.3,7,1.1864053726450867,alto
378,16,669.2,41.825,65.7,0.3125,293.29,375.91,4.603125,0.375,6,-0.8961746470677631,medio
379,14,9582.25,684.4464285714286,957.7,0.2857142857142857,5124.58,4457.67,3.2592857142857143,0.2857142857142857,7,4.869018197373853,alto
380,10,446.45,44.644999999999996,58.85,0.6,351.97,94.48,2.027,0.4,2,-3.901416479907606,baixo
381,21,850.3,40.49047619047619,69.25,0.5714285714285714,1082.95,-232.64999999999995,3.6500000000000004,0.19047619047619047,5,-2.250383937092649,baixo
382,19,1525.8,80.30526315789473,122.8,0.42105263157894735,1474.35,51.45,3.406842105263158,0.3684210526315789,3,-1.5131022073205893,baixo
383,14,165.35,11.810714285714285,22.85,0.35714285714285715,169.62,-4.269999999999999,4.837142857142857,0.35714285714285715,3,-3.238781222945538,baixo
384,21,1633.6,77.79047619047618,123.35,0.38095238095238093,747.24,886.36,4.243333333333333,0.5238095238095238,5,1.6748074661501988,alto
385,25,3958.55,158.342,246.05,0.32,3314.93,643.62,3.8644,0.16,9,1.4037324001119458,alto
386,19,638.9,33.626315789473686,61.95,0.3684210526315789,415.0,223.9,4.647368421052631,0.5789473684210527,3,0.1981726602413445,medio
387,18,1362.7,75.70555555555556,119.0,0.4444444444444444,3259.11,-1896.4099999999999,5.9,0.2777777777777778,5,-2.758879125310017,baixo
388,12,3334.75,277.8958333333333,451.65,0.4166666666666667,2694.95,639.8,4.854166666666667,0.5,2,-0.6344951684916627,medio
389,10,347.8,34.78,62.75,0.3,284.78999999999996,63.00999999999999,3.753,0.5,3,-2.6236487605298215,baixo
390,14,4741.45,338.675,464.95,0.35714285714285715,3138.2,1603.2499999999998,3.8535714285714286,0.14285714285714285,4,-1.668228707760755,baixo
391,21,699.35,33.30238095238095,67.5,0.42857142857142855,542.37,156.98000000000002,5.168571428571429,0.5714285714285714,3,0.5391240517991296,medio
392,19,4208.7,221.51052631578946,314.8,0.5263157894736842,4037.71,170.99,2.932105263157895,0.10526315789473684,3,-2.903293582131109,baixo
393,17,649.95,38.23235294117647,68.85,0.35294117647058826,827.31,-177.35999999999999,7.303529411764706,0.29411764705882354,6,-1.736672074909749,baixo
394,25,8685.1,347.404,489.95,0.36,8499.35,185.75000000000006,5.0192000000000005,0.32,4,1.7365539479950116,alto
395,27,981.85,36.364814814814814,67.2,0.3333333333333333,589.07,392.78000000000003,5.60962962962963,0.37037037037037035,7,1.9372295777897395,alto
396,20,3283.65,164.1825,247.35,0.45,3445.0899999999997,-161.44,4.618,0.5,4,0.8293427973153173,alto
397,27,5484.3,203.12222222222223,312.85,0.2962962962962963,3722.92,1761.38,4.524814814814815,0.4444444444444444,5,3.6156150248556695,alto
398,15,200.54999999999998,13.37,24.65,0.26666666666666666,64.75,135.8,6.244666666666666,0.4666666666666667,4,-1.4793061284145035,baixo
399,19,115.05,6.0552631578947365,9.85,0.2631578947368421,48.01,67.04,4.579473684210527,0.2631578947368421,6,-1.6659099612696115,baixo
400,15,58.25,3.8833333333333333,9.7,0.6,237.57999999999998,-179.33,4.969333333333333,0.26666666666666666,2,-4.437014590662633,baixo
401,23,834.5,36.28260869565217,69.05,0.391304347826087,1150.16,-315.66,4.547826086956522,0.43478260869565216,6,0.8176832814516395,alto
402,18,6461.1,358.95000000000005,483.05,0.4444444444444444,7268.34,-807.24,5.150555555555556,0.3888888888888889,2,-0.5252580176757117,medio
403,16,5873.6,367.1,455.75,0.4375,5938.86,-65.2600000000001,6.640625,0.375,3,-0.21064538606673966,medio
404,24,327.6,13.65,22.45,0.25,175.94,151.66,5.215,0.3333333333333333,7,0.638996863714719,medio
405,18,1431.8,79.54444444444444,122.25,0.5,1459.26,-27.460000000000022,3.751666666666667,0.3333333333333333,3,-2.107847760371851,baixo
406,22,4821.05,219.13863636363638,317.0,0.3181818181818182,3322.35,1498.7,5.411818181818182,0.5454545454545454,4,2.9572601767279276,alto
407,12,1029.95,85.82916666666667,122.0,0.3333333333333333,758.39,271.56,4.879166666666667,0.5833333333333334,8,1.2571638019079472,alto
408,22,863.65,39.25681818181818,68.85,0.36363636363636365,424.6,439.05,4.429545454545455,0.22727272727272727,8,-0.01756645395938894,medio
409,15,4865.45,324.36333333333334,496.55,0.3333333333333333,4727.94,137.5100000000001,6.699333333333333,0.4666666666666667,5,1.1045944027351462,alto
410,24,8766.1,365.25416666666666,491.25,0.5,7899.08,867.0200000000001,2.815,0.3333333333333333,5,2.560789116169961,alto
411,19,6437.95,338.83947368421053,478.25,0.47368421052631576,9367.27,-2929.32,3.7315789473684213,0.21052631578947367,3,-2.771612865278607,baixo
412,17,1273.45,74.90882352941176,105.5,0.35294117647058826,779.46,493.99,4.747647058823529,0.17647058823529413,4,-3.0928141804612297,baixo
413,14,414.1,29.57857142857143,56.8,0.21428571428571427,199.97,214.13,5.1207142857142856,0.5714285714285714,7,0.7370382986979054,medio
414,18,3193.1,177.39444444444445,247.6,0.3888888888888889,1772.39,1420.71,4.013333333333333,0.3888888888888889,6,1.1691239007609062,alto
415,22,4198.1,190.8227272727273,307.75,0.4090909090909091,4291.86,-93.76000000000006,4.0249999999999995,0.2727272727272727,5,-0.15838719582193173,medio
416,30,21602.6,720.0866666666666,987.45,0.5,30993.55,-9390.95,5.302666666666667,0.3333333333333333,5,0.8992699012167759,alto
417,17,6439.25,378.77941176470586,498.55,0.29411764705882354,5263.0199999999995,1176.2300000000005,4.51,0.35294117647058826,6,1.8711856156221827,alto
418,14,1057.0,75.5,124.7,0.42857142857142855,818.14,238.86,4.663571428571429,0.5,3,-1.3535276547488624,baixo
419,28,6147.45,219.5517857142857,312.55,0.2857142857142857,5312.17,835.28,5.386785714285715,0.39285714285714285,5,2.985093931589797,alto
420,23,1698.0,73.82608695652173,123.85,0.391304347826087,1808.01,-110.01,3.9556521739130437,0.17391304347826086,4,-2.100571037334365,baixo
421,20,860.8,43.04,62.4,0.4,1047.94,-187.14000000000001,5.9719999999999995,0.3,5,-1.422762031279141,baixo
422,22,873.3000000000001,39.695454545454545,67.6,0.45454545454545453,870.31,2.990000000000009,5.34909090909091,0.2727272727272727,3,-2.0289169895601153,baixo
423,25,1104.05,44.162,68.1,0.4,1224.39,-120.34,4.6824,0.24,7,0.06810628459043433,medio
424,20,3045.6,152.28,244.2,0.45,3084.16,-38.559999999999945,5.021,0.3,5,-0.5911932813330733,medio
425,21,714.95,34.0452380952381,62.65,0.47619047619047616,1057.2,-342.25,4.280952380952381,0.47619047619047616,2,-1.039560976014661,medio
426,16,2348.35,146.771875,217.8,0.625,3200.6,-852.2499999999998,3.63,0.3125,2,-3.1634487906561466,baixo
427,26,1032.95,39.728846153846156,68.5,0.5384615384615384,1405.12,-372.16999999999996,5.414615384615384,0.2692307692307692,3,-1.3641222526707757,baixo
428,21,16477.0,784.6190476190476,998.95,0.2857142857142857,17740.11,-1263.1100000000001,5.38,0.23809523809523808,5,2.7679621815110407,alto
429,16,2497.9,156.11875,248.45,0.25,1349.08,1148.82,4.27375,0.4375,4,-0.0024777105769305807,medio
430,15,1130.4,75.36,113.65,0.5333333333333333,1390.8600000000001,-260.4599999999999,3.033333333333333,0.4,2,-2.7582171132943607,baixo
431,25,1961.2,78.44800000000001,124.85,0.36,1519.72,441.48,5.3388,0.36,6,1.2689859694849208,alto
432,14,1182.55,84.46785714285714,110.45,0.35714285714285715,803.28,379.27,3.5728571428571425,0.35714285714285715,4,-2.0940504259574486,baixo
433,22,3503.5,159.25,244.65,0.4090909090909091,3549.9300000000003,-46.42999999999995,4.757272727272727,0.22727272727272727,4,-1.2102591224296495,baixo
434,21,263.9,12.566666666666666,21.8,0.3333333333333333,103.63,160.27,3.3042857142857143,0.38095238095238093,6,-0.03726833865486451,medio
435,15,475.5,31.7,67.15,0.3333333333333333,330.93,144.57,3.825333333333333,0.26666666666666666,4,-3.1925443156853888,baixo
436,21,116.69999999999999,5.557142857142857,9.95,0.42857142857142855,94.03,22.669999999999998,3.5904761904761906,0.2857142857142857,6,-1.0368560502164899,medio
437,14,1038.75,74.19642857142857,119.95,0.5,597.37,441.38,4.513571428571429,0.5714285714285714,4,-0.15590329488195165,medio
438,19,14219.65,748.4026315789473,991.55,0.3157894736842105,8834.95,5384.700000000001,4.77421052631579,0.3684210526315789,8,8.125385174959785,alto
439,19,3148.05,165.68684210526317,242.3,0.47368421052631576,1988.43,1159.62,3.6789473684210527,0.2631578947368421,4,-0.8663087529083101,medio
440,14,2505.3,178.95000000000002,244.8,0.14285714285714285,812.56,1692.74,5.325714285714286,0.5,6,1.4527862634883033,alto
441,21,1627.45,77.49761904761905,117.65,0.38095238095238093,1437.54,189.90999999999997,5.506666666666667,0.38095238095238093,4,-0.4548943365181454,medio
442,19,2828.9,148.88947368421054,248.45,0.3157894736842105,1951.56,877.34,4.550526315789473,0.42105263157894735,6,1.2046394624298293,alto
443,19,792.55,41.71315789473684,69.4,0.21052631578947367,580.16,212.39000000000004,5.184210526315789,0.3684210526315789,10,1.3890626989827997,alto
444,16,549.15,34.321875,69.45,0.5,537.99,11.160000000000016,3.8475,0.25,3,-3.6153751372856497,baixo
445,14,2739.0,195.64285714285714,316.0,0.2857142857142857,1455.46,1283.54,6.277857142857143,0.21428571428571427,4,-2.164902362841765,baixo
446,27,997.1,36.92962962962963,68.7,0.25925925925925924,303.85,693.25,6.654444444444444,0.48148148148148145,8,3.5656801756602454,alto
447,17,87.55,5.1499999999999995,10.0,0.35294117647058826,108.86,-21.309999999999995,3.8958823529411766,0.47058823529411764,7,0.18590167868318208,medio
448,15,1236.75,82.45,122.05,0.2,421.02,815.73,5.933333333333334,0.3333333333333333,6,-0.9908329225151015,medio
449,22,3703.55,168.34318181818182,238.35,0.36363636363636365,2474.35,1229.2,4.125909090909091,0.3181818181818182,6,1.2491643991519392,alto
450,17,2770.3,162.95882352941177,240.8,0.23529411764705882,1092.71,1677.59,6.950588235294117,0.35294117647058826,6,0.6506502811751512,medio
451,17,5798.1,341.06470588235294,474.95,0.17647058823529413,4994.04,804.06,5.780588235294117,0.29411764705882354,6,0.8711917681311592,alto
452,21,126.0,6.0,9.85,0.2857142857142857,72.24,53.76,4.876666666666667,0.42857142857142855,8,1.1807141769985638,alto
453,17,225.5,13.264705882352942,23.65,0.17647058823529413,100.58,124.91999999999999,4.968823529411765,0.23529411764705882,10,-0.5290359795846618,medio
454,19,696.45,36.65526315789474,66.1,0.2631578947368421,734.51,-38.06,5.0531578947368425,0.2631578947368421,7,-1.0705677940312726,medio
455,18,2909.3,161.6277777777778,248.3,0.2777777777777778,3566.49,-657.19,5.852222222222222,0.4444444444444444,6,0.468714721454772,medio
456,19,1532.6,80.66315789473684,123.35,0.631578947368421,3392.5,-1859.9,4.0073684210526315,0.21052631578947367,3,-3.9821346893200023,baixo
457,22,3083.05,140.13863636363638,246.7,0.45454545454545453,3807.35,-724.3000000000001,4.86,0.22727272727272727,4,-1.702103880342107,baixo
458,27,9667.05,358.03888888888883,495.65,0.37037037037037035,8992.300000000001,674.7500000000001,5.634814814814815,0.48148148148148145,6,4.887449930825088,alto
459,15,3103.1,206.87333333333333,317.45,0.13333333333333333,653.79,2449.31,5.403333333333333,0.4666666666666667,9,3.284916633137967,alto
460,16,576.85,36.053125,65.35,0.8125,741.52,-164.67000000000002,2.3975,0.4375,1,-2.84867336103737,baixo
461,35,428.25,12.235714285714286,23.2,0.42857142857142855,453.33,-25.080000000000013,4.590571428571429,0.37142857142857144,7,3.3510047872604516,alto
462,13,407.6,31.353846153846156,69.8,0.46153846153846156,540.84,-133.24,4.614615384615385,0.38461538461538464,6,-1.8222876950100213,baixo
463,24,15833.9,659.7458333333333,940.4,0.2916666666666667,12688.77,3145.1300000000006,4.492500000000001,0.5416666666666666,6,8.161550993216094,alto
464,23,1034.1,44.960869565217386,69.15,0.43478260869565216,717.15,316.95,4.843913043478261,0.391304347826087,4,-0.06803510534934054,medio
465,20,1530.75,76.5375,113.1,0.35,769.71,761.04,5.1215,0.3,5,-0.6881775505288817,medio
466,24,8437.65,351.56874999999997,492.65,0.4166666666666667,12629.33,-4191.679999999999,6.79375,0.3333333333333333,7,0.6593738689431842,medio
467,22,787.45,35.79318181818182,66.5,0.3181818181818182,499.79,287.66,3.0904545454545453,0.4090909090909091,5,0.23357611024859348,medio
468,24,8839.6,368.31666666666666,493.2,0.4583333333333333,6701.06,2138.5400000000004,4.282916666666667,0.4166666666666667,3,3.1451741389282954,alto
469,27,1104.7,40.91481481481482,68.65,0.4444444444444444,1133.77,-29.07000000000002,4.532222222222223,0.2222222222222222,3,-1.3830782646489113,baixo
470,21,1693.6,80.64761904761905,122.75,0.2857142857142857,1184.43,509.17,4.715238095238095,0.23809523809523808,5,-1.1404711431810024,medio
471,30,4551.05,151.70166666666668,243.1,0.5333333333333333,5866.820000000001,-1315.77,4.675333333333333,0.4666666666666667,5,2.5033706680828525,alto
472,21,679.2,32.34285714285714,63.95,0.3333333333333333,377.44,301.76,4.506190476190476,0.42857142857142855,9,1.934339780327067,alto
473,13,167.4,12.876923076923077,22.9,0.23076923076923078,123.29,44.11000000000001,4.635384615384615,0.38461538461538464,5,-2.295717542110499,baixo
474,24,3719.3,154.97083333333333,248.0,0.4166666666666667,4721.51,-1002.21,3.6558333333333333,0.3333333333333333,4,-0.3215311052429052,medio
475,24,4306.65,179.44375,243.8,0.2916666666666667,2355.76,1950.8899999999999,4.950833333333333,0.4166666666666667,8,3.94601734725818,alto
476,21,3377.4,160.82857142857142,246.45,0.2857142857142857,1881.22,1496.1799999999998,4.147142857142858,0.23809523809523808,6,0.37673928102368537,medio
477,24,926.5,38.604166666666664,68.45,0.3333333333333333,455.78,470.71999999999997,4.642916666666666,0.4166666666666667,5,0.8681342442001847,alto
478,24,16220.75,675.8645833333334,982.15,0.375,14832.38,1388.37,5.7124999999999995,0.3333333333333333,6,5.4181532240195125,alto
479,18,187.2,10.399999999999999,22.65,0.4444444444444444,244.19,-56.99000000000001,4.375555555555556,0.4444444444444444,4,-1.1350080602782657,medio
480,17,246.8,14.51764705882353,24.9,0.23529411764705882,115.11,131.69,4.2429411764705875,0.35294117647058826,8,-0.3127169245967951,medio
481,13,4936.2,379.7076923076923,496.1,0.46153846153846156,3535.55,1400.65,4.52,0.23076923076923078,4,-0.9065809704310882,medio
482,23,709.0,30.82608695652174,67.4,0.30434782608695654,604.6,104.4,5.0139130434782615,0.13043478260869565,3,-3.12417442010937,baixo
483,18,2965.1,164.72777777777776,238.8,0.5,2482.4,482.70000000000005,4.2844444444444445,0.3888888888888889,3,-0.7376277054898097,medio
484,15,2345.65,156.37666666666667,247.3,0.26666666666666666,1431.0,914.6500000000001,3.344666666666667,0.4,6,0.18578230061692103,medio
485,22,5095.9,231.63181818181818,316.5,0.2727272727272727,4929.719999999999,166.18,3.909090909090909,0.3181818181818182,10,2.881832531916398,alto
486,17,1465.3,86.19411764705882,121.75,0.29411764705882354,1723.49,-258.19000000000005,4.603529411764706,0.29411764705882354,8,-0.5684557889576916,medio
487,26,18751.0,721.1923076923077,1000.0,0.5,19147.65,-396.64999999999986,3.6215384615384614,0.34615384615384615,4,4.467567198698879,alto
488,24,829.4,34.55833333333333,63.25,0.375,1071.94,-242.53999999999996,5.78375,0.4583333333333333,5,0.8454867637893269,alto
489,20,113.45,5.6725,10.0,0.35,187.56,-74.11000000000001,6.3665,0.6,6,1.5864860962954297,alto
490,16,1314.2,82.1375,119.6,0.1875,451.9,862.3,5.125625,0.375,7,0.08036105212954398,medio
491,12,564.2,47.01666666666667,69.25,0.3333333333333333,423.94000000000005,140.26000000000002,4.894166666666667,0.3333333333333333,4,-3.146685208348686,baixo
492,19,6629.599999999999,348.9263157894737,499.8,0.3684210526315789,3484.96,3144.64,4.606842105263158,0.47368421052631576,5,3.8324595416105187,alto
493,23,4741.95,206.1717391304348,303.05,0.4782608695652174,7015.39,-2273.44,3.885217391304348,0.34782608695652173,3,-1.174982862353513,medio
494,16,1219.9,76.24375,114.95,0.3125,1130.38,89.52000000000001,5.020625,0.25,7,-1.523463581895407,baixo
495,16,608.25,38.015625,69.85,0.3125,185.17000000000002,423.08,3.66875,0.25,4,-2.930697475513689,baixo
496,36,1413.35,39.25972222222222,69.45,0.5,927.42,485.93,3.326111111111111,0.2777777777777778,5,2.2884697504647344,alto
497,26,5200.9,200.03461538461536,319.95,0.2692307692307692,3905.7,1295.1999999999998,5.246153846153846,0.5,11,6.277059427326512,alto
498,17,3470.85,204.16764705882352,317.35,0.4117647058823529,2567.77,903.08,4.556470588235293,0.29411764705882354,4,-0.9000909716511041,medio
499,23,1761.3,76.57826086956521,115.35,0.5652173913043478,2877.13,-1115.83,6.0804347826086955,0.2608695652173913,6,-0.9334900851428477,medio
500,16,237.2,14.825,24.3,0.4375,413.5,-176.3,4.258125,0.3125,4,-2.832634748778362,baixo
501,16,10656.95,666.059375,968.8,0.25,6801.099999999999,3855.85,6.250625,0.625,4,6.678082194850652,alto
502,24,2071.7,86.32083333333333,124.25,0.3333333333333333,1305.11,766.59,4.7091666666666665,0.375,6,1.4102472225600846,alto
503,16,594.5,37.15625,62.85,0.4375,1339.79,-745.29,6.341875,0.4375,3,-2.2688506081024338,baixo
504,22,3793.35,172.42499999999998,243.25,0.45454545454545453,6204.93,-2411.58,4.507272727272727,0.3181818181818182,7,-0.21681638152171961,medio
505,21,4098.9,195.18571428571425,318.4,0.19047619047619047,2046.31,2052.59,4.286666666666666,0.19047619047619047,8,1.3507195481237908,alto
506,21,1825.5,86.92857142857143,122.3,0.38095238095238093,1851.34,-25.83999999999996,4.103809523809524,0.3333333333333333,3,-1.3840077454077762,baixo
507,17,675.35,39.726470588235294,61.8,0.29411764705882354,330.99,344.36,3.8023529411764705,0.47058823529411764,6,0.1780507356962211,medio
508,21,13289.1,632.8142857142857,936.25,0.19047619047619047,7052.24,6236.86,5.521428571428571,0.42857142857142855,8,8.784516871322108,alto
509,10,48.65,4.865,8.95,0.2,28.380000000000003,20.27,6.448,0.4,5,-2.8938286752761133,baixo
510,22,849.85,38.62954545454546,67.15,0.22727272727272727,275.14,574.71,5.369090909090909,0.22727272727272727,12,1.8116425212405634,alto
511,27,1085.25,40.19444444444444,69.1,0.2222222222222222,450.74,634.51,3.982222222222222,0.37037037037037035,12,4.293865942698131,alto
512,12,2027.75,168.97916666666666,227.55,0.3333333333333333,868.22,1159.53,3.5308333333333337,0.3333333333333333,4,-1.7648370422062847,baixo
513,15,559.55,37.30333333333333,69.0,0.5333333333333333,1168.68,-609.13,4.245333333333333,0.3333333333333333,3,-3.3800390887022576,baixo
514,17,2686.55,158.03235294117647,237.3,0.5294117647058824,2099.89,586.6600000000001,2.5500000000000003,0.35294117647058826,3,-1.2840256256396894,baixo
515,27,1019.15,37.74629629629629,69.2,0.4074074074074074,733.16,285.99,3.9114814814814816,0.4074074074074074,6,1.791159666937817,alto
516,22,2971.2,135.05454545454543,219.5,0.2727272727272727,1819.68,1151.52,5.683636363636364,0.5,6,2.6550757837112746,alto
517,16,581.8,36.3625,67.65,0.1875,116.13999999999999,465.65999999999997,3.3581250000000002,0.375,7,-0.44575963330425095,medio
518,19,3100.35,163.17631578947368,244.65,0.3684210526315789,2840.9900000000002,259.36,4.863157894736841,0.2631578947368421,4,-1.3619429427890208,baixo
519,12,894.2,74.51666666666667,116.85,0.4166666666666667,439.58,454.62,6.945833333333333,0.3333333333333333,3,-3.2305531069235554,baixo
520,19,89.3,4.7,9.4,0.47368421052631576,81.7,7.600000000000001,5.826842105263158,0.3157894736842105,4,-2.1022428491941896,baixo
521,24,4168.25,173.67708333333334,248.9,0.2916666666666667,2339.52,1828.73,4.34125,0.3333333333333333,5,1.7518816094004122,alto
522,21,1834.5,87.35714285714286,118.9,0.38095238095238093,2532.02,-697.52,5.658095238095238,0.23809523809523808,7,-0.8546738410288303,medio
523,18,288.85,16.047222222222224,24.3,0.3333333333333333,332.15,-43.30000000000001,5.249444444444445,0.5,5,-0.1361907329440657,medio
524,15,2509.6,167.30666666666667,237.3,0.2,619.88,1889.72,4.11,0.2,6,-1.0650123577587007,medio
525,18,6653.95,369.6638888888889,487.0,0.2222222222222222,3208.9100000000003,3445.04,4.374444444444444,0.3888888888888889,6,3.569382257077665,alto
526,14,9513.45,679.532142857143,992.1,0.5714285714285714,13393.41,-3879.9599999999996,6.321428571428571,0.21428571428571427,2,-2.455345036793382,baixo
527,13,2258.0,173.69230769230768,248.8,0.38461538461538464,2888.9900000000002,-630.9900000000001,5.309230769230769,0.15384615384615385,3,-4.55509223624073,baixo
528,19,2828.85,148.88684210526316,246.25,0.42105263157894735,2279.13,549.72,3.9426315789473683,0.3684210526315789,6,0.5452342873567221,medio
529,13,418.0,32.15384615384615,64.65,0.3076923076923077,212.8,205.2,4.276153846153846,0.3076923076923077,5,-2.786616152406324,baixo
530,21,4872.5,232.02380952380952,313.3,0.42857142857142855,3541.48,1331.02,5.352380952380953,0.3333333333333333,3,0.3365890705853022,medio
531,18,3433.4,190.74444444444444,317.35,0.2222222222222222,1473.02,1960.38,3.711666666666667,0.3333333333333333,7,1.475933731438949,alto
532,21,3236.6,154.1238095238095,244.9,0.3333333333333333,2100.85,1135.75,4.431904761904762,0.38095238095238093,10,3.2177626919974514,alto
533,20,1608.2,80.41,117.6,0.4,745.48,862.72,2.8315,0.3,3,-1.48819657111781,baixo
534,19,1634.2,86.01052631578948,124.85,0.2631578947368421,2209.98,-575.78,5.691578947368421,0.3684210526315789,5,-0.9263378365653362,medio
535,25,4069.5,162.78,244.55,0.28,2096.2,1973.3,3.7804,0.2,6,1.1885605081248547,alto
536,17,3612.8,212.51764705882354,317.7,0.4117647058823529,3255.73,357.07000000000005,4.755294117647059,0.35294117647058826,6,0.290456833237332,medio
537,20,4490.35,224.5175,318.65,0.3,2615.6,1874.75,5.4094999999999995,0.4,7,2.725918150370782,alto
538,16,68.7,4.29375,9.15,0.4375,23.98,44.72,2.658125,0.5625,4,-0.48252487450605086,medio
539,21,14785.5,704.0714285714286,996.25,0.5238095238095238,10789.43,3996.0699999999997,5.011904761904762,0.38095238095238093,5,6.324668099054633,alto
540,19,291.85,15.360526315789475,24.9,0.3684210526315789,277.87,13.979999999999997,5.228421052631579,0.42105263157894735,6,-0.1740571794078717,medio
541,25,139.2,5.568,9.5,0.28,82.92999999999999,56.269999999999996,4.6036,0.32,5,-0.24700454049344972,medio
542,11,410.95,37.35909090909091,69.05,0.2727272727272727,271.02,139.92999999999998,5.884545454545455,0.18181818181818182,5,-4.39418007247669,baixo
543,13,2091.7,160.89999999999998,236.9,0.38461538461538464,2626.8599999999997,-535.16,4.613846153846154,0.46153846153846156,5,-0.8743763110176419,medio
544,19,265.1,13.95263157894737,23.45,0.42105263157894735,130.24,134.86,7.528421052631579,0.631578947368421,3,0.5006301834715874,medio
545,25,969.6,38.784,69.8,0.6,1077.39,-107.79,4.1328,0.28,2,-1.7952535152079916,baixo
546,24,4230.45,176.26874999999998,248.6,0.25,3982.01,248.4400000000001,5.58625,0.5416666666666666,8,4.1721909632683545,alto
547,25,1982.25,79.29,121.85,0.24,704.25,1278.0,6.4644,0.4,5,1.647731950376995,alto
548,20,794.65,39.7325,61.0,0.45,1437.74,-643.09,4.2885,0.15,4,-3.5113118415068545,baixo
549,20,3099.6,154.98,246.8,0.4,3808.24,-708.6399999999999,3.4490000000000003,0.4,6,0.4338282723691128,medio
550,30,4859.15,161.97166666666666,214.4,0.4,4596.09,263.05999999999995,4.781333333333333,0.3333333333333333,4,1.7431920842825335,alto
551,17,3502.3,206.01764705882354,318.8,0.23529411764705882,1334.96,2167.34,7.671764705882352,0.47058823529411764,7,2.7327070733397196,alto
552,23,265.1,11.52608695652174,22.6,0.34782608695652173,75.06,190.04000000000002,4.056521739130434,0.391304347826087,5,0.07454264574768027,medio
553,19,3285.4,172.9157894736842,246.8,0.3684210526315789,2525.34,760.06,4.339473684210526,0.3157894736842105,3,-0.9838539626842238,medio
554,19,13195.7,694.5105263157895,999.25,0.2631578947368421,8175.69,5020.01,4.32842105263158,0.47368421052631576,7,8.090577833605499,alto
555,16,241.2,15.075,23.95,0.5625,253.05,-11.850000000000007,3.31375,0.3125,2,-3.6242597047087584,baixo
556,19,85.55,4.502631578947368,8.0,0.5789473684210527,205.19,-119.64,6.326842105263158,0.3684210526315789,5,-1.2455350843152022,baixo
557,13,183.5,14.115384615384615,24.2,0.23076923076923078,159.98000000000002,23.520000000000007,5.716923076923076,0.3076923076923077,4,-3.4477895453513,baixo
558,19,1482.15,78.0078947368421,121.75,0.21052631578947367,829.39,652.76,6.8394736842105255,0.42105263157894735,13,3.67950240877509,alto
559,24,3539.65,147.48541666666668,234.55,0.4583333333333333,3798.48,-258.8299999999999,4.04875,0.125,6,-1.0184216829117902,medio
560,21,3466.85,165.08809523809524,242.9,0.38095238095238093,3528.7000000000003,-61.85000000000002,5.448095238095238,0.47619047619047616,4,0.8929867302490385,alto
561,17,3571.15,210.06764705882352,284.0,0.4117647058823529,6282.12,-2710.9700000000003,6.211176470588235,0.4117647058823529,3,-2.135252996689756,baixo
562,23,15029.4,653.4521739130435,993.4,0.21739130434782608,6666.46,8362.94,4.999130434782609,0.34782608695652173,7,9.31952117806742,alto
563,16,2472.4,154.525,223.4,0.3125,3565.1299999999997,-1092.7300000000002,5.08125,0.4375,5,-0.7641043909532336,medio
564,16,1140.5,71.28125,114.6,0.5625,2046.37,-905.87,3.68125,0.3125,2,-3.712041432001056,baixo
565,16,9804.05,612.753125,922.7,0.25,3690.6,6113.45,3.976875,0.4375,5,6.221797667888776,alto
566,21,4096.0,195.04761904761904,305.3,0.38095238095238093,3430.14,665.8600000000001,3.998095238095238,0.23809523809523808,7,0.6116822417204131,medio
567,18,270.35,15.019444444444446,24.5,0.2777777777777778,123.55,146.8,6.585,0.3333333333333333,5,-1.5790861598914359,baixo
568,17,10726.25,630.9558823529412,983.75,0.47058823529411764,26359.98,-15633.73,5.491764705882353,0.23529411764705882,2,-8.169357832359148,baixo
569,17,11505.15,676.7735294117647,952.25,0.35294117647058826,7901.32,3603.8300000000004,3.315882352941177,0.5882352941176471,3,6.062660318380537,alto
570,20,4056.85,202.8425,318.65,0.35,3324.07,732.78,3.5460000000000003,0.4,5,1.0890943418047438,alto
571,25,2081.6,83.264,122.9,0.48,2746.73,-665.13,3.8924000000000003,0.28,3,-1.3445731704706434,baixo
572,20,2811.4,140.57,240.2,0.5,5533.11,-2721.71,4.017,0.3,7,-1.2167912075973544,baixo
573,23,309.8,13.469565217391304,24.75,0.21739130434782608,167.61,142.19,5.060434782608696,0.391304347826087,8,1.3835957671144317,alto
574,23,133.8,5.817391304347827,9.7,0.391304347826087,143.93,-10.129999999999999,5.403478260869565,0.391304347826087,6,0.3692174818304604,medio
575,27,9407.8,348.437037037037,462.55,0.4074074074074074,7452.42,1955.3799999999999,7.276296296296296,0.3333333333333333,5,3.6953119067688935,alto
576,26,944.95,36.34423076923077,69.15,0.5,933.9499999999999,11.0,3.103846153846154,0.2692307692307692,4,-0.7434877349122564,medio
577,26,9713.75,373.6057692307692,487.25,0.2692307692307692,4592.07,5121.68,4.760384615384615,0.34615384615384615,8,6.766343376920845,alto
578,19,775.55,40.81842105263158,69.45,0.42105263157894735,830.5,-54.94999999999999,4.188421052631579,0.3157894736842105,4,-1.8866351022440742,baixo
579,19,1552.3,81.7,123.2,0.3684210526315789,810.79,741.51,3.1178947368421053,0.2631578947368421,4,-1.6671026593454696,baixo
580,15,1287.55,85.83666666666666,121.0,0.3333333333333333,574.13,713.42,4.146,0.4,3,-1.7282199239559761,baixo
581,17,1236.95,72.76176470588236,117.75,0.23529411764705882,477.25,759.7,6.2435294117647056,0.4117647058823529,6,0.08392813596667681,medio
582,17,1258.0,74.0,119.85,0.29411764705882354,1379.94,-121.94000000000003,5.285294117647059,0.47058823529411764,7,0.6067847903375654,medio
583,21,4658.65,221.84047619047618,317.4,0.19047619047619047,1340.43,3318.22,4.787142857142857,0.23809523809523808,9,3.086285817197321,alto
584,20,707.4,35.37,67.95,0.6,1234.83,-527.4300000000001,4.134,0.5,3,-0.6929528230096818,medio
585,19,2658.55,139.92368421052632,235.4,0.5263157894736842,3282.49,-623.9399999999999,2.493684210526316,0.21052631578947367,3,-2.91714552484886,baixo
586,17,12159.85,715.285294117647,991.25,0.5882352941176471,20112.53,-7952.68,3.9,0.23529411764705882,3,-3.0668036126518485,baixo
587,25,8427.7,337.108,493.55,0.44,8387.04,40.66000000000014,4.2452000000000005,0.28,4,1.2196902557573797,alto
588,13,1006.75,77.4423076923077,116.1,0.38461538461538464,2336.53,-1329.78,5.97,0.38461538461538464,5,-2.580878542355245,baixo
589,23,299.15,13.006521739130434,24.4,0.30434782608695654,264.11,35.03999999999999,5.352173913043479,0.30434782608695654,5,-0.799433804880833,medio
590,17,687.55,40.44411764705882,67.85,0.29411764705882354,655.3799999999999,32.17,5.485882352941177,0.29411764705882354,5,-2.0504662020809015,baixo
591,13,3037.45,233.64999999999998,317.1,0.23076923076923078,2118.08,919.3699999999999,4.7761538461538455,0.3076923076923077,6,-0.5785575231932873,medio
592,15,84.65,5.6433333333333335,9.7,0.3333333333333333,61.800000000000004,22.849999999999998,6.517333333333334,0.26666666666666666,4,-3.4367389627390663,baixo
593,14,1160.05,82.86071428571428,120.2,0.2857142857142857,460.46000000000004,699.59,5.515000000000001,0.2857142857142857,4,-2.5935640240339883,baixo
594,21,6928.0,329.9047619047619,487.25,0.38095238095238093,5672.1,1255.9,4.883809523809524,0.23809523809523808,5,0.9735807750176755,alto
595,13,3269.8,251.52307692307693,319.05,0.23076923076923078,2568.38,701.4200000000001,5.202307692307692,0.6153846153846154,5,1.8256224773220744,alto
596,28,4469.05,159.60892857142858,248.55,0.32142857142857145,2938.2,1530.85,5.0371428571428565,0.4642857142857143,4,3.1599637926531043,alto
597,24,4958.3,206.59583333333333,300.8,0.25,3460.82,1497.4800000000002,4.65,0.3333333333333333,7,2.6834007305320666,alto
598,26,18934.0,728.2307692307693,992.45,0.46153846153846156,25712.649999999998,-6778.650000000001,4.491538461538462,0.4230769230769231,3,1.3940336025993996,alto
599,30,1145.1,38.169999999999995,69.95,0.3,1336.6100000000001,-191.51000000000005,4.271333333333334,0.2,6,0.29998473712509743,medio
600,21,6877.75,327.51190476190476,475.7,0.38095238095238093,5647.18,1230.5699999999997,5.126666666666667,0.5238095238095238,8,4.899273640683613,alto
601,21,4338.0,206.57142857142858,319.75,0.2857142857142857,3048.4399999999996,1289.56,4.1119047619047615,0.38095238095238093,3,0.5782941403438955,medio
602,29,1257.35,43.356896551724134,69.35,0.5172413793103449,1124.42,132.92999999999998,2.972413793103448,0.10344827586206896,3,-1.927312696666363,baixo
603,20,3366.85,168.3425,247.0,0.25,3580.92,-214.0700000000001,6.635,0.4,4,-0.09205283620866817,medio
604,28,2293.1,81.89642857142857,121.95,0.32142857142857145,2467.33,-174.23000000000002,4.469285714285714,0.25,7,1.0637636577059921,alto
605,22,3528.0,160.36363636363637,248.2,0.3181818181818182,3711.88,-183.8800000000001,4.308181818181819,0.18181818181818182,7,-0.3736636531410755,medio
606,21,15338.95,730.4261904761905,979.25,0.38095238095238093,12698.83,2640.12,2.81,0.14285714285714285,4,3.1499613501281987,alto
607,24,8121.8,338.40833333333336,488.75,0.375,6727.719999999999,1394.0800000000002,2.7975,0.3333333333333333,4,2.215512925431428,alto
608,19,274.75,14.460526315789474,23.25,0.2631578947368421,85.35,189.4,5.088421052631579,0.42105263157894735,6,-0.08705146302450506,medio
609,19,2860.2,150.53684210526316,244.7,0.47368421052631576,6993.24,-4133.04,4.606842105263158,0.42105263157894735,4,-2.3269146074411493,baixo
610,16,521.2,32.575,60.85,0.3125,423.74,97.46,8.8425,0.625,8,2.078102845458695,alto
611,22,1643.3500000000001,74.69772727272728,116.3,0.3181818181818182,1447.24,196.11,4.232272727272727,0.4090909090909091,6,0.8933330929760094,alto
612,18,3531.2999999999997,196.1833333333333,309.15,0.2222222222222222,3032.7599999999998,498.5399999999999,5.506111111111111,0.4444444444444444,8,2.201591948308477,alto
613,17,278.7,16.394117647058824,24.9,0.5882352941176471,344.90999999999997,-66.21000000000001,3.320588235294118,0.4117647058823529,2,-2.5047072345497443,baixo
614,11,7640.95,694.6318181818182,955.55,0.36363636363636365,5855.03,1785.9199999999996,5.098181818181818,0.45454545454545453,3,2.642827676629244,alto
615,19,3052.25,160.64473684210526,245.3,0.5263157894736842,8769.02,-5716.77,5.884736842105263,0.42105263157894735,7,-1.7776749543268213,baixo
616,28,161.65,5.773214285714286,9.5,0.25,119.65,42.00000000000001,5.081785714285714,0.32142857142857145,5,0.43210528464606385,medio
617,20,13849.4,692.47,972.05,0.2,7687.650000000001,6161.75,6.2505,0.4,8,8.668124251503253,alto
618,17,11778.55,692.8558823529411,993.95,0.5882352941176471,27672.03,-15893.48,4.2041176470588235,0.35294117647058826,2,-6.796088662233126,baixo
619,22,7333.65,333.34772727272724,489.7,0.22727272727272727,4361.76,2971.8900000000003,5.159090909090909,0.3181818181818182,9,4.633020648308801,alto
620,19,103.3,5.436842105263158,9.35,0.47368421052631576,124.86,-21.560000000000002,5.079473684210527,0.5263157894736842,3,-0.6117751718103042,medio
621,17,2615.6,153.85882352941175,230.9,0.4117647058823529,1888.05,727.5500000000001,4.244705882352941,0.29411764705882354,7,-0.018877510889383997,medio
622,26,137.25,5.278846153846154,9.15,0.38461538461538464,144.45,-7.199999999999996,4.9338461538461535,0.4230769230769231,6,1.3321417724186246,alto
623,20,3160.35,158.01749999999998,238.6,0.4,3317.59,-157.2399999999998,4.0375,0.4,3,-0.5733551566849033,medio
624,20,90.55,4.5275,8.9,0.45,61.89,28.66,4.4345,0.3,5,-1.5734373613568482,baixo
625,20,1629.75,81.4875,123.9,0.4,1592.07,37.67999999999997,4.404,0.15,9,-0.6601073389604661,medio
626,31,2282.35,73.6241935483871,119.6,0.3225806451612903,1149.97,1132.38,5.126451612903226,0.2903225806451613,6,2.304569948682893,alto
627,19,12751.9,671.1526315789473,938.4,0.42105263157894735,15335.600000000002,-2583.7,4.076842105263158,0.3157894736842105,4,1.112527673988722,alto
628,18,724.8,40.266666666666666,69.3,0.5,1134.19,-409.39,5.733888888888888,0.3888888888888889,5,-1.188390458121052,medio
629,17,3026.9,178.0529411764706,246.6,0.4117647058823529,3245.63,-218.72999999999996,3.6258823529411766,0.35294117647058826,5,-0.6932961778623784,medio
630,20,4262.6,213.13000000000002,318.9,0.4,4156.4800000000005,106.11999999999978,3.732,0.25,5,-0.5561322226794785,medio
631,14,58.35,4.167857142857143,9.55,0.42857142857142855,133.92000000000002,-75.57,5.216428571428572,0.2857142857142857,4,-3.5475966708441806,baixo
632,21,3359.85,159.99285714285713,236.85,0.14285714285714285,852.13,2507.7200000000003,5.341904761904762,0.42857142857142855,14,6.187712514662932,alto
633,17,3635.85,213.8735294117647,302.6,0.35294117647058826,2451.8900000000003,1183.96,6.105882352941177,0.5294117647058824,6,2.366374057886439,alto
634,14,2239.7,159.97857142857143,249.35,0.2857142857142857,1251.42,988.28,6.694285714285714,0.35714285714285715,3,-1.6905850152093211,baixo
635,18,1392.3,77.35,118.95,0.16666666666666666,1036.3200000000002,355.97999999999996,6.46,0.3888888888888889,7,0.3544911877548628,medio
636,30,1053.5,35.11666666666667,67.55,0.36666666666666664,597.76,455.73999999999995,3.765,0.5333333333333333,4,2.8157699978744253,alto
637,20,2968.9,148.445,243.95,0.3,1726.58,1242.32,7.63,0.35,4,0.08364214409685984,medio
638,26,4014.2,154.3923076923077,235.85,0.4230769230769231,4963.95,-949.7499999999999,4.8465384615384615,0.34615384615384615,6,1.1493690195467736,alto
639,15,80.7,5.38,9.5,0.4,82.52,-1.8199999999999994,4.528666666666666,0.2,3,-4.506752030987314,baixo
640,24,836.95,34.87291666666667,68.85,0.25,569.77,267.18,5.46875,0.5,6,1.943052743605027,alto
641,17,552.5,32.5,65.15,0.23529411764705882,480.09000000000003,72.40999999999998,5.668235294117647,0.35294117647058826,11,1.1007649986448866,alto
642,18,3024.85,168.04722222222222,239.55,0.5555555555555556,3674.89,-650.0399999999998,3.3961111111111113,0.3888888888888889,3,-1.3166197749980795,baixo
643,21,3548.55,168.97857142857143,246.9,0.19047619047619047,1367.1699999999998,2181.38,4.418095238095238,0.09523809523809523,7,-0.07995347529980812,medio
644,27,418.85,15.512962962962964,24.7,0.5555555555555556,463.08,-44.230000000000004,2.3162962962962963,0.37037037037037035,2,-0.6404422763739637,medio
645,20,99.4,4.970000000000001,10.0,0.3,161.51,-62.11000000000001,3.9909999999999997,0.3,9,0.14283228724379898,medio
646,20,86.7,4.335,9.65,0.25,28.849999999999998,57.85,3.2600000000000002,0.5,6,0.725293419728481,medio
647,25,2074.5,82.98,124.5,0.44,2267.44,-192.94,4.9944,0.24,3,-1.4644768154530625,baixo
648,13,2445.2,188.09230769230768,315.7,0.23076923076923078,897.52,1547.68,3.924615384615385,0.38461538461538464,9,1.4717978610222597,alto
649,15,542.2,36.14666666666667,67.6,0.3333333333333333,232.52,309.68,3.9306666666666668,0.4,4,-1.8447234643484858,baixo
650,23,4173.6,181.4608695652174,247.65,0.391304347826087,4982.76,-809.16,4.678260869565217,0.30434782608695654,6,0.3529659985117564,medio
651,26,5455.45,209.825,309.75,0.5,9751.25,-4295.8,4.098076923076923,0.3076923076923077,5,-1.0415994495492393,medio
652,21,247.05,11.764285714285714,24.85,0.42857142857142855,232.77,14.280000000000001,4.640476190476191,0.47619047619047616,4,-0.1229074443901621,medio
653,21,79.2,3.7714285714285714,9.45,0.3333333333333333,92.28,-13.079999999999995,4.731428571428571,0.38095238095238093,3,-1.5110583560872557,baixo
654,24,5178.25,215.76041666666666,298.65,0.2916666666666667,7256.619999999999,-2078.37,5.420000000000001,0.3333333333333333,4,-0.4745122957249511,medio
655,16,85.4,5.3375,9.75,0.25,163.95999999999998,-78.56,4.911875,0.25,7,-2.1012879116613057,baixo
656,21,4357.8,207.51428571428573,319.05,0.23809523809523808,881.4399999999999,3476.36,3.7166666666666663,0.3333333333333333,5,2.1883418382504174,alto
657,24,1904.35,79.34791666666666,116.05,0.375,1970.8400000000001,-66.49000000000008,5.964166666666666,0.25,8,0.6476731938952889,medio
658,18,11506.15,639.2305555555555,967.25,0.3888888888888889,8448.32,3057.83,4.776111111111111,0.2777777777777778,3,2.875225170945247,alto
659,7,1060.15,151.45000000000002,217.55,0.2857142857142857,480.82,579.33,2.117142857142857,0.42857142857142855,3,-2.8762405708341356,baixo
660,25,4211.05,168.442,248.45,0.24,2877.02,1334.0300000000002,4.3864,0.32,8,2.875140517154506,alto
661,19,915.05,48.16052631578947,69.95,0.3157894736842105,696.4,218.65000000000003,4.503157894736842,0.3157894736842105,3,-2.131040586990418,baixo
662,19,524.15,27.586842105263155,69.8,0.42105263157894735,240.66,283.49,2.993684210526316,0.3684210526315789,3,-1.7530222540318654,baixo
663,19,1459.6,76.82105263157894,122.0,0.3157894736842105,1479.08,-19.47999999999999,4.032105263157895,0.2631578947368421,4,-2.1050556902550523,baixo
664,22,94.6,4.3,9.0,0.4090909090909091,68.76,25.840000000000003,3.8813636363636363,0.36363636363636365,4,-0.9820092859653688,medio
665,19,252.79999999999998,13.305263157894736,25.0,0.3684210526315789,141.34,111.46,6.628947368421053,0.47368421052631576,8,1.2296139772600843,alto
666,22,95.05,4.320454545454545,9.3,0.36363636363636365,50.6,44.45,5.583181818181818,0.6363636363636364,5,1.9831798711274624,alto
667,20,3020.15,151.0075,241.8,0.25,790.99,2229.16,4.026,0.25,5,0.1439072546812259,medio
668,21,4322.7,205.84285714285713,319.95,0.3333333333333333,5984.45,-1661.75,4.120952380952381,0.19047619047619047,6,-1.4301320464051752,baixo
669,24,1750.75,72.94791666666667,116.0,0.2916666666666667,776.62,974.13,3.1320833333333336,0.20833333333333334,4,-0.989160247086124,medio
670,15,482.6,32.17333333333333,67.55,0.4,146.68,335.92,3.5373333333333337,0.4,8,-0.09670603894596336,medio
671,23,1782.8,77.51304347826087,123.2,0.6086956521739131,3183.96,-1401.1599999999999,3.8682608695652174,0.30434782608695654,3,-1.9988327186091295,baixo
672,17,2825.95,166.23235294117646,240.35,0.35294117647058826,3069.77,-243.81999999999988,5.1000000000000005,0.4117647058823529,6,0.19470303172801606,medio
673,21,4409.8,209.9904761904762,298.8,0.38095238095238093,5698.59,-1288.79,4.506666666666667,0.23809523809523808,5,-1.2046614979165544,baixo
674,15,2695.15,179.67666666666668,238.8,0.3333333333333333,1847.56,847.59,3.0253333333333337,0.3333333333333333,7,0.13631374867689547,medio
675,20,4338.35,216.91750000000002,312.8,0.5,6459.360000000001,-2121.01,3.582,0.3,5,-1.25233854084249,baixo
676,15,2255.65,150.37666666666667,190.45,0.2,985.55,1270.1,5.732666666666668,0.3333333333333333,6,-0.2814215810428312,medio
677,22,3655.65,166.16590909090908,247.05,0.36363636363636365,3491.7200000000003,163.93,5.232272727272727,0.3181818181818182,4,-0.21257403600622254,medio
678,23,1886.2,82.00869565217391,123.15,0.5217391304347826,2075.81,-189.61,3.5539130434782606,0.34782608695652173,4,-0.48285090351709387,medio
679,32,6708.35,209.6359375,311.6,0.46875,9605.25,-2896.9,4.9309375,0.375,3,0.7845041251895769,alto
680,15,2301.55,153.43666666666667,250.0,0.3333333333333333,3012.2,-710.65,4.921333333333333,0.3333333333333333,3,-2.633864124615904,baixo
681,18,86.45,4.802777777777778,9.8,0.5555555555555556,146.64,-60.19,3.623333333333333,0.2777777777777778,5,-2.271729374493388,baixo
682,23,3803.75,165.3804347826087,249.5,0.43478260869565216,4363.77,-560.0200000000001,6.901304347826087,0.391304347826087,5,0.73601097793381,medio
683,29,2423.1,83.5551724137931,124.05,0.3103448275862069,2096.3199999999997,326.78,6.652758620689656,0.4482758620689655,8,3.834079195936808,alto
684,13,2242.65,172.51153846153846,241.45,0.15384615384615385,752.85,1489.8,5.856153846153846,0.38461538461538464,5,-0.4277514906829779,medio
685,16,2679.4,167.4625,260.5,0.375,4166.01,-1486.6100000000001,4.56625,0.375,3,-2.3412839296149213,baixo
686,14,193.35,13.810714285714285,24.0,0.21428571428571427,215.85,-22.5,6.828571428571428,0.5,6,-0.5963256705517355,medio
687,19,772.1,40.636842105263156,68.85,0.631578947368421,1542.54,-770.4399999999999,2.833157894736842,0.15789473684210525,2,-4.604709848535586,baixo
688,19,3722.45,195.91842105263157,314.9,0.15789473684210525,1307.31,2415.14,5.195263157894736,0.3157894736842105,11,3.5769239525817382,alto
689,25,1942.95,77.718,124.95,0.32,1608.6000000000001,334.34999999999997,4.0796,0.28,7,0.909723411636198,alto
690,26,4656.0,179.07692307692307,241.95,0.15384615384615385,1877.67,2778.33,5.9957692307692305,0.46153846153846156,7,4.804603136826602,alto
691,20,1598.9,79.94500000000001,123.85,0.35,799.29,799.61,5.4345,0.2,4,-2.006662602474891,baixo
692,16,3591.65,224.478125,312.0,0.4375,5575.31,-1983.66,4.6587499999999995,0.375,4,-1.7722036998073603,baixo
693,23,947.3,41.18695652173913,69.95,0.391304347826087,777.84,169.46,5.166956521739131,0.21739130434782608,5,-1.3356787828118861,baixo
694,15,2398.05,159.87,248.8,0.13333333333333333,2159.45,238.59999999999985,4.818666666666667,0.26666666666666666,10,0.38263604303063137,medio
695,23,3247.15,141.1804347826087,249.25,0.6521739130434783,4996.9400000000005,-1749.79,2.553913043478261,0.43478260869565216,2,-0.9830596029615757,medio
696,19,82.25,4.328947368421052,9.55,0.3157894736842105,50.3,31.95,4.725789473684211,0.2631578947368421,5,-2.136810619967923,baixo
697,19,770.85,40.57105263157895,66.4,0.42105263157894735,1795.27,-1024.42,5.633684210526315,0.2631578947368421,3,-3.3291248405817253,baixo
698,19,4204.4,221.28421052631577,307.0,0.42105263157894735,3427.38,777.0200000000001,4.579473684210527,0.47368421052631576,3,0.8143334954392188,alto
699,24,99.85,4.160416666666666,9.95,0.375,44.42,55.43,4.305416666666667,0.375,6,0.46632966241797436,medio
700,17,89.2,5.247058823529412,9.6,0.23529411764705882,35.120000000000005,54.08,4.027647058823529,0.29411764705882354,5,-2.2813194643650068,baixo
701,10,689.6,68.96000000000001,122.85,0.4,471.90999999999997,217.69,4.587999999999999,0.4,3,-3.2280670742014044,baixo
702,15,2546.85,169.79,245.45,0.3333333333333333,1163.6399999999999,1383.21,5.5840000000000005,0.4666666666666667,3,-0.1792027568884189,medio
703,27,126.4,4.681481481481482,9.65,0.37037037037037035,145.2,-18.8,5.128888888888889,0.37037037037037035,7,1.50025717091106,alto
704,18,1436.6,79.8111111111111,123.75,0.6111111111111112,2306.26,-869.66,4.012222222222222,0.2222222222222222,2,-4.018408628351909,baixo
705,30,2391.3,79.71000000000001,124.15,0.26666666666666666,1772.8500000000001,618.4499999999999,4.953,0.43333333333333335,8,4.048812371452611,alto
706,14,192.2,13.728571428571428,23.8,0.5,161.53,30.67,4.155714285714286,0.5,2,-2.3300907013003385,baixo
707,32,6715.3,209.853125,314.0,0.375,7379.1,-663.8,4.1146875,0.34375,5,2.5650906851609743,alto
708,21,292.55,13.930952380952382,24.65,0.42857142857142855,163.79,128.76,4.586190476190477,0.2857142857142857,3,-2.24388204433503,baixo
709,12,393.8,32.81666666666667,66.0,0.6666666666666666,754.6899999999999,-360.89000000000004,4.133333333333334,0.16666666666666666,1,-6.368703672527242,baixo
710,30,417.4,13.913333333333332,24.5,0.36666666666666664,278.64,138.76000000000002,5.977333333333333,0.16666666666666666,6,0.0009843467619325974,medio
711,15,2452.7,163.51333333333332,236.0,0.26666666666666666,1507.8600000000001,944.8399999999999,5.916666666666667,0.5333333333333333,5,1.040086336421544,alto
712,20,3504.45,175.2225,240.65,0.3,1719.5,1784.9499999999998,5.795,0.3,7,1.4164876328034275,alto
713,20,4096.4,204.82,317.6,0.1,523.98,3572.42,4.3255,0.4,9,4.372962272441377,alto
714,23,933.65,40.59347826086957,60.25,0.17391304347826086,880.0,53.64999999999999,5.034782608695652,0.34782608695652173,13,3.3243281383569427,alto
715,23,4691.1,203.9608695652174,307.0,0.2608695652173913,2903.49,1787.6100000000001,5.162608695652174,0.43478260869565216,9,4.411548394254481,alto
716,22,116.1,5.277272727272727,9.9,0.18181818181818182,173.83,-57.730000000000004,6.140909090909091,0.45454545454545453,10,2.4607612459625927,alto
717,18,2746.9,152.60555555555555,240.15,0.2777777777777778,1930.2299999999998,816.67,4.543333333333333,0.2777777777777778,9,0.973931746455328,alto
718,18,3233.9500000000003,179.6638888888889,243.25,0.3333333333333333,2057.13,1176.82,4.757222222222222,0.3333333333333333,3,-0.7781883305174291,medio
719,16,203.95,12.746875,21.9,0.3125,170.26,33.690000000000005,4.644375,0.125,8,-2.7028510118531557,baixo
720,22,3496.75,158.9431818181818,246.45,0.4090909090909091,3623.0,-126.25000000000013,6.3109090909090915,0.4090909090909091,6,1.3024728092235722,alto
721,21,3036.75,144.60714285714286,227.2,0.3333333333333333,2529.77,506.97999999999996,5.696190476190476,0.5238095238095238,6,2.3739351809161344,alto
722,26,299.75,11.528846153846153,24.95,0.4230769230769231,409.98,-110.22999999999999,3.870769230769231,0.5,4,1.1490356225664968,alto
723,11,59.0,5.363636363636363,9.6,0.36363636363636365,24.549999999999997,34.45,3.541818181818182,0.2727272727272727,3,-4.713121092094629,baixo
724,18,3679.05,204.39166666666668,318.2,0.2777777777777778,4354.41,-675.36,4.662222222222223,0.2222222222222222,5,-1.7357690304654194,baixo
725,18,3624.45,201.35833333333332,297.75,0.3888888888888889,3373.7999999999997,250.65000000000018,4.841111111111111,0.4444444444444444,4,0.344083667306332,medio
726,15,1209.5,80.63333333333334,120.7,0.4666666666666667,2972.46,-1762.96,5.99,0.4666666666666667,3,-2.4651223721974613,baixo
727,23,3718.05,161.65434782608696,246.5,0.5217391304347826,5554.91,-1836.8600000000001,4.613913043478261,0.30434782608695654,4,-1.2102692943326434,baixo
728,13,2807.85,215.98846153846154,315.6,0.38461538461538464,3398.84,-590.9899999999998,5.232307692307692,0.38461538461538464,5,-1.2338033133303288,baixo
729,16,576.5,36.03125,58.7,0.4375,420.24,156.26,4.576875,0.3125,2,-3.390556523937863,baixo
730,24,1925.65,80.23541666666667,119.85,0.3333333333333333,768.16,1157.49,4.3125,0.4166666666666667,9,3.2813116368591864,alto
731,23,3458.65,150.37608695652173,237.75,0.30434782608695654,1772.49,1686.16,4.543478260869565,0.30434782608695654,6,1.4646484512255493,alto
732,18,2697.1,149.83888888888887,242.75,0.2777777777777778,1710.56,986.54,4.754444444444444,0.3333333333333333,6,0.23631396672024632,medio
733,27,10086.4,373.57037037037037,499.7,0.3333333333333333,7989.75,2096.6499999999996,4.111481481481482,0.2962962962962963,5,3.602016956312687,alto
734,28,4435.75,158.41964285714286,243.4,0.2857142857142857,2904.5099999999998,1531.24,4.201428571428571,0.21428571428571427,10,3.4889212092292423,alto
735,19,3183.65,167.56052631578947,241.75,0.5263157894736842,3120.19,63.45999999999995,3.3526315789473684,0.3157894736842105,3,-1.3908761203774902,baixo
736,16,66.6,4.1625,8.95,0.375,34.09,32.510000000000005,4.21375,0.25,6,-2.4907306183314244,baixo
737,27,350.75,12.99074074074074,24.55,0.2962962962962963,351.3,-0.5499999999999936,4.724074074074074,0.3333333333333333,9,2.1064110293696343,alto
738,22,1880.6000000000001,85.48181818181818,123.7,0.5454545454545454,2008.92,-128.31999999999994,2.5845454545454545,0.3181818181818182,3,-1.3641021829850133,baixo
739,23,1815.3500000000001,78.92826086956522,124.25,0.34782608695652173,1290.91,524.44,5.30304347826087,0.4782608695652174,12,4.600953569748495,alto
740,21,763.95,36.37857142857143,64.35,0.42857142857142855,690.51,73.43999999999998,4.596190476190476,0.2857142857142857,4,-1.6782570344876433,baixo
741,13,2864.2,220.3230769230769,299.85,0.46153846153846156,3021.3999999999996,-157.2,4.364615384615385,0.3076923076923077,3,-2.5634795135702557,baixo
742,13,55.2,4.246153846153846,8.15,0.3076923076923077,40.129999999999995,15.07,5.577692307692308,0.5384615384615384,4,-1.39236899340001,baixo
743,20,107.15,5.3575,9.95,0.55,191.07999999999998,-83.92999999999999,2.9725,0.35,3,-2.047220516364213,baixo
744,17,3225.85,189.75588235294117,248.75,0.47058823529411764,4187.68,-961.83,5.142941176470589,0.4117647058823529,5,-0.4650932372526182,medio
745,20,689.75,34.4875,69.75,0.45,666.3,23.450000000000003,4.671,0.35,4,-1.3491085322736498,baixo
746,24,369.65,15.402083333333332,24.8,0.5,398.77000000000004,-29.12,4.1125,0.4166666666666667,8,1.7637866412554275,alto
747,15,588.95,39.263333333333335,65.25,0.5333333333333333,729.75,-140.79999999999998,3.3826666666666667,0.2,3,-4.347152973909324,baixo
748,14,2430.4,173.6,248.05,0.21428571428571427,684.96,1745.44,7.549999999999999,0.42857142857142855,6,0.7852904984089375,alto
749,16,169.05,10.565625,24.5,0.3125,103.47,65.58,3.558125,0.5625,3,-0.8685928813739148,medio
750,13,206.45,15.88076923076923,23.5,0.15384615384615385,64.75,141.7,3.6976923076923076,0.23076923076923078,10,-1.439960602136213,baixo
751,25,5132.15,205.28599999999997,314.25,0.48,5492.33,-360.18000000000006,4.8324,0.4,3,0.7646542959855522,alto
752,13,4026.2,309.7076923076923,496.25,0.38461538461538464,3442.33,583.8699999999999,4.276153846153846,0.15384615384615385,5,-2.091776480781438,baixo
753,17,1241.85,73.05,120.45,0.4117647058823529,1091.21,150.64,3.9752941176470586,0.47058823529411764,3,-1.0163797455097972,medio
754,21,753.15,35.864285714285714,69.3,0.38095238095238093,1342.93,-589.78,5.118095238095238,0.3333333333333333,4,-1.5950991085743471,baixo
755,25,826.15,33.046,65.15,0.32,911.8299999999999,-85.68,4.62,0.4,5,0.6045600402670507,medio
756,14,9152.25,653.7321428571429,917.85,0.42857142857142855,10581.14,-1428.8899999999999,5.439285714285715,0.42857142857142855,6,2.4065986178710013,alto
757,24,3994.05,166.41875000000002,244.4,0.25,2182.51,1811.54,3.9912499999999995,0.375,8,3.3980334930194767,alto
758,22,274.85,12.493181818181819,23.55,0.4090909090909091,177.94,96.91000000000001,3.016818181818182,0.22727272727272727,5,-1.704835761266781,baixo
759,20,729.1,36.455,69.95,0.25,208.67000000000002,520.4300000000001,4.65,0.4,7,0.710642322209631,medio
760,18,471.6,26.200000000000003,61.0,0.2777777777777778,131.2,340.4,3.6366666666666663,0.3888888888888889,9,0.8745334059705127,alto
761,12,979.35,81.6125,109.2,0.5833333333333334,1488.5600000000002,-509.2099999999999,3.4941666666666666,0.5833333333333334,2,-1.8289112058529238,baixo
762,20,786.6,39.33,66.8,0.35,480.2,306.4,4.4525,0.3,4,-1.6264511305323586,baixo
763,18,6844.3,380.2388888888889,495.5,0.4444444444444444,4125.87,2718.4300000000003,4.573888888888889,0.5,2,2.5192655661337726,alto
764,27,5846.25,216.52777777777777,309.7,0.3333333333333333,5293.92,552.33,4.858518518518519,0.2962962962962963,4,1.2591411266867254,alto
765,15,101.5,6.766666666666667,9.65,0.26666666666666666,35.04,66.46000000000001,7.722666666666667,0.5333333333333333,10,1.6952601204702804,alto
766,17,1190.3,70.01764705882353,110.8,0.35294117647058826,1512.6200000000001,-322.32000000000005,5.115882352941177,0.29411764705882354,5,-2.035067618625032,baixo
767,16,244.95,15.309375,24.9,0.25,131.81,113.14,5.360625,0.25,7,-1.930728887201617,baixo
768,25,3649.2,145.968,245.25,0.28,1593.62,2055.58,3.8652,0.2,10,2.8779001376669786,alto
769,20,800.95,40.0475,67.65,0.45,687.9300000000001,113.02000000000001,3.444,0.15,5,-2.6670331151048905,baixo
770,17,3309.1,194.6529411764706,316.05,0.29411764705882354,1336.74,1972.3600000000001,6.148235294117647,0.29411764705882354,6,0.48322468460445256,medio
771,23,100.65,4.376086956521739,8.85,0.391304347826087,113.11,-12.460000000000004,5.391739130434783,0.43478260869565216,7,1.19932170016836,alto
772,22,5179.5,235.4318181818182,307.85,0.4090909090909091,3569.99,1609.51,4.7736363636363635,0.3181818181818182,5,1.4730890056587456,alto
773,16,77.35,4.834375,9.05,0.625,110.7,-33.349999999999994,3.6862500000000002,0.3125,3,-3.265874975439886,baixo
774,23,3109.25,135.18478260869566,218.75,0.43478260869565216,3883.19,-773.9399999999999,4.579565217391305,0.34782608695652173,5,0.013401605122947344,medio
775,17,1436.1,84.47647058823529,122.4,0.29411764705882354,1496.68,-60.57999999999997,4.325882352941176,0.23529411764705882,6,-1.8984254441789363,baixo
776,26,945.35,36.35961538461539,66.05,0.38461538461538464,1674.22,-728.87,8.116923076923076,0.3076923076923077,5,-0.3414854153036323,medio
777,13,66.75,5.134615384615385,9.75,0.23076923076923078,51.11,15.64,3.5069230769230773,0.38461538461538464,6,-1.9238237164591792,baixo
778,22,756.5,34.38636363636363,62.4,0.2727272727272727,1070.88,-314.38,5.787272727272727,0.36363636363636365,6,-0.07477031733524406,medio
779,21,880.8,41.94285714285714,69.25,0.47619047619047616,1059.9299999999998,-179.13000000000002,4.368571428571429,0.23809523809523808,5,-1.7728489934552996,baixo
780,23,3725.15,161.9630434782609,235.55,0.2608695652173913,1778.5,1946.65,5.362608695652174,0.30434782608695654,6,1.6828851694503209,alto
781,26,4222.1,162.38846153846154,243.95,0.23076923076923078,2170.4300000000003,2051.67,5.6680769230769235,0.23076923076923078,7,2.175621882515295,alto
782,24,3853.85,160.57708333333332,249.55,0.25,2162.6,1691.25,5.060833333333334,0.375,6,2.413147522152601,alto
783,26,398.35,15.321153846153846,24.3,0.5769230769230769,466.03,-67.68,3.560769230769231,0.3076923076923077,3,-1.01584581229146,medio
784,18,1442.55,80.14166666666667,125.0,0.16666666666666666,254.07,1188.48,5.566666666666666,0.1111111111111111,7,-1.7453087166216004,baixo
785,16,203.65,12.728125,23.75,0.4375,412.26,-208.61,3.9725,0.4375,4,-1.7116332302924189,baixo
786,22,314.65,14.302272727272726,24.45,0.4090909090909091,517.28,-202.63,4.716818181818182,0.18181818181818182,3,-3.1513851574904823,baixo
787,18,245.0,13.61111111111111,23.6,0.3888888888888889,162.3,82.7,4.872222222222223,0.2222222222222222,3,-3.528119690167093,baixo
788,17,2538.3,149.31176470588235,244.1,0.35294117647058826,3302.7999999999997,-764.5000000000001,4.092941176470588,0.23529411764705882,5,-2.2661124034632767,baixo
789,24,4463.6,185.98333333333335,314.8,0.4166666666666667,5342.28,-878.6800000000001,4.110416666666667,0.3333333333333333,7,1.2788566618725323,alto
790,22,4680.15,212.7340909090909,306.85,0.4090909090909091,4166.07,514.0799999999999,4.759090909090909,0.4090909090909091,4,1.1325755941749927,alto
791,15,586.65,39.11,69.35,0.26666666666666666,205.39000000000001,381.26,3.398,0.3333333333333333,5,-1.9606401863089997,baixo
792,16,74.35,4.646875,9.55,0.5,125.6,-51.25,4.185625,0.3125,3,-3.2766776369062955,baixo
793,23,1781.7,77.46521739130435,120.75,0.21739130434782608,995.6600000000001,786.0400000000001,5.0630434782608695,0.30434782608695654,8,1.364781260298661,alto
794,16,2906.55,181.659375,249.05,0.1875,735.19,2171.36,3.085625,0.3125,5,0.004543674787593488,medio
795,19,663.2,34.90526315789474,63.95,0.3157894736842105,348.18000000000006,315.02000000000004,4.698947368421052,0.47368421052631576,7,1.0462255886726342,alto
796,17,250.1,14.711764705882352,24.85,0.5294117647058824,248.67999999999998,1.4200000000000035,3.5058823529411764,0.23529411764705882,2,-4.107585982078008,baixo
797,19,3260.3,171.59473684210528,237.05,0.47368421052631576,5720.12,-2459.8199999999997,4.325263157894737,0.21052631578947367,3,-3.674406748415387,baixo
798,13,199.75,15.365384615384615,22.7,0.46153846153846156,116.8,82.94999999999999,3.39,0.5384615384615384,5,-0.839332212931676,medio
799,22,1713.45,77.88409090909092,123.4,0.2727272727272727,869.8,843.65,3.961363636363636,0.5,7,2.5379735359854383,alto
800,17,258.15,15.185294117647057,24.85,0.35294117647058826,190.07,68.08,4.49235294117647,0.17647058823529413,3,-4.170949715082418,baixo
801,13,1958.7,150.66923076923078,245.7,0.3076923076923077,1062.6100000000001,896.0899999999999,6.312307692307693,0.3076923076923077,4,-2.0433588915326073,baixo
802,22,3198.3,145.37727272727273,231.1,0.4090909090909091,1994.17,1204.1299999999999,5.090909090909091,0.18181818181818182,3,-1.5008691118490345,baixo
803,19,3660.15,192.63947368421054,319.3,0.47368421052631576,5322.8,-1662.6499999999999,4.477368421052632,0.3684210526315789,4,-1.209555792381492,baixo
804,22,3745.6,170.25454545454545,244.85,0.36363636363636365,3117.8500000000004,627.7500000000001,4.182727272727273,0.36363636363636365,6,1.3618958655103945,alto
805,17,2139.0,125.82352941176471,187.5,0.47058823529411764,2197.9900000000002,-58.98999999999995,4.3876470588235295,0.7058823529411765,2,0.9650939457087695,alto
806,25,321.95,12.878,24.65,0.36,215.24,106.71000000000001,3.7212,0.44,4,0.49630752428111347,medio
807,13,4748.1,365.2384615384616,469.3,0.46153846153846156,3736.59,1011.51,2.8592307692307695,0.23076923076923078,3,-1.653393963758555,baixo
808,18,6215.75,345.31944444444446,495.25,0.4444444444444444,4298.63,1917.12,3.071111111111111,0.2777777777777778,6,1.5652769507106634,alto
809,16,2324.85,145.303125,226.9,0.5,2850.58,-525.73,5.73875,0.25,5,-2.2552974234015237,baixo
810,19,3907.4500000000003,205.65526315789475,315.55,0.47368421052631576,2556.2799999999997,1351.17,4.673684210526315,0.2631578947368421,3,-0.9295267967348212,medio
811,22,5059.5,229.97727272727272,315.55,0.36363636363636365,5275.42,-215.9200000000001,5.094545454545455,0.2727272727272727,6,0.4868281003890772,medio
812,19,3406.05,179.2657894736842,308.3,0.21052631578947367,1192.6200000000001,2213.43,5.468421052631579,0.2631578947368421,7,1.1082564593778006,alto
813,18,758.55,42.141666666666666,69.55,0.4444444444444444,854.92,-96.36999999999995,4.2716666666666665,0.2777777777777778,2,-3.35478935318897,baixo
814,25,8801.4,352.056,494.3,0.64,13227.380000000001,-4425.98,3.3372,0.24,3,-1.8597949847088924,baixo
815,20,647.55,32.3775,67.9,0.45,710.7,-63.149999999999984,5.134,0.3,3,-2.311067811581395,baixo
816,22,647.6,29.436363636363637,67.15,0.36363636363636365,982.4200000000001,-334.82000000000005,5.246818181818182,0.36363636363636365,11,2.08207813792586,alto
817,25,2053.85,82.154,124.1,0.36,1324.71,729.14,5.312,0.32,6,1.0785251281563024,alto
818,14,2270.65,162.18928571428572,246.55,0.2857142857142857,1803.75,466.9,6.707142857142857,0.21428571428571427,4,-2.829292686754408,baixo
819,21,842.1,40.1,69.9,0.47619047619047616,1192.73,-350.63,3.738095238095238,0.3333333333333333,5,-0.9984858655975873,medio
820,18,658.0,36.55555555555556,69.55,0.2777777777777778,470.73,187.26999999999998,5.484444444444445,0.2777777777777778,5,-1.9214808459763226,baixo
821,22,317.35,14.425,25.0,0.3181818181818182,276.24,41.11,4.442727272727272,0.36363636363636365,7,0.4169492254590642,medio
822,21,3279.55,156.16904761904763,245.35,0.19047619047619047,2311.71,967.8400000000001,5.211428571428572,0.23809523809523808,9,1.385000096270335,alto
823,18,805.7,44.76111111111111,69.05,0.3333333333333333,337.62,468.08,5.4,0.4444444444444444,4,-0.6192858018221561,medio
824,25,5716.150000000001,228.64600000000002,319.1,0.28,3073.79,2642.36,4.1736,0.32,7,3.5447199017698034,alto
825,17,726.25,42.720588235294116,69.85,0.5882352941176471,740.8299999999999,-14.580000000000016,4.964705882352941,0.4117647058823529,3,-1.8555323335498137,baixo
826,18,1567.75,87.09722222222223,124.7,0.2222222222222222,314.77,1252.98,5.232222222222223,0.3333333333333333,8,0.8263403261074208,alto
827,26,103.05,3.963461538461538,10.0,0.38461538461538464,144.78,-41.73,5.065769230769231,0.38461538461538464,4,0.06935636413302515,medio
828,25,8362.6,334.504,490.4,0.24,6134.98,2227.62,4.0068,0.44,8,5.600551039594383,alto
829,26,3592.85,138.18653846153845,233.8,0.3076923076923077,1977.43,1615.42,3.6896153846153847,0.3076923076923077,6,2.0460250343024926,alto
830,17,6745.0,396.7647058823529,472.55,0.35294117647058826,2740.45,4004.55,5.8635294117647065,0.35294117647058826,4,2.6171515754133226,alto
831,18,11982.9,665.7166666666667,980.45,0.3333333333333333,9932.0,2050.9,4.7811111111111115,0.2222222222222222,5,2.891141304485905,alto
832,20,3729.95,186.4975,319.05,0.4,2315.94,1414.01,3.942,0.4,4,0.8980805867257353,alto
833,25,122.44999999999999,4.898,9.95,0.48,223.08,-100.63000000000001,5.0136,0.48,5,1.140361238814096,alto
834,19,726.9,38.257894736842104,68.7,0.5789473684210527,1492.3300000000002,-765.4300000000001,3.6310526315789473,0.5263157894736842,4,-0.3405301681843469,medio
835,24,330.40000000000003,13.766666666666667,24.0,0.4583333333333333,373.8,-43.39999999999999,4.265833333333333,0.4583333333333333,5,0.808049440661215,alto
836,16,2750.05,171.878125,241.55,0.5,2957.92,-207.8700000000001,4.98625,0.5,4,-0.03844741786655792,medio
837,24,3573.5,148.89583333333334,241.55,0.3333333333333333,2828.4,745.0999999999999,5.118333333333333,0.5416666666666666,5,2.9264058195750025,alto
838,17,2730.45,160.61470588235292,240.9,0.4117647058823529,2690.09,40.360000000000014,3.0658823529411765,0.29411764705882354,3,-2.098908556344079,baixo
839,27,4785.0,177.22222222222223,248.45,0.37037037037037035,5880.54,-1095.54,3.7533333333333334,0.4074074074074074,8,2.8987703317493336,alto
840,17,1229.4,72.31764705882354,107.8,0.058823529411764705,96.97,1132.43,6.972941176470589,0.35294117647058826,13,2.8190422423698105,alto
841,20,1590.35,79.5175,119.8,0.2,502.0,1088.35,5.1114999999999995,0.3,9,1.2677141187587524,alto
842,14,4449.65,317.83214285714286,455.8,0.35714285714285715,4482.15,-32.50000000000023,4.921428571428572,0.42857142857142855,5,0.39395660086404455,medio
843,27,419.85,15.55,24.6,0.37037037037037035,562.47,-142.62,4.4618518518518515,0.2222222222222222,5,-0.7374402906146253,medio
844,30,5828.85,194.29500000000002,319.55,0.43333333333333335,7689.58,-1860.73,5.066666666666666,0.5333333333333333,5,3.121996265916381,alto
845,21,7588.9,361.37619047619046,495.45,0.3333333333333333,3332.62,4256.28,6.8152380952380955,0.5238095238095238,4,4.978794735562138,alto
846,16,2739.65,171.228125,244.4,0.5,1778.71,960.9399999999999,2.7331250000000002,0.375,3,-1.0148767776940169,medio
847,20,243.15,12.1575,22.5,0.4,184.98000000000002,58.17,3.5200000000000005,0.25,6,-1.525873560757719,baixo
848,16,2446.15,152.884375,227.85,0.4375,4287.27,-1841.12,5.785,0.4375,4,-1.6134142964438571,baixo
849,15,2567.4,171.16,242.35,0.4,1497.71,1069.69,3.412666666666667,0.5333333333333333,4,0.7187434263109673,medio
850,30,343.6,11.453333333333335,24.05,0.36666666666666664,273.09,70.51,4.245333333333333,0.3333333333333333,4,0.6038681329865222,medio
851,17,84.2,4.952941176470588,9.05,0.47058823529411764,87.68,-3.48,3.650588235294118,0.17647058823529413,4,-3.8391065100296187,baixo
852,27,4458.95,165.1462962962963,238.95,0.4074074074074074,3355.2000000000003,1103.75,3.9088888888888893,0.4074074074074074,6,3.103401348721183,alto
853,19,118.75,6.25,9.9,0.2631578947368421,85.95,32.8,5.8315789473684205,0.47368421052631576,5,-0.1818763595208719,medio
854,18,2973.65,165.20277777777778,242.7,0.2222222222222222,1257.18,1716.47,5.378333333333334,0.3333333333333333,5,0.28963867169772994,medio
855,20,81.75,4.0875,8.9,0.2,48.26,33.489999999999995,4.6315,0.25,8,-0.7138611490543034,medio
856,21,4506.05,214.57380952380953,312.05,0.2857142857142857,1952.7399999999998,2553.31,6.084761904761905,0.3333333333333333,6,2.1868952080530604,alto
857,28,2472.2,88.29285714285713,124.45,0.2857142857142857,1468.34,1003.8599999999999,4.408214285714286,0.35714285714285715,6,2.2813841419879473,alto
858,19,1539.0,81.0,121.7,0.3684210526315789,1440.44,98.56000000000002,5.7357894736842105,0.3157894736842105,5,-1.0878714346100689,medio
859,13,2325.15,178.8576923076923,235.4,0.38461538461538464,1232.6399999999999,1092.51,4.256923076923077,0.07692307692307693,2,-4.753417114106728,baixo
860,22,291.8,13.263636363636364,25.0,0.36363636363636365,269.76,22.039999999999996,5.350454545454546,0.45454545454545453,5,0.35635618689483106,medio
861,18,4160.55,231.14166666666668,315.35,0.2777777777777778,2425.15,1735.3999999999999,3.9922222222222223,0.5,6,2.7311747201219347,alto
862,22,13952.25,634.1931818181819,986.9,0.6363636363636364,20072.9,-6120.65,4.005454545454546,0.22727272727272727,2,-2.0462324838931014,baixo
863,13,63.1,4.853846153846154,9.7,0.38461538461538464,113.63000000000001,-50.529999999999994,5.295384615384616,0.15384615384615385,3,-5.40990961718367,baixo
864,15,2897.4,193.16,262.95,0.4,1431.81,1465.59,3.941333333333333,0.4,3,-0.5891491881637847,medio
865,22,1618.55,73.57045454545454,121.05,0.5,2585.94,-967.3900000000001,3.350909090909091,0.22727272727272727,6,-1.409170757595159,baixo
866,16,199.9,12.49375,22.9,0.375,92.92,106.98,6.5975,0.4375,4,-1.5455646965090657,baixo
867,14,225.8,16.12857142857143,25.0,0.21428571428571427,491.76,-265.96000000000004,7.007857142857143,0.42857142857142855,9,-0.0472646798723263,medio
868,20,872.05,43.6025,69.75,0.35,1100.1,-228.04999999999998,4.7965,0.3,5,-1.440623434931676,baixo
869,22,3257.7,148.0772727272727,234.65,0.4090909090909091,3225.87,31.830000000000048,4.784545454545454,0.3181818181818182,3,-0.847749639053005,medio
870,23,7758.0,337.30434782608694,485.8,0.43478260869565216,5714.72,2043.2800000000002,5.4482608695652175,0.391304347826087,5,3.303721823341779,alto
871,15,2369.85,157.98999999999998,232.45,0.5333333333333333,3117.93,-748.08,3.048666666666667,0.3333333333333333,2,-3.062743634018318,baixo
872,23,948.1,41.221739130434784,66.9,0.21739130434782608,969.84,-21.739999999999995,8.288695652173914,0.4782608695652174,7,1.8491536601438243,alto
873,19,3340.45,175.81315789473683,249.95,0.3684210526315789,2089.36,1251.0900000000001,3.9468421052631575,0.3157894736842105,6,0.6180956831003883,medio
874,22,120.35000000000001,5.470454545454546,9.9,0.4090909090909091,102.98,17.370000000000005,5.048636363636363,0.36363636363636365,5,-0.5380831593667097,medio
875,21,723.65,34.45952380952381,69.6,0.2857142857142857,470.92,252.73000000000002,6.68952380952381,0.38095238095238093,7,0.6030549145919113,medio
876,29,1216.15,41.936206896551724,69.25,0.5517241379310345,2019.53,-803.38,3.713448275862069,0.5172413793103449,3,1.3809621467002287,alto
877,18,6091.6,338.4222222222222,459.0,0.16666666666666666,981.43,5110.17,8.41,0.5,12,7.905598993679023,alto
878,24,860.95,35.87291666666667,69.25,0.2916666666666667,549.4399999999999,311.51,4.165416666666666,0.4583333333333333,6,1.589291162773872,alto
879,25,1014.1,40.564,68.2,0.32,616.99,397.11,5.679200000000001,0.44,4,0.8413528796092753,alto
880,21,98.45,4.688095238095238,9.95,0.47619047619047616,131.65,-33.2,5.139047619047619,0.47619047619047616,7,1.1242000770335763,alto
881,19,622.5,32.76315789473684,66.15,0.3684210526315789,457.61,164.89,5.537894736842105,0.42105263157894735,7,0.4663864718726712,medio
882,29,4694.6,161.88275862068966,244.15,0.4827586206896552,4377.93,316.66999999999996,4.048620689655173,0.3793103448275862,4,1.970979729227408,alto
883,22,357.05,16.229545454545455,24.9,0.4090909090909091,489.64,-132.59,3.2195454545454543,0.2727272727272727,3,-2.2626265432548673,baixo
884,21,3589.8,170.94285714285715,241.3,0.5714285714285714,3693.02,-103.21999999999997,3.078095238095238,0.38095238095238093,5,0.47352186695498694,medio
885,14,4805.6,343.25714285714287,495.5,0.42857142857142855,3860.26,945.34,4.618571428571428,0.35714285714285715,5,0.4300463892929128,medio
886,14,76.35,5.453571428571428,9.55,0.5,107.22,-30.869999999999997,3.4971428571428573,0.42857142857142855,2,-3.0784380874801816,baixo
887,16,1468.35,91.771875,118.1,0.375,2727.2400000000002,-1258.89,5.0325,0.3125,4,-2.8777146244277096,baixo
888,30,2327.55,77.58500000000001,119.25,0.36666666666666664,1304.53,1023.02,3.7373333333333334,0.43333333333333335,7,3.8087706664397496,alto
889,13,1152.6,88.66153846153846,124.1,0.6153846153846154,2154.52,-1001.92,4.196923076923077,0.38461538461538464,2,-3.6504669769465536,baixo
890,15,2814.25,187.61666666666667,306.7,0.6,3687.77,-873.52,3.448,0.26666666666666666,2,-3.540005502679279,baixo
891,21,775.0,36.904761904761905,65.8,0.2857142857142857,1609.92,-834.92,6.980476190476191,0.42857142857142855,7,0.48108932499042434,medio
892,12,2120.65,176.72083333333333,250.25,0.3333333333333333,1935.46,185.18999999999997,5.427499999999999,0.3333333333333333,4,-2.2291985287216893,baixo
893,18,1176.15,65.34166666666667,104.5,0.5,1481.22,-305.07000000000005,4.495555555555556,0.4444444444444444,3,-1.3286557617625359,baixo
894,23,8339.1,362.5695652173913,494.65,0.2608695652173913,14330.61,-5991.51,5.7013043478260865,0.6086956521739131,9,2.9746419653042424,alto
895,13,136.65,10.511538461538462,23.45,0.46153846153846156,48.22,88.43,3.39,0.38461538461538464,3,-3.1691905329464456,baixo
896,13,69.75,5.365384615384615,10.0,0.23076923076923078,27.98,41.77,3.388461538461539,0.6153846153846154,6,0.21955559798549018,medio
897,22,294.1,13.368181818181819,22.0,0.3181818181818182,194.51,99.59,5.760454545454546,0.2727272727272727,8,0.04283711686105052,medio
898,26,4763.55,183.21346153846156,249.1,0.46153846153846156,4800.51,-36.96000000000001,3.2853846153846153,0.2692307692307692,3,-0.19745810054051927,medio
899,17,1044.3,61.42941176470588,121.3,0.47058823529411764,1250.49,-206.19,3.8829411764705886,0.35294117647058826,5,-1.490126397121333,baixo
900,19,6965.2,366.58947368421053,494.05,0.42105263157894735,5408.93,1556.27,4.455263157894737,0.2631578947368421,4,0.7285894490835527,medio
901,29,1018.95,35.13620689655173,69.2,0.4827586206896552,1492.54,-473.59000000000003,4.514827586206897,0.3448275862068966,5,0.8002513120656528,alto
902,16,2703.15,168.946875,241.45,0.375,3999.9,-1296.7499999999998,5.84875,0.3125,3,-2.8064860911156257,baixo
903,23,949.25,41.27173913043478,69.45,0.4782608695652174,1323.75,-374.5,4.477391304347826,0.30434782608695654,4,-1.2626613891936573,baixo
904,18,2408.95,133.83055555555555,231.7,0.2777777777777778,1565.73,843.22,7.500555555555555,0.4444444444444444,6,1.0744190231947988,alto
905,24,3581.6,149.23333333333332,242.2,0.2916666666666667,1422.52,2159.08,3.94375,0.4166666666666667,5,2.527409326489007,alto
906,15,612.15,40.809999999999995,61.95,0.2,227.82,384.33000000000004,4.276,0.26666666666666666,7,-1.6812998992241244,baixo
907,27,4289.3,158.86296296296297,247.7,0.2962962962962963,4150.04,139.26000000000002,4.8674074074074065,0.37037037037037035,8,3.086855711735854,alto
908,15,3051.15,203.41,311.5,0.6666666666666666,8484.24,-5433.09,4.6659999999999995,0.2,2,-6.468572265393516,baixo
909,33,2611.5,79.13636363636364,120.85,0.30303030303030304,1532.52,1078.98,5.744848484848485,0.36363636363636365,9,4.7593522380114255,alto
910,14,1193.9,85.27857142857144,122.25,0.35714285714285715,397.22,796.6800000000001,3.2264285714285714,0.35714285714285715,4,-1.8666813152858057,baixo
911,21,275.25,13.107142857142858,24.55,0.42857142857142855,185.91,89.34,4.87047619047619,0.42857142857142855,5,-0.07250295322323386,medio
912,20,310.7,15.535,25.0,0.25,340.32,-29.62,3.6410000000000005,0.45,8,1.175660417888424,alto
913,26,9063.75,348.6057692307692,465.15,0.3076923076923077,4253.3,4810.45,4.048461538461539,0.46153846153846156,6,6.611963720414306,alto
914,20,3043.65,152.1825,231.3,0.45,2948.83,94.82000000000001,5.534,0.45,5,0.862142826169811,alto
915,17,1420.95,83.58529411764707,123.3,0.35294117647058826,833.1600000000001,587.79,4.517647058823529,0.35294117647058826,4,-1.355975500312709,baixo
916,15,1108.65,73.91000000000001,123.9,0.4,1184.17,-75.51999999999998,3.3826666666666667,0.4666666666666667,4,-1.1744890718745478,medio
917,20,91.9,4.595000000000001,9.85,0.4,61.89,30.009999999999998,5.3335,0.3,4,-2.01261752635602,baixo
918,22,1731.05,78.68409090909091,120.45,0.22727272727272727,1094.79,636.26,5.843181818181819,0.36363636363636365,7,1.175893341237434,alto
919,18,3576.55,198.69722222222222,304.6,0.3888888888888889,2449.06,1127.49,3.7211111111111115,0.3888888888888889,4,0.27936978077509833,medio
920,23,3489.8,151.7304347826087,230.7,0.34782608695652173,4969.5,-1479.6999999999998,4.009130434782608,0.34782608695652173,8,1.0734892168187846,alto
921,12,47.6,3.966666666666667,8.15,0.16666666666666666,9.21,38.39,5.815,0.3333333333333333,5,-3.0570481898604798,baixo
922,18,93.15,5.175000000000001,9.6,0.2222222222222222,37.629999999999995,55.519999999999996,4.8261111111111115,0.3333333333333333,5,-1.6954108036739663,baixo
923,20,3581.9,179.095,247.1,0.45,7373.12,-3791.22,5.254,0.45,3,-1.8979451761496,baixo
924,26,3905.0,150.19230769230768,249.65,0.5384615384615384,7913.16,-4008.1599999999994,4.495384615384615,0.19230769230769232,4,-2.8039295299255484,baixo
925,17,3265.9,192.11176470588236,268.75,0.29411764705882354,1286.63,1979.27,4.23764705882353,0.29411764705882354,5,0.02902591014121536,medio
926,17,477.15,28.06764705882353,62.4,0.35294117647058826,184.56,292.59,5.621764705882352,0.5294117647058824,5,0.17226345911544505,medio
927,19,1495.4,78.70526315789475,122.95,0.2631578947368421,708.11,787.29,4.212631578947369,0.5789473684210527,9,3.4502726153237595,alto
928,19,2688.1,141.47894736842105,231.4,0.47368421052631576,1831.07,857.03,3.845789473684211,0.21052631578947367,2,-2.5599050400839687,baixo
929,18,2917.55,162.0861111111111,245.85,0.16666666666666666,5441.75,-2524.2,7.997777777777778,0.4444444444444444,11,1.6816815506250495,alto
930,19,905.45,47.65526315789474,66.35,0.2631578947368421,541.45,364.0,3.9673684210526314,0.2631578947368421,7,-0.7811542176041435,medio
931,19,1562.6,82.2421052631579,118.85,0.42105263157894735,1035.1,527.5,3.2315789473684213,0.21052631578947367,6,-1.3816650601806644,baixo
932,17,5648.95,332.2911764705882,483.3,0.29411764705882354,2662.37,2986.58,5.353529411764705,0.35294117647058826,7,2.9531595021952035,alto
933,26,377.6,14.523076923076925,24.0,0.4230769230769231,330.21,47.39000000000001,4.014230769230769,0.46153846153846156,5,1.33912499960783,alto
934,19,3223.0,169.6315789473684,243.95,0.3157894736842105,1425.12,1797.88,5.47578947368421,0.3157894736842105,4,-0.014690731376894639,medio
935,20,292.84999999999997,14.642499999999998,24.8,0.25,471.69,-178.84,6.599500000000001,0.5,8,1.5512721840356094,alto
936,25,4105.8,164.232,248.5,0.56,5512.81,-1407.01,4.2164,0.44,6,1.6155168698988058,alto
937,27,4102.4,151.94074074074072,229.65,0.2222222222222222,2292.34,1810.06,5.102962962962963,0.5185185185185185,5,3.9718902103465883,alto
938,20,3030.45,151.52249999999998,239.9,0.45,3791.56,-761.1099999999999,5.616,0.55,3,0.44417949062410456,medio
939,20,709.05,35.4525,68.8,0.45,688.68,20.370000000000005,3.339,0.55,3,0.05972586192975071,medio
940,27,2106.3,78.01111111111112,122.65,0.18518518518518517,1471.69,634.61,4.734444444444445,0.48148148148148145,8,3.8175590905462777,alto
941,22,122.5,5.568181818181818,10.0,0.36363636363636365,89.97,32.53,3.8468181818181817,0.2727272727272727,9,0.39382933435193024,medio
942,25,18613.4,744.5360000000001,985.35,0.28,16870.440000000002,1742.96,5.6808000000000005,0.4,6,6.918442660865976,alto
943,23,912.75,39.68478260869565,69.95,0.34782608695652173,830.63,82.11999999999998,4.061739130434782,0.34782608695652173,4,-0.6300680259368837,medio
944,18,6106.0,339.22222222222223,476.3,0.4444444444444444,3603.88,2502.12,3.8794444444444443,0.2222222222222222,5,0.8814628716610562,alto
945,20,3351.35,167.5675,246.85,0.35,1569.74,1781.6100000000001,4.8420000000000005,0.25,5,0.020201594789232002,medio
946,19,2727.8,143.56842105263158,239.25,0.3157894736842105,1750.92,976.8800000000001,4.512105263157895,0.42105263157894735,6,1.220868229410795,alto
947,18,1613.55,89.64166666666667,122.95,0.3888888888888889,1334.94,278.61,4.499444444444444,0.2777777777777778,5,-1.5072051773029325,baixo
948,17,85.1,5.0058823529411764,9.75,0.5294117647058824,158.31,-73.21,4.508235294117647,0.47058823529411764,4,-1.163754949479701,medio
949,24,115.2,4.8,9.15,0.2916666666666667,57.800000000000004,57.4,4.423333333333333,0.2916666666666667,11,1.9051850698136352,alto
950,17,1436.45,84.49705882352941,123.5,0.47058823529411764,1509.3700000000001,-72.91999999999992,3.434705882352941,0.35294117647058826,2,-2.581475643450564,baixo
951,20,3192.15,159.60750000000002,245.95,0.3,3844.35,-652.1999999999999,5.2625,0.45,7,1.397107204105962,alto
952,29,4553.95,157.03275862068966,242.7,0.3448275862068966,4231.12,322.8299999999999,6.6017241379310345,0.3103448275862069,6,2.1856372208524144,alto
953,20,1531.65,76.58250000000001,122.25,0.35,809.99,721.66,3.9534999999999996,0.35,3,-1.1284701982171972,medio
954,20,114.35,5.717499999999999,10.0,0.25,57.31,57.04,3.6340000000000003,0.4,5,-0.6280670180937682,medio
955,23,8081.8,351.3826086956522,493.85,0.30434782608695654,4248.88,3832.92,4.23391304347826,0.30434782608695654,4,3.109428085294953,alto
956,20,99.75,4.9875,9.7,0.15,63.01,36.74,4.925,0.2,12,0.5944701779341388,medio
957,17,3310.6,194.74117647058824,248.85,0.4117647058823529,2802.17,508.42999999999995,4.591176470588235,0.29411764705882354,4,-1.174726335007711,medio
958,23,958.8000000000001,41.686956521739134,67.9,0.391304347826087,503.22,455.58000000000004,3.2734782608695654,0.43478260869565216,8,2.1454273167400926,alto
959,19,3051.5,160.60526315789474,238.5,0.3684210526315789,3368.4500000000003,-316.95000000000005,4.153684210526316,0.3157894736842105,7,0.12053045957741987,medio
960,16,631.3000000000001,39.456250000000004,70.0,0.1875,91.15,540.15,4.2837499999999995,0.375,10,0.9362216805727166,alto
961,15,70.65,4.71,9.35,0.26666666666666666,53.68,16.97,7.3886666666666665,0.4666666666666667,3,-2.0424711170960466,baixo
962,26,2209.75,84.99038461538461,122.05,0.38461538461538464,1546.12,663.63,3.8034615384615384,0.19230769230769232,6,0.1098531403176044,medio
963,23,4058.25,176.44565217391303,248.7,0.13043478260869565,1203.7,2854.55,5.203913043478261,0.391304347826087,13,6.149419106035268,alto
964,26,2275.85,87.5326923076923,123.45,0.23076923076923078,1170.11,1105.74,6.687307692307693,0.34615384615384615,9,3.1019675359888934,alto
965,26,430.84999999999997,16.571153846153845,24.5,0.15384615384615385,480.79,-49.94000000000001,5.9496153846153845,0.4230769230769231,14,4.910132564274339,alto
966,24,327.35,13.639583333333334,24.3,0.4166666666666667,204.38,122.97,3.2587500000000005,0.3333333333333333,8,1.06404367544522,alto
967,23,3836.85,166.8195652173913,242.45,0.21739130434782608,1278.71,2558.14,5.2299999999999995,0.30434782608695654,9,3.362336998177267,alto
968,13,58.199999999999996,4.476923076923077,9.7,0.15384615384615385,56.78,1.42,5.070769230769231,0.3076923076923077,6,-2.6452124171285383,baixo
969,27,5398.0,199.92592592592592,317.75,0.37037037037037035,4294.25,1103.7500000000002,5.051481481481482,0.37037037037037035,6,3.0015044517499154,alto
970,21,3145.4,149.78095238095239,237.55,0.3333333333333333,2189.17,956.23,5.426666666666667,0.38095238095238093,9,2.6520946439500177,alto
971,19,269.65,14.192105263157893,24.75,0.47368421052631576,211.42000000000002,58.230000000000004,3.5294736842105263,0.42105263157894735,3,-1.4796832400571192,baixo
972,16,263.15,16.446875,24.9,0.5625,366.82,-103.67,5.528125,0.3125,4,-2.782869932831107,baixo
973,24,3824.45,159.35208333333333,248.8,0.375,5544.67,-1720.2199999999998,6.13,0.4166666666666667,5,0.5359247877191426,medio
974,16,5558.05,347.378125,490.1,0.3125,4492.97,1065.08,4.923125,0.375,5,1.134789812723183,alto
975,25,920.4,36.816,66.5,0.44,839.06,81.33999999999997,3.4976,0.36,8,1.6715276996060742,alto
976,20,91.55,4.5775,9.8,0.35,69.83,21.720000000000002,4.73,0.25,5,-2.0378265585533475,baixo
977,19,6011.05,316.37105263157895,480.55,0.3157894736842105,3110.91,2900.14,5.11,0.42105263157894735,5,2.992943108672667,alto
978,22,978.1,44.45909090909091,68.35,0.5,1628.1200000000001,-650.0200000000001,3.7122727272727274,0.4090909090909091,5,-0.20493902934185104,medio
979,11,365.1,33.190909090909095,65.35,0.09090909090909091,171.84,193.26,6.430000000000001,0.2727272727272727,10,-1.3544828915736962,baixo
980,23,298.95,12.997826086956522,25.0,0.391304347826087,367.15000000000003,-68.2,4.099565217391304,0.30434782608695654,6,-0.41398598980794044,medio
981,31,21840.55,704.5338709677419,978.55,0.4838709677419355,21099.68,740.8699999999994,4.575161290322581,0.2903225806451613,5,6.002920494637508,alto
982,18,222.15,12.341666666666667,19.15,0.3888888888888889,339.69,-117.53999999999999,4.559444444444445,0.3888888888888889,4,-1.6660764770346648,baixo
983,18,229.2,12.733333333333333,23.45,0.3333333333333333,267.4,-38.20000000000002,4.953888888888889,0.3333333333333333,6,-1.2527706605797453,baixo
984,18,2905.65,161.425,241.75,0.3888888888888889,2110.38,795.2699999999999,4.363888888888889,0.5,3,0.4302432165238972,medio
985,21,1586.25,75.53571428571429,117.55,0.5238095238095238,1083.5,502.75,3.439047619047619,0.2857142857142857,4,-1.180372305738835,medio
986,21,121.2,5.771428571428571,9.4,0.2857142857142857,74.63,46.57,6.132857142857143,0.47619047619047616,10,2.4951357978236173,alto
987,22,4175.85,189.81136363636367,318.3,0.5,4977.65,-801.8,4.161818181818182,0.36363636363636365,4,-0.14365657521205902,medio
988,24,3775.55,157.31458333333333,227.85,0.375,4559.59,-784.0400000000001,5.119583333333334,0.2916666666666667,6,0.30705716366586844,medio
989,21,101.95,4.854761904761905,9.85,0.47619047619047616,90.33,11.620000000000001,5.185714285714286,0.23809523809523808,4,-2.3673830985069886,baixo
990,18,1471.05,81.725,122.1,0.4444444444444444,1082.27,388.78,5.568888888888889,0.3333333333333333,4,-1.4313000932516156,baixo
991,25,5294.3,211.77200000000002,319.7,0.48,4038.3900000000003,1255.91,3.48,0.36,3,1.299184946960682,alto
992,26,377.0,14.5,24.6,0.07692307692307693,102.28,274.72,5.406538461538461,0.46153846153846156,17,6.744104045336171,alto
993,22,1780.9,80.95,114.25,0.3181818181818182,976.89,804.01,3.680909090909091,0.36363636363636365,6,0.8402731681399009,alto
994,19,773.25,40.69736842105263,68.9,0.3157894736842105,430.75,342.5,3.6999999999999997,0.47368421052631576,4,-0.2203554608449554,medio
995,18,12082.15,671.2305555555555,948.15,0.4444444444444444,6958.75,5123.4,3.6027777777777774,0.2777777777777778,2,3.7528357754374873,alto
996,18,83.7,4.65,9.55,0.2777777777777778,93.99000000000001,-10.290000000000001,4.783333333333334,0.3333333333333333,10,0.46781770535584766,medio
997,22,107.2,4.872727272727273,9.75,0.5,111.21,-4.010000000000001,5.9340909090909095,0.2727272727272727,3,-2.2725520741894054,baixo
998,14,1050.95,75.06785714285715,123.05,0.35714285714285715,546.35,504.6,3.442142857142857,0.35714285714285715,5,-1.6518585179178273,baixo
999,18,1407.55,78.19722222222222,121.6,0.3333333333333333,620.77,786.78,3.623333333333333,0.3888888888888889,7,0.5892263696902803,medio
1000,26,127.55,4.905769230769231,8.6,0.19230769230769232,29.759999999999998,97.78999999999999,6.746153846153846,0.34615384615384615,7,1.1164166539371976,alto
1001,11,428.65000000000003,38.96818181818182,68.9,0.36363636363636365,306.31,122.33999999999999,3.35,0.09090909090909091,3,-6.11143107245043,baixo
1002,27,1041.9,38.588888888888896,67.75,0.2222222222222222,243.55,798.35,7.025185185185186,0.4444444444444444,9,3.7318017171457907,alto
1003,31,1149.35,37.0758064516129,67.55,0.3870967741935484,802.72,346.63,4.476774193548387,0.4838709677419355,10,5.181415493031372,alto
1004,26,969.2,37.276923076923076,68.9,0.4230769230769231,1065.6,-96.39999999999998,4.762692307692308,0.2692307692307692,4,-0.794126962153588,medio
1005,23,3564.95,154.9978260869565,244.35,0.5652173913043478,3432.12,132.83,2.954782608695652,0.4782608695652174,3,0.953707003091791,alto
1006,18,3692.3,205.1277777777778,303.6,0.3888888888888889,4419.42,-727.1199999999999,4.34,0.2777777777777778,6,-0.8055631746225621,medio
1007,15,517.25,34.483333333333334,69.9,0.4,369.19,148.06000000000003,3.098666666666667,0.26666666666666666,4,-3.1715138237538105,baixo
1008,18,1350.95,75.05277777777778,119.9,0.2777777777777778,543.37,807.58,3.6244444444444444,0.3888888888888889,4,-0.74247351592635,medio
1009,25,8097.5,323.9,493.75,0.24,2746.85,5350.65,3.0071999999999997,0.24,9,5.783038988613072,alto
1010,15,588.7,39.24666666666667,67.2,0.5333333333333333,567.76,20.94000000000001,3.7366666666666664,0.4,4,-1.9767826147545786,baixo
1011,16,101.25,6.328125,9.55,0.1875,21.93,79.32000000000001,4.49625,0.4375,11,1.479797356940601,alto
1012,27,9815.95,363.5537037037037,486.6,0.48148148148148145,15667.47,-5851.52,4.217037037037037,0.2962962962962963,5,-0.6901169207588547,medio
1013,16,543.1,33.94375,67.6,0.3125,429.55,113.54999999999998,4.175,0.125,4,-4.275830182648168,baixo
1014,18,1355.35,75.29722222222222,123.1,0.2777777777777778,893.13,462.22,5.280555555555555,0.2777777777777778,6,-1.068112598457662,medio
1015,24,328.0,13.666666666666666,23.45,0.3333333333333333,194.72,133.28,4.03625,0.375,5,0.1328259585038145,medio
1016,19,6303.3,331.7526315789474,491.1,0.47368421052631576,8376.23,-2072.93,4.348421052631579,0.42105263157894735,4,0.01619922488281622,medio
1017,10,1746.4,174.64000000000001,217.45,0.3,874.8,871.6,3.12,0.4,3,-2.15252705181829,baixo
1018,21,100.15,4.769047619047619,8.9,0.38095238095238093,92.34,7.810000000000003,5.018095238095238,0.23809523809523808,4,-2.3699980159817553,baixo
1019,16,533.5,33.34375,63.4,0.3125,352.6,180.9,4.614375,0.125,4,-4.244178703220911,baixo
1020,17,1451.45,85.37941176470588,117.3,0.35294117647058826,977.01,474.44,5.563529411764707,0.35294117647058826,4,-1.4038412541248186,baixo
1021,16,522.65,32.665625,67.7,0.25,684.92,-162.27,5.983125,0.375,6,-1.2452320046803584,baixo
1022,26,827.05,31.809615384615384,68.5,0.4230769230769231,1217.43,-390.38000000000005,3.3853846153846154,0.19230769230769232,5,-1.2569352657784634,baixo
1023,20,812.05,40.6025,68.9,0.25,820.24,-8.189999999999994,4.603,0.3,6,-0.9041110044273832,medio
1024,22,3524.15,160.18863636363636,246.15,0.2727272727272727,2779.6099999999997,744.54,5.8931818181818185,0.45454545454545453,6,2.1928656819440864,alto
1025,16,2636.25,164.765625,248.05,0.3125,971.78,1664.47,4.6075,0.375,5,0.19513251201220505,medio
1026,20,1507.45,75.3725,120.1,0.5,1614.3,-106.85000000000002,4.512,0.25,4,-2.0587510641110356,baixo
1027,25,17460.0,698.4,977.65,0.44,23571.98,-6111.98,3.4808,0.28,6,1.320485087865638,alto
1028,14,2143.65,153.11785714285716,233.4,0.5,4328.12,-2184.4700000000003,4.086428571428572,0.21428571428571427,3,-4.740913617629205,baixo
1029,23,15673.4,681.4521739130435,951.15,0.30434782608695654,8370.47,7302.93,4.785217391304348,0.34782608695652173,6,8.508850353345126,alto
1030,22,116.95,5.315909090909091,10.0,0.3181818181818182,140.56,-23.610000000000007,4.640909090909091,0.3181818181818182,5,-0.9800548713171335,medio
1031,24,4117.65,171.56875,233.6,0.3333333333333333,2015.48,2102.17,4.526666666666666,0.2916666666666667,5,1.4984383956569038,alto
1032,18,288.34999999999997,16.019444444444442,23.9,0.2222222222222222,96.56,191.79,4.884444444444444,0.5555555555555556,9,2.2622525418154593,alto
1033,22,351.2,15.963636363636363,24.7,0.3181818181818182,300.89,50.30999999999999,5.174090909090909,0.36363636363636365,4,-0.8886494190022212,medio
1034,16,218.15,13.634375,24.75,0.4375,178.92000000000002,39.230000000000004,3.913125,0.25,4,-3.3026273635403154,baixo
1035,22,865.6,39.345454545454544,63.25,0.36363636363636365,1142.3600000000001,-276.76000000000005,3.7759090909090904,0.18181818181818182,4,-2.5778720451963704,baixo
1036,18,1410.75,78.375,119.75,0.2777777777777778,563.6600000000001,847.09,4.933333333333334,0.2222222222222222,7,-0.9143248967568318,medio
1037,19,767.5,40.39473684210526,58.8,0.5263157894736842,459.54,307.96,2.978421052631579,0.2631578947368421,3,-2.622402510182317,baixo
1038,20,3297.05,164.85250000000002,248.95,0.5,4386.650000000001,-1089.6000000000001,5.0185,0.45,6,0.7604758775611401,alto
1039,19,741.45,39.02368421052632,69.8,0.2631578947368421,256.17,485.28000000000003,4.8715789473684215,0.3157894736842105,6,-0.7312332770284609,medio
1040,26,2328.3,89.55000000000001,120.4,0.46153846153846156,2174.77,153.52999999999997,5.085384615384616,0.38461538461538464,3,0.3224015792829988,medio
1041,18,2865.35,159.1861111111111,223.1,0.5,4370.66,-1505.31,4.037222222222223,0.2777777777777778,3,-2.856649671754209,baixo
1042,21,775.05,36.90714285714286,69.9,0.6666666666666666,875.46,-100.41,2.711904761904762,0.42857142857142855,2,-1.3304376509338,baixo
1043,16,618.45,38.653125,67.95,0.25,226.87,391.58000000000004,3.61875,0.3125,7,-1.0456469859578745,medio
1044,10,116.9,11.690000000000001,16.35,0.6,96.33,20.57,3.418,0.3,3,-4.6494650291150466,baixo
1045,20,4480.7,224.035,318.7,0.4,5618.39,-1137.6899999999996,5.2909999999999995,0.35,4,-0.6601477896998852,medio
1046,26,5118.9,196.8807692307692,316.65,0.3076923076923077,4396.639999999999,722.2600000000002,5.5588461538461535,0.38461538461538464,14,6.208043529763229,alto
1047,14,2275.85,162.56071428571428,243.5,0.2857142857142857,1426.94,848.9099999999999,4.758571428571429,0.42857142857142855,6,0.2328781709024439,medio
1048,13,177.79999999999998,13.676923076923076,23.15,0.38461538461538464,275.89,-98.09,6.764615384615384,0.46153846153846156,6,-1.2160969427023534,baixo
1049,24,3991.05,166.29375000000002,246.6,0.5416666666666666,7588.530000000001,-3597.48,4.890416666666667,0.375,4,-1.2382670435886314,baixo
1050,12,2195.5,182.95833333333334,249.3,0.4166666666666667,1088.3200000000002,1107.18,2.953333333333333,0.16666666666666666,3,-3.6735242840686384,baixo
1051,20,884.1999999999999,44.209999999999994,70.0,0.15,201.08,683.12,5.071,0.3,12,2.1302340449565844,alto
1052,15,593.25,39.55,68.65,0.2,276.28999999999996,316.96,4.836,0.26666666666666666,9,-0.8450516911639491,medio
1053,15,1200.45,80.03,123.1,0.13333333333333333,198.82999999999998,1001.62,7.681333333333333,0.5333333333333333,9,2.256536069419462,alto
1054,14,161.2,11.514285714285714,18.5,0.5714285714285714,113.59,47.61,1.9371428571428573,0.07142857142857142,3,-5.847807849541375,baixo
1055,19,633.8,33.357894736842105,63.2,0.3684210526315789,1005.98,-372.18,5.175263157894737,0.5263157894736842,5,0.2750197418833775,medio
1056,21,865.65,41.22142857142857,67.55,0.3333333333333333,847.74,17.910000000000018,4.239047619047619,0.3333333333333333,3,-1.675667306312281,baixo
1057,24,895.3,37.30416666666667,68.1,0.3333333333333333,541.21,354.09000000000003,4.027083333333334,0.5,5,1.565618771845418,alto
1058,27,2014.1,74.59629629629629,115.95,0.37037037037037035,1043.47,970.63,4.333333333333333,0.4444444444444444,5,2.309967425046148,alto
1059,24,3760.75,156.69791666666666,237.05,0.4166666666666667,3250.0299999999997,510.71999999999997,5.4325,0.4166666666666667,4,1.262647447904404,alto
1060,24,358.7,14.945833333333333,24.2,0.4166666666666667,216.85999999999999,141.84,5.7375,0.3333333333333333,3,-1.1187430666301459,medio
1061,23,3881.45,168.7586956521739,289.55,0.13043478260869565,1256.72,2624.73,6.104782608695652,0.43478260869565216,9,4.613807632498526,alto
1062,19,261.3,13.75263157894737,23.85,0.3157894736842105,247.38000000000002,13.919999999999987,4.902105263157895,0.47368421052631576,5,-0.14021755496622457,medio
1063,19,4124.35,217.07105263157897,309.1,0.3157894736842105,3996.3099999999995,128.03999999999996,5.143684210526316,0.42105263157894735,8,2.1569828365155375,alto
1064,21,799.95,38.09285714285714,67.5,0.23809523809523808,416.45,383.5,5.576666666666666,0.6666666666666666,8,3.7724820195076276,alto
1065,18,784.15,43.56388888888889,68.35,0.16666666666666666,391.67,392.48,5.1561111111111115,0.4444444444444444,7,0.6533845680362345,medio
1066,17,1491.2,87.71764705882353,119.5,0.29411764705882354,535.95,955.25,6.478823529411764,0.47058823529411764,7,1.2736406083667087,alto
1067,18,2878.75,159.93055555555554,249.0,0.3333333333333333,4442.41,-1563.66,4.791666666666667,0.16666666666666666,5,-3.0263461363949062,baixo
1068,14,2050.9,146.49285714285716,218.2,0.42857142857142855,1648.68,402.22,4.867142857142857,0.21428571428571427,4,-2.9718018940076867,baixo
1069,20,4205.55,210.2775,304.4,0.55,4172.76,32.789999999999964,4.007,0.3,3,-1.034426323014194,medio
1070,18,2981.95,165.6638888888889,229.2,0.5,6727.320000000001,-3745.3699999999994,4.683888888888889,0.2222222222222222,7,-2.7530608608184295,baixo
1071,12,1922.6000000000001,160.21666666666667,230.8,0.3333333333333333,928.1400000000001,994.46,4.01,0.3333333333333333,4,-1.912914528510115,baixo
1072,23,678.1999999999999,29.486956521739128,67.3,0.391304347826087,883.24,-205.04000000000002,3.786521739130435,0.2608695652173913,8,0.10672573620000181,medio
1073,19,121.15,6.376315789473685,9.6,0.3684210526315789,101.49,19.660000000000004,4.6010526315789475,0.3684210526315789,4,-1.5989739579761255,baixo
1074,21,101.05,4.811904761904762,9.85,0.38095238095238093,72.59,28.46,4.87047619047619,0.38095238095238093,6,-0.16073075486305505,medio
1075,10,2278.85,227.885,313.2,0.5,2134.1400000000003,144.71000000000004,2.798,0.4,2,-2.6122715779533747,baixo
1076,24,4636.75,193.19791666666666,313.1,0.375,4167.71,469.04,4.2575,0.25,5,0.3955147953981175,medio
1077,29,2293.3,79.07931034482759,118.45,0.41379310344827586,2184.59,108.70999999999998,5.174137931034482,0.3448275862068966,6,1.852760651400557,alto
1078,9,56.55,6.283333333333333,8.95,0.5555555555555556,73.93,-17.380000000000003,3.3966666666666665,0.3333333333333333,2,-5.063912521477871,baixo
1079,21,89.44999999999999,4.259523809523809,10.0,0.42857142857142855,35.98,53.47,3.8614285714285717,0.19047619047619047,4,-2.7883394428778594,baixo
1080,21,1739.55,82.83571428571429,120.7,0.38095238095238093,1314.0,425.55,5.345238095238095,0.3333333333333333,4,-0.7320052345785582,medio
1081,25,1039.05,41.562,69.9,0.52,1573.45,-534.4,4.1808,0.28,3,-1.5624234538957396,baixo
1082,20,12196.85,609.8425,959.35,0.3,5356.83,6840.02,4.416,0.15,8,6.154007123212183,alto
1083,19,854.7,44.98421052631579,65.9,0.15789473684210525,253.66,601.04,4.2642105263157895,0.2631578947368421,7,-0.6736096792379306,medio
1084,24,4229.15,176.2145833333333,249.8,0.4166666666666667,3467.37,761.7800000000001,4.428333333333334,0.375,6,2.0270263158538717,alto
1085,28,4638.05,165.64464285714286,244.15,0.32142857142857145,2705.43,1932.6200000000001,4.901428571428572,0.5,9,5.946152490742167,alto
1086,19,6319.5,332.60526315789474,489.1,0.42105263157894735,17450.11,-11130.61,4.6089473684210525,0.3157894736842105,5,-5.320829280119934,baixo
1087,29,4718.95,162.72241379310344,247.1,0.3793103448275862,3329.32,1389.6299999999999,4.600344827586206,0.27586206896551724,5,2.0333371555773927,alto
1088,25,977.25,39.09,69.2,0.4,974.6800000000001,2.5700000000000003,4.574,0.36,5,0.3242541007201508,medio
1089,21,4671.5,222.45238095238096,307.2,0.19047619047619047,1494.84,3176.66,8.466190476190476,0.38095238095238093,7,3.451836070030387,alto
1090,20,117.4,5.87,9.85,0.3,99.09,18.309999999999995,4.3205,0.3,6,-1.1293248104923705,medio
1091,31,6267.8,202.18709677419355,313.4,0.3870967741935484,4786.79,1481.01,4.061290322580645,0.3548387096774194,5,3.5300953357011116,alto
1092,28,1182.85,42.24464285714286,68.15,0.39285714285714285,744.9200000000001,437.93,4.28,0.25,5,0.23511307485723965,medio
1093,18,750.35,41.68611111111111,69.85,0.3333333333333333,943.23,-192.88000000000005,4.367222222222222,0.3888888888888889,6,-0.6232096489446135,medio
1094,14,1252.75,89.48214285714286,124.05,0.6428571428571429,1554.1200000000001,-301.37,3.579285714285714,0.2857142857142857,2,-3.960512643525248,baixo
1095,26,17491.9,672.7653846153846,981.2,0.38461538461538464,14488.9,3003.0000000000005,5.045,0.34615384615384615,3,5.499906294489409,alto
1096,11,2305.9,209.62727272727273,310.1,0.09090909090909091,118.88,2187.02,6.862727272727272,0.6363636363636364,6,2.512061964652791,alto
1097,17,235.9,13.876470588235295,24.85,0.5882352941176471,385.86,-149.96,5.012941176470588,0.5882352941176471,3,-0.49896750801070766,medio
1098,24,1917.05,79.87708333333333,124.85,0.5416666666666666,1945.17,-28.12000000000001,4.172916666666667,0.4166666666666667,3,0.00671438777438671,medio
1099,17,6434.3,378.48823529411766,487.1,0.47058823529411764,7162.62,-728.3199999999999,3.743529411764706,0.35294117647058826,2,-0.9042202601184116,medio
1100,22,272.0,12.363636363636363,22.75,0.36363636363636365,211.6,60.4,5.358181818181818,0.4090909090909091,5,-0.048595494595207844,medio
1101,16,3363.85,210.240625,310.15,0.3125,1674.01,1689.8400000000001,3.53875,0.3125,3,-0.9351144043591826,medio
1102,15,554.55,36.97,63.9,0.4666666666666667,1053.55,-498.99999999999994,5.782666666666667,0.4,3,-2.7090916544249883,baixo
1103,26,2058.2,79.16153846153846,119.2,0.4230769230769231,1539.68,518.52,5.379615384615385,0.3076923076923077,6,1.0565456865144882,alto
1104,17,1493.95,87.87941176470588,123.3,0.35294117647058826,1085.26,408.69000000000005,4.166470588235294,0.29411764705882354,5,-1.523597116344242,baixo
1105,20,771.3,38.565,68.75,0.25,346.8,424.5,5.8765,0.45,8,1.5756174412691102,alto
1106,21,269.2,12.819047619047618,24.5,0.2857142857142857,111.71000000000001,157.49,5.82952380952381,0.3333333333333333,6,-0.4760982792272397,medio
1107,23,284.3,12.360869565217392,22.8,0.4782608695652174,302.06,-17.76000000000001,5.578260869565218,0.30434782608695654,3,-1.712661506232985,baixo
1108,16,554.6,34.6625,62.4,0.5,678.74,-124.14,5.11,0.375,3,-2.532302098428874,baixo
1109,22,106.45,4.838636363636364,9.0,0.3181818181818182,51.66,54.790000000000006,3.580909090909091,0.5454545454545454,4,0.7136155465937246,medio
1110,23,1004.25,43.66304347826087,69.5,0.6521739130434783,1926.3,-922.0500000000001,4.722608695652174,0.34782608695652173,3,-1.5765701603795224,baixo
1111,17,2678.25,157.5441176470588,233.6,0.35294117647058826,1577.91,1100.34,5.021176470588236,0.29411764705882354,5,-0.6761366989698143,medio
1112,20,3346.35,167.3175,247.45,0.25,1073.47,2272.88,4.371,0.2,6,0.25882329379027813,medio
1113,20,296.6,14.830000000000002,24.45,0.25,172.91,123.68999999999998,5.4704999999999995,0.35,8,0.3301693866283309,medio
1114,27,2080.55,77.05740740740741,124.1,0.4074074074074074,1719.99,360.55999999999995,3.4377777777777783,0.2222222222222222,4,-0.48668344389280094,medio
1115,25,987.85,39.514,67.8,0.28,2223.25,-1235.4,7.2172,0.52,6,1.5851117941762902,alto
1116,17,231.0,13.588235294117647,23.35,0.29411764705882354,274.95,-43.95,6.1123529411764705,0.29411764705882354,5,-2.275938378881983,baixo
1117,23,268.5,11.673913043478262,23.8,0.5217391304347826,296.49,-27.98999999999999,3.967826086956522,0.34782608695652173,4,-0.8815576378566519,medio
1118,25,315.95,12.638,24.35,0.6,430.52,-114.57000000000001,4.2756,0.32,2,-1.610155270091243,baixo
1119,29,4765.35,164.32241379310346,247.4,0.5517241379310345,4807.2699999999995,-41.9199999999999,4.654137931034483,0.4482758620689655,4,2.433183290411775,alto
1120,17,1267.55,74.56176470588235,119.7,0.29411764705882354,531.33,736.22,2.8376470588235296,0.23529411764705882,4,-2.4240932354736318,baixo
1121,15,1221.05,81.40333333333334,122.3,0.3333333333333333,501.90000000000003,719.15,4.022666666666667,0.2,4,-3.159541824744771,baixo
1122,19,6694.65,352.34999999999997,498.1,0.10526315789473684,546.76,6147.89,7.75,0.2631578947368421,15,7.914150296323774,alto
1123,23,868.45,37.75869565217391,69.4,0.30434782608695654,280.54,587.91,4.186521739130435,0.30434782608695654,5,-0.3351425325268841,medio
1124,30,10151.85,338.39500000000004,483.5,0.4,9104.9,1046.9499999999998,4.013,0.16666666666666666,7,3.159457001323373,alto
1125,19,2746.8,144.56842105263158,223.4,0.47368421052631576,1775.94,970.86,3.8747368421052633,0.42105263157894735,4,0.34383420931865616,medio
1126,20,3266.85,163.3425,247.05,0.25,1477.88,1788.97,5.1215,0.4,4,0.9377796857684984,alto
1127,26,1075.15,41.35192307692308,68.05,0.46153846153846156,761.26,313.89,5.085769230769231,0.2692307692307692,5,-0.10768870072968573,medio
1128,13,1026.75,78.98076923076923,115.35,0.46153846153846156,1796.41,-769.6599999999999,5.298461538461538,0.3076923076923077,5,-2.981970921664182,baixo
1129,28,2082.35,74.36964285714285,124.85,0.2857142857142857,1349.81,732.54,4.057142857142857,0.17857142857142858,7,0.8350659722620528,alto
1130,15,5408.6,360.5733333333334,498.95,0.4,3437.03,1971.57,3.332666666666667,0.3333333333333333,4,0.658744906275461,medio
1131,18,224.35,12.463888888888889,22.95,0.2777777777777778,145.31,79.03999999999999,3.8783333333333334,0.3888888888888889,4,-1.5607850260962992,baixo
1132,16,419.45,26.215625,62.75,0.375,466.76,-47.31000000000001,4.923125,0.4375,4,-1.533005359902892,baixo
1133,17,2603.7,153.15882352941176,229.4,0.29411764705882354,3484.11,-880.41,6.248823529411765,0.4117647058823529,7,0.2067526548517188,medio
1134,19,3520.9,185.31052631578947,310.8,0.15789473684210525,3166.37,354.5299999999999,6.653684210526316,0.47368421052631576,9,2.9841803981837893,alto
1135,21,951.65,45.31666666666666,68.95,0.42857142857142855,704.64,247.01000000000002,2.755714285714286,0.42857142857142855,3,-0.647541005836377,medio
1136,18,551.1,30.616666666666667,63.75,0.3888888888888889,610.5,-59.399999999999984,3.3505555555555557,0.4444444444444444,3,-1.4373657047103745,baixo
1137,22,14481.9,658.2681818181818,984.1,0.3181818181818182,7371.139999999999,7110.76,3.441363636363637,0.4090909090909091,8,9.468623205089258,alto
1138,23,930.0,40.43478260869565,69.65,0.30434782608695654,720.1100000000001,209.89,6.339565217391304,0.5217391304347826,6,1.927351666970491,alto
1139,17,690.85,40.63823529411765,68.35,0.5882352941176471,1127.92,-437.07000000000005,4.533529411764706,0.29411764705882354,3,-3.179176394227638,baixo
1140,20,1783.9,89.19500000000001,120.6,0.35,854.81,929.09,3.8495,0.3,8,0.8094059644567391,alto
1141,18,3500.1,194.45,305.2,0.3888888888888889,3691.96,-191.86,5.754444444444444,0.5,4,0.5736413463887151,medio
1142,12,1010.45,84.20416666666667,120.55,0.25,542.6899999999999,467.75999999999993,3.6841666666666666,0.3333333333333333,5,-2.276103062204812,baixo
1143,21,15485.6,737.4095238095239,990.1,0.5714285714285714,14868.23,617.3699999999999,3.001904761904762,0.47619047619047616,2,4.3162371989834325,alto
1144,22,1725.1,78.41363636363636,121.45,0.5454545454545454,2032.23,-307.13,4.158636363636363,0.4090909090909091,3,-0.6695410807683208,medio
1145,16,3595.65,224.728125,319.25,0.3125,2748.57,847.0799999999999,4.0575,0.25,5,-0.9786695857682921,medio
1146,16,2613.3,163.33125,245.5,0.25,600.24,2013.06,4.859375,0.4375,7,1.8275002833902612,alto
1147,25,343.65000000000003,13.746000000000002,24.3,0.24,333.82,9.83,5.3448,0.56,6,2.4380481909598055,alto
1148,21,3464.7,164.98571428571427,246.5,0.5238095238095238,6166.95,-2702.25,4.040952380952381,0.2857142857142857,3,-2.707378638013402,baixo
1149,15,1415.6,94.37333333333332,124.6,0.3333333333333333,1140.0500000000002,275.54999999999995,8.367333333333333,0.5333333333333333,6,0.6484840629390736,medio
1150,18,1648.25,91.56944444444444,124.25,0.3888888888888889,1259.52,388.72999999999996,5.738888888888889,0.6666666666666666,5,2.150501979618994,alto
1151,16,1237.8,77.3625,113.2,0.3125,461.9,775.9,3.9275,0.1875,5,-2.608092474395301,baixo
1152,22,3621.0,164.5909090909091,242.7,0.22727272727272727,1721.23,1899.77,4.084545454545455,0.13636363636363635,9,1.224164199358743,alto
1153,16,247.5,15.46875,23.4,0.4375,298.34,-50.84000000000001,4.804375,0.3125,3,-3.2019010605683826,baixo
1154,23,334.65000000000003,14.55,24.6,0.5652173913043478,468.1,-133.45,3.7308695652173913,0.30434782608695654,4,-1.3186865718023126,baixo
1155,17,93.35,5.491176470588235,10.0,0.4117647058823529,48.42,44.93,3.0858823529411765,0.4117647058823529,3,-2.0804096484570227,baixo
1156,26,2160.2,83.08461538461538,122.2,0.4230769230769231,2873.67,-713.47,4.995,0.5,4,1.3215073516254616,alto
1157,21,783.65,37.31666666666666,64.75,0.23809523809523808,376.76,406.89,5.846666666666667,0.5238095238095238,6,1.5815622547362602,alto
1158,23,297.65000000000003,12.941304347826089,23.35,0.4782608695652174,293.8,3.8500000000000014,4.3426086956521734,0.391304347826087,4,-0.4549983803236505,medio
1159,18,1372.2,76.23333333333333,117.85,0.6666666666666666,3294.48,-1922.2799999999997,4.157222222222222,0.2222222222222222,3,-4.161987125418669,baixo
1160,22,3622.95,164.67954545454543,249.5,0.18181818181818182,839.36,2783.59,3.630454545454546,0.36363636363636365,9,3.7900420309426153,alto
1161,20,6549.25,327.4625,483.35,0.4,5010.6,1538.6499999999999,4.1505,0.35,7,2.795544101131442,alto
1162,23,859.0,37.34782608695652,67.55,0.4782608695652174,803.1800000000001,55.82000000000001,4.972173913043478,0.21739130434782608,2,-2.7435971688903473,baixo
1163,26,9511.25,365.8173076923077,492.25,0.23076923076923078,6462.639999999999,3048.6100000000006,6.664615384615384,0.3076923076923077,7,4.8161803784521755,alto
1164,20,104.65,5.2325,9.95,0.6,165.54999999999998,-60.900000000000006,3.7340000000000004,0.2,3,-3.418983817091985,baixo
1165,25,1030.9,41.236000000000004,67.9,0.44,655.38,375.52,5.0236,0.32,3,-0.7123622270163574,medio
1166,18,1596.5,88.69444444444444,119.35,0.16666666666666666,1545.8,50.70000000000012,8.463888888888889,0.5,6,0.854629640575021,alto
1167,19,3510.5,184.76315789473685,309.7,0.3157894736842105,3839.4,-328.8999999999999,5.1957894736842105,0.3157894736842105,5,-0.6001050045173268,medio
1168,25,8537.2,341.48800000000006,481.6,0.32,4982.94,3554.26,4.744000000000001,0.36,5,4.2947939463696105,alto
1169,20,7473.5,373.675,497.8,0.25,2964.3,4509.2,7.4425,0.5,10,7.396507817710333,alto
1170,16,2647.6,165.475,240.4,0.375,2176.66,470.94000000000005,4.519375,0.3125,5,-1.0104494767632666,medio
1171,26,4569.1,175.7346153846154,243.7,0.23076923076923078,1865.71,2703.39,5.285384615384616,0.34615384615384615,6,3.2374424430639683,alto
1172,17,2848.15,167.53823529411764,233.75,0.4117647058823529,2684.37,163.77999999999997,5.093529411764706,0.23529411764705882,5,-1.6473132076301291,baixo
1173,25,17735.9,709.436,999.05,0.28,5765.56,11970.34,4.5931999999999995,0.44,8,13.360320181066214,alto
1174,27,380.6,14.096296296296297,23.45,0.2222222222222222,122.36,258.24,6.018518518518518,0.4074074074074074,9,2.9345629441104886,alto
1175,21,775.75,36.94047619047619,69.75,0.2857142857142857,600.5799999999999,175.17000000000002,6.329047619047619,0.47619047619047616,5,0.576395862927247,medio
1176,18,3019.05,167.72500000000002,236.45,0.4444444444444444,2748.1099999999997,270.94000000000005,4.745555555555556,0.3888888888888889,5,0.05123206397165875,medio
1177,18,79.35,4.408333333333333,8.9,0.2777777777777778,36.089999999999996,43.260000000000005,4.915,0.3333333333333333,6,-1.2668444792104026,baixo
1178,20,1501.45,75.0725,122.85,0.35,1303.55,197.89999999999998,4.919,0.35,4,-0.9768018495398454,medio
1179,13,1014.25,78.01923076923077,121.6,0.3076923076923077,691.59,322.65999999999997,3.0184615384615388,0.46153846153846156,7,-0.1088814049625324,medio
1180,19,656.15,34.53421052631579,68.6,0.3157894736842105,216.82999999999998,439.32,4.282105263157895,0.15789473684210525,5,-2.6828821240664453,baixo
1181,15,157.95,10.53,24.65,0.3333333333333333,141.05,16.9,5.188666666666666,0.6,4,-0.3325915286690857,medio
1182,23,2108.3,91.66521739130435,124.35,0.21739130434782608,801.55,1306.75,5.60695652173913,0.34782608695652173,10,3.020919077283661,alto
1183,21,4662.55,222.0261904761905,306.9,0.38095238095238093,3143.47,1519.08,4.001428571428572,0.42857142857142855,5,2.1265399138119734,alto
1184,22,1656.6,75.3,108.75,0.36363636363636365,2434.37,-777.77,6.104090909090909,0.45454545454545453,4,-0.08156386567581064,medio
1185,12,1911.6,159.29999999999998,213.6,0.25,952.85,958.75,5.134166666666666,0.5,4,-0.4013831494018283,medio
1186,9,275.55,30.616666666666667,63.8,0.2222222222222222,73.99000000000001,201.56,2.8899999999999997,0.6666666666666666,4,-0.8255682793326509,medio
1187,13,979.6,75.35384615384615,118.05,0.3076923076923077,410.81,568.79,3.196923076923077,0.23076923076923078,5,-3.005098705943931,baixo
1188,15,214.75,14.316666666666666,24.95,0.26666666666666666,117.82,96.92999999999999,4.745333333333334,0.3333333333333333,4,-2.7228934592194354,baixo
1189,19,2974.3,156.5421052631579,237.5,0.3684210526315789,3962.54,-988.24,4.713157894736842,0.3684210526315789,4,-1.0999172601996556,medio
1190,20,96.05,4.8025,9.45,0.35,50.75,45.3,3.4229999999999996,0.3,4,-2.0030638506443865,baixo
1191,25,334.85,13.394,22.95,0.48,267.32,67.53,3.6916,0.28,3,-1.4366654910668788,baixo
1192,23,809.25,35.18478260869565,64.45,0.5217391304347826,1114.27,-305.02,4.98,0.5217391304347826,4,0.7368675458388958,medio
1193,18,3176.85,176.49166666666667,246.9,0.3333333333333333,1919.27,1257.58,5.241666666666666,0.3888888888888889,5,0.6358652747422813,medio
1194,13,153.15,11.78076923076923,23.8,0.5384615384615384,220.55,-67.4,3.594615384615385,0.23076923076923078,2,-5.102209875638981,baixo
1195,24,990.8,41.28333333333333,69.25,0.375,590.49,400.31,3.0516666666666663,0.375,6,0.9053389014825514,alto
1196,29,150.55,5.191379310344828,9.6,0.4482758620689655,210.11,-59.56,6.022068965517242,0.3448275862068966,3,-0.06679485774262071,medio
1197,24,855.75,35.65625,69.95,0.3333333333333333,386.82,468.93,4.522916666666666,0.3333333333333333,10,2.2802752879052464,alto
1198,13,120.7,9.284615384615385,18.9,0.3076923076923077,117.92000000000002,2.780000000000004,6.703846153846154,0.6923076923076923,4,0.054417854220576434,medio
1199,21,3493.55,166.3595238095238,248.8,0.3333333333333333,1463.37,2030.18,4.22047619047619,0.42857142857142855,11,4.656756334319754,alto
1200,19,774.65,40.77105263157895,68.2,0.10526315789473684,112.94999999999999,661.7,6.730526315789473,0.42105263157894735,9,1.6662543490916617,alto
1201,23,727.65,31.63695652173913,60.5,0.043478260869565216,13.68,713.97,5.175652173913043,0.30434782608695654,12,2.7721983431521835,alto
1202,36,12101.05,336.1402777777778,496.0,0.4166666666666667,20081.01,-7979.959999999999,4.881666666666667,0.25,4,-0.8608362656177626,medio
1203,18,2918.7,162.14999999999998,234.0,0.2777777777777778,1592.3400000000001,1326.36,4.942777777777778,0.1111111111111111,6,-1.5474038870350189,baixo
1204,20,1388.3,69.41499999999999,104.85,0.25,711.82,676.48,4.955,0.15,6,-1.724954619448444,baixo
1205,18,2977.15,165.39722222222224,248.1,0.3888888888888889,2127.5099999999998,849.64,4.772777777777778,0.4444444444444444,3,-0.025774665426431698,medio
1206,25,16094.0,643.76,967.0,0.24,8908.15,7185.849999999999,4.9404,0.4,8,9.996843708928944,alto
1207,19,1405.65,73.98157894736842,122.3,0.2631578947368421,604.19,801.46,5.523157894736842,0.2631578947368421,5,-1.2480638249977383,baixo
1208,23,1880.55,81.76304347826087,122.85,0.43478260869565216,1309.83,570.72,3.9747826086956524,0.391304347826087,3,-0.1200079034714806,medio
1209,21,778.15,37.054761904761904,69.9,0.38095238095238093,921.64,-143.49,4.346666666666667,0.14285714285714285,6,-2.2254102504749707,baixo
1210,31,165.45,5.337096774193548,9.8,0.41935483870967744,211.11,-45.660000000000004,4.809677419354839,0.3225806451612903,5,1.065252497821338,alto
1211,14,1060.1,75.72142857142856,124.9,0.2857142857142857,518.98,541.12,3.880714285714286,0.35714285714285715,5,-1.6279513809666029,baixo
1212,16,5244.6,327.7875,471.65,0.0,0.0,5244.6,8.071875,0.4375,16,8.640828775586865,alto
1213,18,3378.9500000000003,187.71944444444446,302.85,0.3888888888888889,2207.84,1171.11,4.877222222222222,0.3888888888888889,3,-0.2134488431324566,medio
1214,22,1753.75,79.7159090909091,123.35,0.18181818181818182,721.84,1031.9099999999999,6.366818181818181,0.4090909090909091,13,4.4545319982240486,alto
1215,26,354.9,13.649999999999999,23.95,0.4230769230769231,382.72,-27.820000000000007,4.264230769230769,0.34615384615384615,3,-0.6515295784020049,medio
1216,21,693.85,33.04047619047619,57.15,0.19047619047619047,339.84000000000003,354.01,5.193809523809524,0.38095238095238093,8,1.0874540910778798,alto
1217,13,66.35,5.1038461538461535,8.6,0.3076923076923077,29.96,36.39,4.966923076923077,0.23076923076923078,6,-3.3316143351016976,baixo
1218,19,3072.25,161.69736842105263,237.6,0.47368421052631576,5906.65,-2834.3999999999996,5.46157894736842,0.3157894736842105,3,-2.9709989351626636,baixo
1219,26,942.0,36.23076923076923,62.7,0.4230769230769231,885.69,56.31,3.3888461538461536,0.46153846153846156,5,1.493422486196927,alto
1220,8,633.4,79.175,109.85,0.375,353.19000000000005,280.21,3.80625,0.25,2,-5.396042000059173,baixo
1221,21,311.2,14.819047619047618,24.2,0.3333333333333333,127.85,183.35,4.6590476190476195,0.2857142857142857,4,-1.768395428357866,baixo
1222,11,326.55,29.686363636363637,58.05,0.45454545454545453,197.87,128.68,3.7436363636363637,0.09090909090909091,3,-6.172010729141077,baixo
1223,23,3802.35,165.3195652173913,246.65,0.30434782608695654,3605.81,196.54000000000013,6.02695652173913,0.34782608695652173,4,0.29630440774247485,medio
1224,19,3611.85,190.09736842105264,248.35,0.3157894736842105,3888.16,-276.3099999999997,5.517894736842106,0.3157894736842105,5,-0.5354114727043915,medio
1225,15,522.55,34.836666666666666,69.4,0.4666666666666667,498.25,24.300000000000015,3.7306666666666666,0.4,2,-2.8861056399245397,baixo
1226,17,64.14999999999999,3.7735294117647054,8.2,0.35294117647058826,50.89,13.26,3.6511764705882355,0.4117647058823529,8,0.0927416607829804,medio
1227,20,900.8,45.04,68.95,0.45,474.67,426.13,2.56,0.3,4,-1.523494869353703,baixo
1228,13,2087.05,160.5423076923077,239.15,0.5384615384615384,1447.87,639.1800000000001,5.369230769230769,0.3076923076923077,3,-2.552204232423823,baixo
1229,20,1380.75,69.0375,120.3,0.35,1208.31,172.44,5.590999999999999,0.3,5,-1.0525922214482906,medio
1230,11,67.9,6.172727272727273,9.75,0.45454545454545453,71.59,-3.689999999999999,5.399090909090909,0.09090909090909091,3,-6.4043435281419,baixo
1231,28,2267.15,80.96964285714286,121.15,0.39285714285714285,1473.67,793.48,3.5817857142857146,0.2857142857142857,6,1.4605106474410823,alto
1232,20,98.45,4.9225,8.8,0.25,103.03,-4.580000000000001,4.543,0.35,5,-1.127331226622602,medio
1233,19,699.9,36.83684210526316,69.2,0.631578947368421,812.15,-112.24999999999997,3.748947368421053,0.3684210526315789,3,-1.8995627716363153,baixo
1234,19,3351.0,176.3684210526316,249.2,0.2631578947368421,2006.3600000000001,1344.6399999999999,4.228947368421053,0.3157894736842105,6,0.6716274169695022,medio
1235,19,86.89999999999999,4.573684210526316,9.0,0.21052631578947367,26.97,59.93,4.627368421052632,0.3684210526315789,5,-1.1496341424574017,medio
1236,16,3477.3,217.33125,312.4,0.5,5264.71,-1787.4099999999999,4.961875,0.4375,3,-1.5812237163322957,baixo
1237,19,3568.95,187.8394736842105,247.1,0.2631578947368421,2424.02,1144.93,4.881052631578948,0.47368421052631576,5,1.6601192332581445,alto
1238,32,6301.7,196.928125,317.7,0.3125,3433.2,2868.5,5.3946875,0.34375,6,4.793231258381453,alto
1239,25,3992.15,159.686,244.9,0.4,4102.37,-110.21999999999997,4.2696,0.28,4,-0.08284940829106813,medio
1240,20,105.9,5.295,9.2,0.5,207.96,-102.06,5.197,0.35,4,-1.6169216661453993,baixo
1241,15,1091.4,72.76,120.9,0.4,747.03,344.37,4.938666666666666,0.26666666666666666,3,-3.2438582880198146,baixo
1242,18,224.29999999999998,12.46111111111111,24.55,0.2777777777777778,268.3,-44.000000000000014,3.5955555555555554,0.2777777777777778,5,-2.2103640039683357,baixo
1243,17,6041.45,355.3794117647059,489.25,0.47058823529411764,7900.25,-1858.8000000000002,7.405294117647059,0.17647058823529413,3,-2.8509520158740167,baixo
1244,19,292.65,15.402631578947368,24.9,0.2631578947368421,289.05,3.600000000000005,6.0815789473684205,0.42105263157894735,6,-0.17928232323340354,medio
1245,16,70.65,4.415625,9.25,0.375,53.4,17.25,6.0687500000000005,0.625,5,0.5203893911240192,medio
1246,22,805.75,36.625,62.1,0.4090909090909091,391.69,414.06,3.507727272727273,0.13636363636363635,5,-2.2083301307818766,baixo
1247,17,5653.6,332.56470588235294,457.45,0.35294117647058826,4840.92,812.6800000000001,5.67,0.29411764705882354,6,0.8172099891310538,alto
1248,20,638.1,31.905,65.05,0.2,335.59,302.51,6.516,0.4,11,2.324956531432642,alto
1249,24,4121.35,171.7229166666667,250.0,0.4583333333333333,4017.31,104.04000000000002,4.807083333333334,0.2916666666666667,3,-0.4428963168071154,medio
1250,19,2856.8,150.35789473684213,247.95,0.21052631578947367,1703.24,1153.5600000000002,6.642631578947369,0.47368421052631576,6,1.8468328852137996,alto
1251,23,4014.05,174.52391304347827,246.75,0.5652173913043478,9567.55,-5553.5,4.076086956521739,0.21739130434782608,3,-4.33855719520389,baixo
1252,18,250.0,13.88888888888889,23.85,0.3888888888888889,349.93,-99.93000000000002,4.179444444444445,0.2222222222222222,4,-3.182880682900671,baixo
1253,16,3295.2,205.95,319.4,0.4375,4206.43,-911.2300000000002,4.255625,0.4375,4,-0.7537307223756492,medio
1254,20,1580.0,79.0,120.85,0.4,907.24,672.76,3.138,0.2,8,-0.3191228017704999,medio
1255,17,562.1999999999999,33.07058823529411,64.2,0.35294117647058826,394.78000000000003,167.42,3.9752941176470586,0.5294117647058824,4,-0.3001375502763055,medio
1256,13,1734.6,133.43076923076922,234.7,0.3076923076923077,1118.5900000000001,616.01,5.634615384615385,0.38461538461538464,5,-1.1612767979223655,medio
1257,24,2061.55,85.89791666666667,124.3,0.4166666666666667,2548.65,-487.1,4.818333333333333,0.5833333333333334,4,1.78150790131279,alto
1258,17,2740.75,161.22058823529412,248.5,0.5294117647058824,5682.09,-2941.34,5.12235294117647,0.29411764705882354,3,-3.679009002964454,baixo
1259,22,1518.1499999999999,69.00681818181818,119.5,0.5,2874.86,-1356.71,4.039090909090909,0.3181818181818182,4,-1.6899301384908985,baixo
1260,17,10651.45,626.5558823529412,958.65,0.35294117647058826,9366.66,1284.7900000000002,4.951764705882353,0.29411764705882354,5,2.6531858063066336,alto
1261,16,2736.95,171.059375,236.35,0.1875,1261.62,1475.33,5.623125,0.25,8,0.3064698287341221,medio
1262,13,3996.55,307.4269230769231,468.3,0.23076923076923078,1535.97,2460.58,7.160769230769231,0.38461538461538464,6,1.4579354671591536,alto
1263,20,901.4,45.07,66.7,0.35,517.04,384.36,3.372,0.35,7,0.23665182471599813,medio
1264,23,1797.55,78.15434782608695,115.3,0.5217391304347826,1857.96,-60.41,3.1078260869565217,0.30434782608695654,3,-1.2820300320151332,baixo
1265,26,18586.55,714.8673076923077,954.5,0.34615384615384615,11023.41,7563.14,4.414615384615384,0.4230769230769231,8,11.12403905096046,alto
1266,20,92.5,4.625,9.9,0.4,53.010000000000005,39.489999999999995,4.099500000000001,0.45,4,-0.6242351140869424,medio
1267,26,2092.0,80.46153846153847,124.6,0.6153846153846154,3836.19,-1744.19,3.3061538461538467,0.46153846153846156,2,-0.4795959108104837,medio
1268,21,725.65,34.554761904761904,69.8,0.38095238095238093,667.25,58.400000000000006,4.144285714285714,0.23809523809523808,4,-2.1379053012509504,baixo
1269,29,5433.7,187.36896551724138,310.6,0.41379310344827586,6556.76,-1123.0599999999997,4.265862068965517,0.20689655172413793,3,-0.6485824467890813,medio
1270,18,2934.6,163.03333333333333,236.65,0.6111111111111112,3721.12,-786.52,3.52,0.3333333333333333,2,-2.3763160130317447,baixo
1271,21,3423.95,163.0452380952381,247.75,0.3333333333333333,2046.17,1377.78,4.1761904761904765,0.38095238095238093,4,0.7656514175342755,alto
1272,21,1629.75,77.60714285714286,124.05,0.42857142857142855,1052.53,577.22,5.327142857142857,0.5238095238095238,4,1.0689256576338249,alto
1273,26,154.5,5.9423076923076925,9.65,0.34615384615384615,86.88,67.62,4.376153846153846,0.2692307692307692,8,0.8385883362909727,alto
1274,17,1233.1,72.53529411764706,119.0,0.29411764705882354,1424.1499999999999,-191.05,4.746470588235294,0.47058823529411764,8,1.0003356171156532,alto
1275,16,2989.45,186.840625,317.55,0.1875,806.22,2183.23,4.92,0.4375,6,1.6395255854645918,alto
1276,15,656.35,43.75666666666667,68.15,0.4,1038.3200000000002,-381.97,5.058000000000001,0.4,3,-2.60015215508779,baixo
1277,26,4462.75,171.64423076923077,246.85,0.38461538461538464,8123.43,-3660.68,6.14,0.2692307692307692,6,-0.8814792750181426,medio
1278,23,3773.9,164.08260869565217,227.95,0.4782608695652174,4587.52,-813.6199999999999,4.105217391304348,0.2608695652173913,3,-1.4911308651807997,baixo
1279,15,2890.05,192.67000000000002,274.5,0.2,629.0699999999999,2260.98,5.336666666666667,0.2,8,0.1877192721488472,medio
1280,19,4384.75,230.77631578947367,312.25,0.42105263157894735,4135.820000000001,248.92999999999998,4.378947368421053,0.21052631578947367,5,-0.946694966103272,medio
1281,21,4332.1,206.2904761904762,315.9,0.47619047619047616,6690.95,-2358.85,4.473809523809524,0.23809523809523808,4,-2.239073532139222,baixo
1282,20,115.45,5.7725,8.75,0.3,61.97,53.480000000000004,5.62,0.45,8,1.1525541397551589,alto
1283,20,110.4,5.5200000000000005,9.65,0.45,131.14000000000001,-20.740000000000002,6.2975,0.25,4,-2.49425598225913,baixo
1284,21,4109.45,195.68809523809523,248.75,0.19047619047619047,2538.87,1570.58,5.333333333333333,0.38095238095238093,7,2.4140771615164907,alto
1285,21,3840.45,182.87857142857143,240.7,0.23809523809523808,4632.09,-791.6400000000002,5.3133333333333335,0.23809523809523808,4,-1.5676629841964154,baixo
1286,17,1268.7,74.62941176470588,119.4,0.5882352941176471,1261.94,6.759999999999948,2.235294117647059,0.29411764705882354,2,-3.1495308330422764,baixo
1287,20,107.4,5.37,9.9,0.2,73.74,33.66,5.090999999999999,0.25,6,-1.5856598987744857,baixo
1288,15,74.3,4.953333333333333,9.85,0.06666666666666667,5.77,68.53,6.306666666666667,0.2,13,-0.06868720781050452,medio
1289,18,1593.15,88.50833333333334,117.25,0.4444444444444444,1254.21,338.94,5.447777777777778,0.2222222222222222,3,-2.8759567407709747,baixo
1290,24,940.65,39.19375,69.3,0.375,1506.28,-565.63,5.472083333333334,0.2916666666666667,8,0.49002156663135543,medio
1291,17,1356.25,79.77941176470588,123.4,0.29411764705882354,686.57,669.68,3.6964705882352944,0.17647058823529413,5,-2.5255452639966323,baixo
1292,20,3335.65,166.7825,243.55,0.4,4790.12,-1454.47,4.3385,0.45,8,1.460630527469398,alto
1293,22,1706.8,77.58181818181818,124.1,0.45454545454545453,2604.83,-898.03,4.353181818181818,0.4090909090909091,7,0.7722135551110636,alto
1294,23,1850.85,80.47173913043478,120.3,0.34782608695652173,1429.24,421.61,6.49,0.391304347826087,5,0.6725934931453394,medio
1295,14,2899.2,207.08571428571426,314.2,0.42857142857142855,3984.88,-1085.68,3.9935714285714283,0.42857142857142855,3,-1.8093594881474409,baixo
1296,19,84.45,4.4447368421052635,9.65,0.5263157894736842,142.83999999999997,-58.39,3.694736842105263,0.3157894736842105,4,-2.139064164047943,baixo
1297,22,91.1,4.140909090909091,9.9,0.18181818181818182,37.33,53.769999999999996,5.915,0.36363636363636365,6,-0.08754021242759821,medio
1298,14,990.45,70.74642857142858,103.3,0.35714285714285715,963.97,26.480000000000047,6.115,0.2857142857142857,4,-3.0346723503920625,baixo
1299,22,326.6,14.845454545454546,24.4,0.36363636363636365,382.98,-56.38,5.2709090909090905,0.36363636363636365,6,-0.07231613824820993,medio
1300,20,756.4,37.82,65.9,0.3,254.79000000000002,501.61,5.164,0.25,4,-1.9941792446370792,baixo
1301,15,2263.55,150.90333333333334,247.0,0.5333333333333333,2068.65,194.89999999999998,3.1353333333333335,0.26666666666666666,3,-2.78489782486132,baixo
1302,19,111.0,5.842105263157895,9.65,0.3157894736842105,45.47,65.53,4.53421052631579,0.2631578947368421,3,-2.989268395843589,baixo
1303,21,1564.1,74.48095238095237,122.55,0.38095238095238093,628.3,935.8,4.397142857142858,0.42857142857142855,4,0.3597293473134831,medio
1304,27,924.2,34.229629629629635,66.15,0.2962962962962963,385.67,538.53,4.727407407407408,0.2222222222222222,6,0.19353526470812987,medio
1305,14,435.3,31.092857142857145,58.4,0.2857142857142857,210.21,225.09,4.625714285714286,0.35714285714285715,4,-2.5437053803286234,baixo
1306,17,3330.75,195.9264705882353,307.15,0.4117647058823529,2104.95,1225.8,3.1658823529411766,0.23529411764705882,5,-0.8874427613463564,medio
1307,15,82.55,5.503333333333333,9.6,0.13333333333333333,42.99,39.56,6.638,0.3333333333333333,12,0.7088034790861913,medio
1308,17,2856.7999999999997,168.0470588235294,245.45,0.47058823529411764,3634.77,-777.97,4.2823529411764705,0.29411764705882354,4,-2.0421453694568985,baixo
1309,17,651.95,38.35,62.5,0.35294117647058826,684.88,-32.93000000000004,5.151764705882353,0.35294117647058826,6,-1.1167138170870006,medio
1310,26,143.0,5.5,9.5,0.4230769230769231,171.55,-28.55,5.04,0.3076923076923077,4,-0.6223563789479197,medio
1311,17,1364.2,80.24705882352941,123.5,0.35294117647058826,821.76,542.44,5.4547058823529415,0.5294117647058824,5,0.6645138519545704,medio
1312,20,4259.15,212.95749999999998,308.15,0.3,3098.0299999999997,1161.12,2.9475000000000002,0.1,9,0.38154669688370824,medio
1313,15,2358.4,157.22666666666666,230.05,0.4,1925.06,433.34,5.013333333333334,0.4,3,-1.3851848040075965,baixo
1314,22,14417.75,655.3522727272727,995.95,0.36363636363636365,21178.760000000002,-6761.01,4.503181818181818,0.2727272727272727,4,-0.9408403984548225,medio
1315,16,86.2,5.3875,10.0,0.4375,117.92,-31.72,4.995625,0.25,5,-2.9567808343428457,baixo
1316,24,1015.1,42.295833333333334,69.5,0.375,862.78,152.32000000000005,4.2675,0.375,8,1.6612744821591612,alto
1317,24,5237.849999999999,218.24374999999998,317.4,0.4583333333333333,6994.62,-1756.7700000000002,3.596666666666667,0.4166666666666667,5,0.9222464535393139,alto
1318,17,1383.3,81.37058823529412,123.05,0.5294117647058824,1110.67,272.63,3.183529411764706,0.29411764705882354,4,-2.0810961547021654,baixo
1319,19,1465.0,77.10526315789474,124.6,0.5263157894736842,1332.8600000000001,132.14,3.8910526315789475,0.6842105263157895,4,1.8599576477548292,alto
1320,22,285.55,12.979545454545455,24.95,0.2727272727272727,106.36999999999999,179.18,4.959090909090909,0.45454545454545453,5,0.43789252788910904,medio
1321,11,476.6,43.32727272727273,69.7,0.5454545454545454,615.08,-138.48,3.387272727272727,0.36363636363636365,3,-3.705183124483685,baixo
1322,19,94.7,4.984210526315789,9.4,0.47368421052631576,103.19,-8.490000000000004,2.2047368421052633,0.15789473684210525,4,-3.5647693491054624,baixo
1323,28,5522.3,197.225,284.4,0.5,7178.88,-1656.58,5.162857142857143,0.35714285714285715,6,1.618307649999396,alto
1324,28,5401.8,192.92142857142858,298.55,0.35714285714285715,4653.62,748.1799999999998,3.9014285714285712,0.35714285714285715,10,4.627835343053974,alto
1325,15,10576.95,705.13,999.5,0.26666666666666666,3977.59,6599.36,7.37,0.4666666666666667,10,9.36314125766577,alto
1326,13,2841.85,218.60384615384615,309.2,0.07692307692307693,2015.21,826.64,5.21,0.38461538461538464,12,2.6199865177002013,alto
1327,25,2173.45,86.93799999999999,124.75,0.4,1099.38,1074.07,3.7264,0.28,6,0.9259207340074854,alto
1328,16,87.7,5.48125,9.7,0.1875,12.68,75.02,4.289375,0.5,5,-0.5941893288613369,medio
1329,17,10414.0,612.5882352941177,983.3,0.47058823529411764,8385.89,2028.1100000000001,2.836470588235294,0.29411764705882354,4,2.5115415849253244,alto
1330,19,3729.55,196.2921052631579,318.65,0.21052631578947367,2478.01,1251.54,6.084736842105263,0.5263157894736842,6,2.700674464961775,alto
1331,24,827.8,34.49166666666667,67.85,0.4166666666666667,756.4,71.4,4.559583333333333,0.2916666666666667,4,-0.9653492328646835,medio
1332,18,664.6,36.922222222222224,69.7,0.5555555555555556,737.1,-72.50000000000003,3.385,0.2777777777777778,2,-3.3780664897028765,baixo
1333,18,3235.7,179.7611111111111,238.5,0.2777777777777778,1260.5,1975.2,4.148333333333333,0.2777777777777778,9,1.7765884039006408,alto
1334,15,2303.8,153.58666666666667,240.8,0.5333333333333333,2834.1800000000003,-530.38,4.776666666666667,0.2,3,-3.7665039442113963,baixo
1335,19,6656.55,350.34473684210525,479.95,0.3157894736842105,6480.0,176.54999999999973,4.27,0.2631578947368421,5,0.3239413422850941,medio
1336,25,1102.45,44.098,69.65,0.24,637.09,465.36,6.3324,0.48,5,1.711163792801466,alto
1337,24,8600.95,358.3729166666667,478.6,0.375,4677.96,3922.99,3.9825,0.4166666666666667,4,4.465164541993091,alto
1338,23,4940.5,214.80434782608697,316.5,0.5217391304347826,14849.199999999999,-9908.7,4.885652173913043,0.34782608695652173,4,-4.732008272342208,baixo
1339,18,6346.15,352.56388888888887,498.55,0.1111111111111111,1047.69,5298.46,4.182777777777777,0.3888888888888889,11,6.638164809760203,alto
1340,26,4302.2,165.46923076923076,243.25,0.46153846153846156,5169.65,-867.4499999999999,4.353846153846154,0.46153846153846156,2,0.5719163997731478,medio
1341,20,1584.7,79.235,117.3,0.15,857.8299999999999,726.87,5.9030000000000005,0.4,9,1.995794107970677,alto
1342,18,270.9,15.049999999999999,24.95,0.4444444444444444,220.85,50.05,5.211666666666667,0.5,4,-0.5338238319406157,medio
1343,22,16109.15,732.2340909090909,958.55,0.36363636363636365,9513.83,6595.32,4.26409090909091,0.3181818181818182,5,7.544997506612732,alto
1344,24,1986.95,82.78958333333334,123.7,0.3333333333333333,1505.9499999999998,481.0,5.199166666666667,0.3333333333333333,4,-0.030755318101861676,medio
1345,20,2990.15,149.5075,240.0,0.35,1752.8200000000002,1237.3300000000002,3.7,0.4,5,0.9897197712455317,alto
1346,21,3525.5,167.88095238095238,247.75,0.47619047619047616,4667.22,-1141.7200000000003,4.081428571428572,0.5238095238095238,6,1.6582749048364192,alto
1347,21,301.75,14.369047619047619,23.65,0.6190476190476191,241.31,60.44,4.251904761904762,0.3333333333333333,4,-1.397710218979754,baixo
1348,15,2491.25,166.08333333333334,246.35,0.13333333333333333,2910.7,-419.4500000000003,5.986,0.4,8,0.42453171127662925,medio
1349,23,15965.05,694.1326086956522,962.2,0.4782608695652174,35863.19,-19898.14,5.423478260869565,0.43478260869565216,4,-5.935509964585397,baixo
1350,26,1057.25,40.66346153846154,67.9,0.4230769230769231,874.98,182.26999999999998,4.3149999999999995,0.46153846153846156,8,2.911976313833228,alto
1351,25,844.85,33.794000000000004,67.3,0.4,725.35,119.5,4.6452,0.36,4,-0.09046716729163373,medio
1352,23,756.65,32.89782608695652,69.2,0.4782608695652174,571.04,185.61,3.2982608695652176,0.34782608695652173,4,-0.6218400322235095,medio
1353,16,90.3,5.64375,9.8,0.5625,152.53,-62.23,4.215625,0.3125,5,-2.3949185402248836,baixo
1354,21,116.75,5.559523809523809,9.65,0.38095238095238093,100.2,16.550000000000004,5.115714285714286,0.38095238095238093,8,0.7188169207556436,medio
1355,21,1684.55,80.21666666666667,122.4,0.47619047619047616,1833.88,-149.32999999999998,7.055714285714286,0.6666666666666666,5,2.4585019880129617,alto
1356,17,1304.35,76.72647058823529,124.85,0.35294117647058826,1016.4,287.95,3.5058823529411764,0.29411764705882354,3,-2.54531491062719,baixo
1357,17,5831.6,343.0352941176471,499.1,0.4117647058823529,7466.349999999999,-1634.75,5.696470588235294,0.29411764705882354,3,-1.732138683834569,baixo
1358,28,4802.05,171.50178571428572,247.05,0.2857142857142857,2350.52,2451.53,4.938928571428571,0.39285714285714285,6,3.953176155241848,alto
1359,16,73.3,4.58125,9.75,0.5625,183.34,-110.03999999999999,4.581875,0.5,3,-1.5794434577113954,baixo
1360,19,13364.15,703.3763157894737,959.35,0.47368421052631576,33893.380000000005,-20529.23,5.389473684210526,0.47368421052631576,3,-7.184937226382726,baixo
1361,17,2776.7,163.33529411764704,233.8,0.29411764705882354,1176.56,1600.14,4.4929411764705875,0.35294117647058826,6,0.612092306082041,medio
1362,20,301.25,15.0625,24.3,0.55,277.9,23.35,4.1240000000000006,0.4,2,-1.902671554535243,baixo
1363,27,4163.75,154.21296296296296,248.55,0.5185185185185185,6282.16,-2118.41,4.046296296296297,0.2962962962962963,4,-0.589236510858379,medio
1364,16,214.85,13.428125,24.1,0.5,162.4,52.45,3.6825,0.25,3,-3.7373866458255334,baixo
1365,17,1325.15,77.95,109.6,0.4117647058823529,1170.99,154.16000000000003,4.985882352941177,0.23529411764705882,5,-2.2696545482697688,baixo
1366,24,965.4,40.225,68.0,0.4166666666666667,942.32,23.080000000000005,4.752916666666667,0.4166666666666667,4,0.2010928981609978,medio
1367,28,449.45,16.051785714285714,24.8,0.32142857142857145,409.58,39.87000000000002,4.172142857142857,0.2857142857142857,6,0.6128328932987732,medio
1368,25,136.2,5.4479999999999995,10.0,0.32,53.39,82.81,4.8924,0.24,5,-0.9714036936120897,medio
1369,23,1975.8,85.90434782608695,119.65,0.2608695652173913,1202.67,773.13,3.822173913043478,0.30434782608695654,7,0.9757017388050833,alto
1370,15,3397.25,226.48333333333332,304.95,0.4666666666666667,4572.9,-1175.6499999999999,3.2426666666666666,0.26666666666666666,3,-2.9923975337087434,baixo
1371,17,3589.05,211.12058823529412,306.3,0.29411764705882354,1515.5700000000002,2073.48,6.4282352941176475,0.29411764705882354,5,0.21004655278069928,medio
1372,31,4838.65,156.08548387096772,244.55,0.3548387096774194,2405.34,2433.31,4.067741935483871,0.3225806451612903,7,4.3017362067841605,alto
1373,22,3379.4,153.60909090909092,246.4,0.36363636363636365,1414.06,1965.3400000000001,4.0604545454545455,0.3181818181818182,7,1.9791497218261445,alto
1374,26,757.15,29.121153846153845,57.45,0.4230769230769231,1245.38,-488.23,4.046538461538462,0.2692307692307692,5,-0.618146788987955,medio
1375,16,237.95,14.871875,22.85,0.25,93.75999999999999,144.19,6.099375,0.6875,6,1.676546775702978,alto
1376,19,1575.55,82.92368421052632,122.65,0.21052631578947367,511.65,1063.9,4.313157894736842,0.21052631578947367,6,-1.091962364778364,medio
1377,11,379.5,34.5,69.8,0.2727272727272727,396.6,-17.099999999999994,4.03,0.2727272727272727,4,-4.099409973097886,baixo
1378,23,109.4,4.756521739130435,9.4,0.391304347826087,66.43,42.97,4.574347826086957,0.2608695652173913,3,-2.1336945891522867,baixo
1379,14,2585.35,184.66785714285714,249.85,0.35714285714285715,1864.4099999999999,720.9399999999999,4.375,0.35714285714285715,5,-0.7818063959773456,medio
1380,18,649.05,36.05833333333333,67.0,0.2777777777777778,776.78,-127.73000000000003,7.79,0.2222222222222222,5,-2.604549917253514,baixo
1381,16,1279.55,79.971875,117.75,0.5,1703.53,-423.97999999999996,4.4125,0.1875,3,-4.108375367621946,baixo
1382,16,2746.35,171.646875,245.6,0.375,3899.69,-1153.34,6.474375,0.375,4,-1.6950153603716278,baixo
1383,22,788.25,35.82954545454545,64.2,0.36363636363636365,480.27,307.98,6.203636363636363,0.3181818181818182,4,-1.0340050634813267,medio
1384,12,1160.5,96.70833333333333,123.6,0.16666666666666666,358.84000000000003,801.66,3.7708333333333335,0.25,4,-3.221314866807644,baixo
1385,29,18614.6,641.8827586206896,997.8,0.3103448275862069,11651.28,6963.32,5.7748275862068965,0.4482758620689655,6,10.326236251278004,alto
1386,18,2914.6,161.92222222222222,240.35,0.16666666666666666,699.59,2215.0099999999998,3.1705555555555556,0.3888888888888889,5,1.0442010528227899,alto
1387,23,1792.3,77.92608695652174,116.65,0.2608695652173913,1628.25,164.05,5.8743478260869555,0.2608695652173913,6,-0.2441619464708833,medio
1388,16,2598.5,162.40625,249.5,0.25,1006.65,1591.85,4.940625,0.25,7,-0.13159863954076612,medio
1389,26,2131.65,81.98653846153846,120.25,0.38461538461538464,1941.03,190.62000000000006,6.170384615384616,0.2692307692307692,6,0.5471339524496119,medio
1390,14,1945.2,138.94285714285715,234.2,0.21428571428571427,391.68,1553.52,5.432857142857143,0.6428571428571429,8,3.3011796256451245,alto
1391,25,9176.55,367.06199999999995,488.4,0.44,9954.33,-777.7800000000001,5.8256000000000006,0.32,4,1.360035312552243,alto
1392,20,236.8,11.84,23.3,0.3,166.39000000000001,70.41,4.8815,0.45,12,2.964802498317627,alto
1393,20,1391.5,69.575,123.95,0.5,1585.4299999999998,-193.93000000000004,4.4875,0.15,3,-3.507417128682576,baixo
1394,15,674.15,44.943333333333335,69.75,0.3333333333333333,303.65,370.5,2.9993333333333334,0.13333333333333333,5,-3.770352728678926,baixo
1395,19,700.65,36.876315789473686,66.85,0.10526315789473684,228.17999999999998,472.47,7.801052631578948,0.2631578947368421,7,-0.7977835325055719,medio
1396,19,1553.65,81.77105263157895,123.1,0.5263157894736842,1880.98,-327.33000000000004,4.4605263157894735,0.2631578947368421,3,-2.674885304994481,baixo
1397,21,13207.7,628.9380952380952,974.05,0.38095238095238093,7898.52,5309.18,5.10904761904762,0.5238095238095238,6,8.262362881897065,alto
1398,17,255.0,15.0,24.75,0.29411764705882354,130.46,124.54,4.298823529411765,0.29411764705882354,5,-2.1766875914728403,baixo
1399,25,854.55,34.181999999999995,62.85,0.4,731.0899999999999,123.46000000000001,5.35,0.48,5,1.4611835528854598,alto
1400,23,14881.5,647.0217391304348,955.2,0.30434782608695654,7080.37,7801.13,3.728695652173913,0.391304347826087,5,8.496894557087712,alto
1401,18,1388.7,77.15,124.75,0.2777777777777778,800.55,588.15,4.529444444444445,0.3333333333333333,7,-0.03580081095907259,medio
1402,15,182.05,12.136666666666667,22.55,0.3333333333333333,127.55,54.50000000000001,6.432666666666666,0.26666666666666666,5,-2.9348230947695213,baixo
1403,21,1512.55,72.02619047619048,120.7,0.47619047619047616,1444.08,68.47000000000001,4.186190476190476,0.2857142857142857,3,-1.8756613164425395,baixo
1404,14,494.8,35.34285714285714,65.2,0.2857142857142857,109.28999999999999,385.51,3.2657142857142856,0.2857142857142857,3,-3.5281880382164372,baixo
1405,20,755.3,37.765,69.6,0.35,910.02,-154.71999999999997,4.9335,0.3,6,-1.001516516107714,medio
1406,22,3461.25,157.32954545454547,249.55,0.36363636363636365,3040.68,420.56999999999994,4.414545454545455,0.3181818181818182,5,0.30327041747654765,medio
1407,15,1099.75,73.31666666666666,118.9,0.4666666666666667,933.59,166.16,3.7973333333333334,0.4666666666666667,5,-0.6098019152930092,medio
1408,13,197.15,15.165384615384616,22.15,0.3076923076923077,105.02,92.13,3.267692307692308,0.23076923076923078,4,-4.113402586774057,baixo
1409,19,705.0,37.10526315789474,66.8,0.3684210526315789,712.8499999999999,-7.84999999999998,4.007894736842106,0.10526315789473684,4,-3.8284389037776103,baixo
1410,19,627.2,33.01052631578948,68.8,0.21052631578947367,472.59,154.60999999999999,5.481578947368422,0.3157894736842105,9,0.3727300358408476,medio
1411,18,6983.45,387.96944444444443,484.2,0.3333333333333333,4665.93,2317.52,4.842777777777778,0.3333333333333333,10,4.345588994713837,alto
1412,25,5230.35,209.21400000000003,315.55,0.48,5739.88,-509.53,3.2512,0.32,5,0.8554132883557581,alto
1413,14,523.6,37.4,66.0,0.35714285714285715,329.97,193.63,3.6164285714285715,0.2857142857142857,4,-3.1756046890102594,baixo
1414,16,195.55,12.221875,23.0,0.25,240.22,-44.67000000000001,5.45125,0.3125,7,-1.4595424525795733,baixo
1415,20,737.85,36.8925,66.85,0.4,1261.5900000000001,-523.74,6.1625,0.5,4,-0.24014022718961003,medio
1416,23,1773.55,77.11086956521739,124.25,0.17391304347826086,334.18,1439.37,4.857826086956522,0.391304347826087,7,2.070932551974701,alto
1417,19,1437.6,75.66315789473684,114.65,0.2631578947368421,1679.04,-241.44,5.448947368421052,0.15789473684210525,4,-3.201591408901472,baixo
1418,19,234.3,12.331578947368422,23.65,0.42105263157894735,235.39,-1.0900000000000034,5.594210526315789,0.3157894736842105,5,-1.6139188501631525,baixo
1419,19,613.85,32.30789473684211,67.2,0.10526315789473684,59.370000000000005,554.48,6.266842105263158,0.3684210526315789,9,1.0656649962797426,alto
1420,24,4261.95,177.58124999999998,289.75,0.25,2499.61,1762.34,4.414583333333334,0.3333333333333333,4,1.30314218554901,alto
1421,18,198.5,11.027777777777779,23.9,0.3333333333333333,214.51,-16.010000000000005,5.305,0.3888888888888889,5,-1.1808199624798126,medio
1422,16,3204.8,200.3,287.7,0.5,5918.83,-2714.0299999999997,5.343125000000001,0.375,3,-2.767214057719514,baixo
1423,18,263.4,14.633333333333333,25.0,0.3888888888888889,204.82,58.58,5.015,0.16666666666666666,6,-2.7250787466360613,baixo
1424,25,346.4,13.856,23.55,0.28,174.08,172.32,4.6392,0.36,8,1.561682412711611,alto
1425,22,4266.25,193.92045454545453,315.65,0.6818181818181818,4909.3,-643.0500000000002,2.9540909090909095,0.3181818181818182,3,-0.8904928355043091,medio
1426,19,1519.3,79.96315789473684,123.95,0.3157894736842105,1122.49,396.80999999999995,4.373157894736842,0.3684210526315789,9,1.3102169652455287,alto
1427,13,4436.85,341.29615384615386,482.4,0.38461538461538464,5395.07,-958.2199999999998,4.108461538461539,0.46153846153846156,2,-1.1773864638120397,medio
1428,28,5543.1,197.96785714285716,316.2,0.2857142857142857,2487.78,3055.32,3.4717857142857143,0.35714285714285715,8,5.007737304582388,alto
1429,17,2800.65,164.74411764705883,244.15,0.35294117647058826,4701.34,-1900.69,7.361764705882353,0.11764705882352941,3,-4.72902378273935,baixo
1430,19,3069.0,161.52631578947367,243.7,0.42105263157894735,1935.3000000000002,1133.7,3.2221052631578946,0.3684210526315789,7,1.3829657947518774,alto
1431,24,5302.6,220.9416666666667,319.95,0.25,2437.81,2864.79,5.564583333333334,0.375,7,3.8929399588194773,alto
1432,22,1698.8,77.21818181818182,118.65,0.36363636363636365,1821.56,-122.76000000000002,5.418636363636363,0.36363636363636365,5,-0.11822341706855258,medio
1433,31,6474.1,208.84193548387097,308.45,0.3548387096774194,3243.39,3230.71,3.2680645161290323,0.12903225806451613,7,3.3041983360843106,alto
1434,23,865.15,37.61521739130435,68.35,0.43478260869565216,598.11,267.04,4.638695652173913,0.391304347826087,4,-0.14516275704587334,medio
1435,20,780.2,39.010000000000005,69.45,0.35,395.93,384.27000000000004,3.8,0.3,6,-0.7065559055949002,medio
1436,21,1652.65,78.69761904761906,122.65,0.3333333333333333,1514.1000000000001,138.5500000000001,6.057619047619047,0.38095238095238093,4,-0.47391602700532237,medio
1437,21,3523.6,167.7904761904762,235.95,0.47619047619047616,4479.49,-955.89,4.914761904761905,0.2857142857142857,3,-1.7601566642381514,baixo
1438,17,660.0500000000001,38.826470588235296,67.2,0.11764705882352941,262.44,397.61,5.65764705882353,0.23529411764705882,9,-0.6483982391073451,medio
1439,15,420.5,28.033333333333335,53.5,0.4666666666666667,792.5699999999999,-372.06999999999994,3.8366666666666664,0.4666666666666667,3,-2.088491626128145,baixo
1440,24,897.5,37.395833333333336,68.2,0.16666666666666666,309.32,588.18,5.020833333333333,0.16666666666666666,13,2.1398885790713944,alto
1441,18,13276.85,737.6027777777778,996.15,0.5,9367.7,3909.15,2.6083333333333334,0.3333333333333333,5,5.398306306194548,alto
1442,14,2002.95,143.06785714285715,244.9,0.14285714285714285,366.90999999999997,1636.04,5.328571428571428,0.2857142857142857,8,0.08025757551915691,medio
1443,21,92.55,4.407142857142857,8.7,0.2857142857142857,61.37,31.18,3.6814285714285715,0.19047619047619047,7,-1.478078265391846,baixo
1444,18,291.95,16.219444444444445,24.45,0.3888888888888889,215.01,76.94,4.175000000000001,0.2777777777777778,6,-1.679848579893314,baixo
1445,17,1395.9,82.11176470588236,117.05,0.23529411764705882,408.14000000000004,987.76,3.9323529411764704,0.4117647058823529,7,0.7098844426491557,medio
1446,14,5174.0,369.57142857142856,479.15,0.2857142857142857,1976.35,3197.65,4.53,0.35714285714285715,5,1.8080681033050237,alto
1447,14,2416.2,172.58571428571426,249.4,0.5,2782.43,-366.23,2.8314285714285714,0.07142857142857142,3,-4.957971806126055,baixo
1448,31,4416.35,142.46290322580646,246.55,0.41935483870967744,4291.38,124.97000000000007,4.277741935483871,0.3870967741935484,5,2.6955584231011427,alto
1449,16,10188.05,636.753125,986.8,0.5,11006.97,-818.9200000000002,4.134375,0.25,3,0.09410546658214769,medio
1450,21,253.9,12.09047619047619,22.4,0.2857142857142857,187.65,66.25,5.01047619047619,0.42857142857142855,5,-0.09177588418578886,medio
1451,23,16867.9,733.3869565217392,998.1,0.391304347826087,16620.62,247.27999999999952,3.9130434782608696,0.30434782608695654,4,3.83612940731548,alto
1452,16,177.1,11.06875,20.25,0.4375,237.84,-60.74,6.256875,0.25,3,-3.8137834198097176,baixo
1453,27,2530.7,93.72962962962963,122.0,0.25925925925925924,1398.3899999999999,1132.31,5.696666666666666,0.37037037037037035,8,3.1657510039334653,alto
1454,25,4342.9,173.71599999999998,247.45,0.32,1551.8899999999999,2791.0099999999998,4.22,0.36,7,3.6140920400586065,alto
1455,29,1136.35,39.18448275862069,69.8,0.41379310344827586,549.66,586.69,3.721379310344828,0.27586206896551724,3,-0.1251469722976054,medio
1456,21,89.0,4.238095238095238,8.8,0.2857142857142857,127.38,-38.38,6.031904761904762,0.2857142857142857,5,-1.5187441785851716,baixo
1457,24,16522.75,688.4479166666666,995.65,0.4166666666666667,22992.18,-6469.43,4.9558333333333335,0.25,4,-0.31939385727446523,medio
1458,19,1419.3,74.7,119.9,0.42105263157894735,2506.83,-1087.5300000000002,5.108421052631579,0.3157894736842105,5,-1.7614845309993168,baixo
1459,20,1893.85,94.6925,123.75,0.2,711.62,1182.23,3.9745,0.3,8,0.9817832763074235,alto
1460,29,1154.1,39.79655172413793,67.3,0.41379310344827586,861.93,292.17,4.449310344827587,0.3103448275862069,5,0.9212697920306976,alto
1461,21,740.95,35.28333333333334,68.6,0.19047619047619047,208.95,532.0,5.685238095238096,0.2857142857142857,8,0.3192951650970466,medio
1462,25,4446.85,177.87400000000002,248.7,0.44,3584.2,862.65,2.6056,0.32,5,1.3685763631466132,alto
1463,10,271.4,27.139999999999997,68.25,0.3,215.39,56.00999999999999,3.282,0.3,7,-2.7627397353071697,baixo
1464,13,2227.15,171.31923076923078,238.75,0.46153846153846156,2366.1000000000004,-138.94999999999993,3.1692307692307695,0.3076923076923077,2,-3.331763643544973,baixo
1465,26,4820.35,185.39807692307693,296.9,0.5,6136.21,-1315.86,5.038461538461538,0.3076923076923077,5,0.37344766108165517,medio
1466,18,1494.55,83.03055555555555,114.4,0.16666666666666666,1253.3999999999999,241.15,4.122222222222223,0.3888888888888889,7,0.332615186217387,medio
1467,26,1098.0,42.23076923076923,68.2,0.34615384615384615,473.41,624.59,3.522692307692308,0.5769230769230769,8,4.221746409950941,alto
1468,22,926.2,42.1,69.75,0.3181818181818182,528.4200000000001,397.78,5.345,0.45454545454545453,3,-0.1260539711050488,medio
1469,28,1024.1,36.574999999999996,66.85,0.35714285714285715,689.11,334.98999999999995,5.113571428571428,0.2857142857142857,8,1.7917622141551153,alto
1470,14,536.25,38.30357142857143,66.95,0.5714285714285714,1033.41,-497.15999999999997,5.227857142857142,0.35714285714285715,2,-3.758506297792042,baixo
1471,13,91.7,7.053846153846154,9.95,0.15384615384615385,75.35,16.35,4.7215384615384615,0.5384615384615384,5,-0.9319824081279995,medio
1472,14,2452.05,175.14642857142857,220.8,0.5,2399.46,52.58999999999994,4.547142857142857,0.42857142857142855,4,-0.9842467918376728,medio
1473,21,3918.65,186.60238095238097,241.6,0.19047619047619047,856.3,3062.35,4.426666666666667,0.19047619047619047,8,1.8281020662574645,alto
1474,15,186.4,12.426666666666668,23.1,0.4666666666666667,188.51000000000002,-2.1099999999999914,4.6899999999999995,0.3333333333333333,3,-3.2289005688429966,baixo
1475,15,1299.55,86.63666666666667,122.85,0.13333333333333333,167.43,1132.1200000000001,5.0280000000000005,0.13333333333333333,11,-0.4362523225431847,medio
1476,14,2448.85,174.91785714285714,234.05,0.35714285714285715,1923.22,525.63,3.357142857142857,0.2857142857142857,4,-2.0517548798951704,baixo
1477,18,109.55,6.086111111111111,9.3,0.3888888888888889,180.87,-71.32000000000001,4.748333333333333,0.2222222222222222,4,-3.221437516829468,baixo
1478,18,541.15,30.063888888888886,69.45,0.3333333333333333,254.55,286.6,4.725,0.4444444444444444,7,0.5041170362523664,medio
1479,21,13420.35,639.0642857142857,944.35,0.3333333333333333,7628.85,5791.5,4.818095238095237,0.14285714285714285,6,5.075667817469978,alto
1480,22,3370.95,153.225,244.9,0.36363636363636365,3382.95,-12.000000000000028,4.364090909090909,0.45454545454545453,4,0.8621893142613419,alto
1481,23,8266.7,359.4217391304348,485.4,0.5217391304347826,8185.93,80.77000000000032,4.526521739130435,0.13043478260869565,4,-0.4324643711377574,medio
1482,16,90.25,5.640625,9.3,0.375,162.19,-71.94,4.23625,0.1875,5,-3.552714885307296,baixo
1483,20,6375.0,318.75,477.85,0.45,6783.02,-408.01999999999964,3.162,0.45,4,1.302193650125758,alto
1484,25,3802.6,152.10399999999998,249.35,0.32,2969.57,833.0300000000001,6.4248,0.32,7,2.056017515270276,alto
1485,20,249.4,12.47,24.15,0.3,67.68,181.72,5.766,0.35,7,-0.09561942040322398,medio
1486,26,8775.6,337.5230769230769,485.75,0.3076923076923077,7550.3099999999995,1225.29,5.366153846153846,0.38461538461538464,7,4.36175588558421,alto
1487,15,1394.65,92.97666666666667,124.8,0.3333333333333333,502.15999999999997,892.49,2.854,0.4,5,-0.7031571780572643,medio
1488,23,785.85,34.167391304347824,62.1,0.4782608695652174,661.03,124.82,4.438695652173913,0.391304347826087,6,0.63624188205668,medio
1489,19,3785.4,199.23157894736843,314.9,0.42105263157894735,4007.23,-221.82999999999996,4.2573684210526315,0.21052631578947367,3,-2.294881792810746,baixo
1490,18,1419.25,78.84722222222223,120.5,0.3888888888888889,1891.67,-472.41999999999996,4.254444444444444,0.4444444444444444,5,-0.4438009630716575,medio
1491,24,15844.9,660.2041666666667,997.25,0.5,14079.37,1765.5300000000004,3.2724999999999995,0.25,4,3.8615207603228985,alto
1492,19,251.0,13.210526315789474,24.75,0.42105263157894735,172.57,78.43,4.362105263157894,0.3157894736842105,4,-2.005974163647487,baixo
1493,13,1271.6,97.8153846153846,124.3,0.46153846153846156,2451.69,-1180.0900000000001,5.96076923076923,0.46153846153846156,2,-2.9727660086728047,baixo
1494,20,1448.95,72.4475,122.4,0.4,1435.82,13.129999999999962,4.4105,0.15,5,-2.496883882171038,baixo
1495,20,1543.75,77.1875,123.65,0.35,1147.33,396.41999999999996,3.3825000000000003,0.3,6,-0.43707130993120613,medio
1496,20,610.4,30.52,69.95,0.35,1163.52,-553.12,4.9505,0.2,6,-2.1852073083209653,baixo
1497,21,759.3,36.15714285714286,66.05,0.38095238095238093,384.62,374.68,4.760000000000001,0.23809523809523808,4,-1.9588155763913282,baixo
1498,21,3712.15,176.76904761904763,247.3,0.3333333333333333,2847.51,864.64,3.6261904761904766,0.2857142857142857,6,0.5900970717884539,medio
1499,21,1585.5,75.5,122.4,0.47619047619047616,2193.11,-607.61,3.9580952380952383,0.23809523809523808,3,-2.650043117736563,baixo
1500,18,799.35,44.40833333333333,69.95,0.3333333333333333,785.89,13.460000000000004,6.6211111111111105,0.4444444444444444,5,-0.4229082747416375,medio
1501,23,1869.6499999999999,81.2891304347826,124.0,0.391304347826087,902.59,967.06,3.2352173913043476,0.34782608695652173,7,1.4478557102686325,alto
1502,29,2497.8,86.13103448275862,124.8,0.4827586206896552,2651.63,-153.83000000000007,3.706896551724138,0.27586206896551724,2,-0.6355275504032165,medio
1503,21,281.6,13.40952380952381,23.85,0.23809523809523808,182.0,99.60000000000001,3.9761904761904763,0.42857142857142855,7,0.8157568422939115,alto
1504,19,3956.6,208.2421052631579,314.45,0.3157894736842105,2453.27,1503.33,3.714736842105263,0.2631578947368421,5,0.049868206185230135,medio
1505,12,196.05,16.337500000000002,24.95,0.25,186.03,10.020000000000007,4.55,0.4166666666666667,4,-2.6588437484320337,baixo
1506,18,683.0,37.94444444444444,68.8,0.2777777777777778,531.67,151.33,3.2933333333333334,0.3333333333333333,7,-0.5380093940361237,medio
1507,25,138.1,5.524,9.55,0.32,131.18,6.920000000000002,5.5532,0.36,5,0.09530803008555402,medio
1508,18,207.45000000000002,11.525,24.0,0.5,93.78,113.67,3.187777777777778,0.2777777777777778,3,-3.0137632640662106,baixo
1509,15,650.45,43.36333333333334,69.15,0.4,673.97,-23.52000000000001,5.483333333333333,0.26666666666666666,3,-3.6418624781399527,baixo
1510,22,696.75,31.670454545454547,65.2,0.4090909090909091,557.75,139.0,3.6045454545454545,0.5454545454545454,5,1.383582926063156,alto
1511,29,4806.55,165.74310344827586,244.55,0.41379310344827586,4629.94,176.61000000000004,3.9110344827586205,0.27586206896551724,5,1.4096313854256466,alto
1512,21,14465.3,688.8238095238095,952.6,0.38095238095238093,19012.489999999998,-4547.19,4.825238095238095,0.38095238095238093,4,1.2399415892172574,alto
1513,15,474.65,31.64333333333333,69.8,0.4666666666666667,360.26,114.38999999999999,4.889333333333334,0.4,4,-1.9795137368119875,baixo
1514,16,5513.4,344.5875,462.5,0.4375,5722.610000000001,-209.21000000000006,3.124375,0.125,5,-1.8667396774563487,baixo
1515,35,394.1,11.26,23.4,0.45714285714285713,294.72,99.38,3.4705714285714286,0.22857142857142856,4,0.7720496600835829,alto
1516,25,5336.25,213.45,319.95,0.2,3416.5699999999997,1919.68,5.556,0.4,6,3.3533529905370236,alto
1517,18,3359.35,186.63055555555556,308.95,0.2777777777777778,4602.08,-1242.7300000000005,5.441111111111111,0.4444444444444444,4,-0.5508669412059366,medio
1518,19,251.3,13.226315789473684,23.35,0.3684210526315789,276.34000000000003,-25.04000000000001,5.104736842105263,0.3157894736842105,4,-2.0608423758895817,baixo
1519,15,88.8,5.92,9.75,0.3333333333333333,27.42,61.38,5.198666666666667,0.4,4,-2.1849039692974412,baixo
1520,30,5127.2,170.90666666666667,249.95,0.26666666666666666,3276.67,1850.5300000000002,4.150333333333333,0.3,6,3.2215865595115245,alto
1521,22,4418.5,200.8409090909091,293.45,0.3181818181818182,3396.03,1022.47,5.706363636363637,0.45454545454545453,6,2.6206181581958976,alto
1522,14,2202.85,157.34642857142856,229.6,0.35714285714285715,2612.6,-409.7499999999998,6.324285714285715,0.42857142857142855,6,-0.4718135692804518,medio
1523,22,1536.65,69.84772727272728,122.5,0.5,2136.08,-599.4300000000001,3.9,0.3181818181818182,3,-1.7221314615878296,baixo
1524,24,1763.0,73.45833333333333,108.45,0.3333333333333333,1824.0,-60.999999999999986,6.383333333333333,0.4166666666666667,10,3.027558946507171,alto
1525,24,834.85,34.78541666666667,67.15,0.375,453.84,381.01000000000005,3.8216666666666668,0.4166666666666667,5,0.7941586064954727,alto
1526,19,1793.2,94.37894736842105,124.2,0.21052631578947367,2089.48,-296.2800000000001,6.0473684210526315,0.6842105263157895,8,3.5127834609641027,alto
1527,22,318.25,14.465909090909092,24.9,0.18181818181818182,73.66,244.59,6.22,0.45454545454545453,11,3.1250625839935147,alto
1528,23,3514.85,152.8195652173913,245.8,0.17391304347826086,967.2,2547.65,3.417391304347826,0.34782608695652173,14,5.863030814657102,alto
1529,20,14566.85,728.3425,991.9,0.3,5518.24,9048.61,3.5315,0.25,3,6.864204451811615,alto
1530,17,176.75,10.397058823529411,21.65,0.23529411764705882,106.05,70.7,3.7876470588235294,0.17647058823529413,7,-2.4410967425254944,baixo
1531,19,12573.8,661.778947368421,942.35,0.3157894736842105,9388.64,3185.1600000000003,4.2573684210526315,0.3684210526315789,4,4.598442304867759,alto
1532,27,1049.4,38.86666666666667,69.15,0.2222222222222222,661.79,387.61,5.872962962962963,0.5185185185185185,8,3.7581448419600942,alto
1533,20,1672.55,83.6275,120.1,0.3,780.91,891.64,3.675,0.25,9,0.7304658159945541,medio
1534,25,3653.9500000000003,146.15800000000002,247.6,0.32,2748.16,905.79,5.7132,0.32,8,2.4940740494392903,alto
1535,23,771.2,33.5304347826087,68.5,0.43478260869565216,989.69,-218.49,5.571304347826087,0.30434782608695654,4,-1.2331029061115517,baixo
1536,25,953.35,38.134,68.4,0.2,342.11,611.24,4.6216,0.28,7,0.7841249569871594,alto
1537,24,314.8,13.116666666666667,23.7,0.375,195.81,118.99,3.8158333333333334,0.20833333333333334,5,-1.415376849030065,baixo
1538,15,2630.65,175.37666666666667,245.35,0.4,2729.58,-98.92999999999992,5.357333333333333,0.3333333333333333,3,-2.1576787637796846,baixo
1539,25,952.7,38.108000000000004,70.0,0.32,375.0,577.7,5.008,0.4,7,1.872635878709935,alto
1540,23,7893.7,343.204347826087,489.5,0.391304347826087,5801.09,2092.61,5.738695652173914,0.30434782608695654,4,2.1283992471835798,alto
1541,17,649.7,38.21764705882353,69.0,0.47058823529411764,362.38,287.32,3.6176470588235294,0.35294117647058826,5,-1.3878288927593303,baixo
1542,17,1144.95,67.35000000000001,110.4,0.4117647058823529,847.21,297.74,4.62764705882353,0.47058823529411764,3,-0.9774916023534996,medio
1543,26,266.75,10.259615384615385,21.5,0.3076923076923077,254.74,12.010000000000012,4.273461538461539,0.23076923076923078,7,0.04377212253292084,medio
1544,23,1824.8999999999999,79.34347826086956,124.8,0.43478260869565216,2265.66,-440.7599999999999,3.210434782608696,0.34782608695652173,2,-1.515382508607864,baixo
1545,21,7997.45,380.8309523809524,490.05,0.38095238095238093,4648.66,3348.79,4.879047619047619,0.2857142857142857,6,3.3159185415760057,alto
1546,17,3401.4,200.08235294117648,299.35,0.29411764705882354,1391.6399999999999,2009.76,4.6123529411764705,0.35294117647058826,4,0.20218547446926277,medio
1547,20,3069.6,153.48,241.6,0.35,2508.5699999999997,561.0300000000001,3.6020000000000003,0.3,4,-0.7047064560610472,medio
1548,16,2454.35,153.396875,242.6,0.3125,1957.39,496.9599999999999,4.73125,0.5,4,0.20872281828130945,medio
1549,21,703.65,33.50714285714285,68.4,0.23809523809523808,421.93,281.71999999999997,6.088571428571429,0.47619047619047616,7,1.4900799909701732,alto
1550,23,863.7,37.55217391304348,65.8,0.5217391304347826,842.37,21.329999999999995,3.646521739130435,0.17391304347826086,5,-1.8403371751240578,baixo
1551,18,494.04999999999995,27.44722222222222,66.45,0.5,571.7,-77.65000000000002,3.6566666666666663,0.6666666666666666,3,0.5801955236336553,medio
1552,22,3981.05,180.9568181818182,248.8,0.36363636363636365,2390.5299999999997,1590.52,4.776363636363636,0.3181818181818182,5,1.0876863263129388,alto
1553,25,8278.75,331.15,485.55,0.44,5628.59,2650.16,3.3308,0.32,6,3.814716560801264,alto
1554,15,5525.3,368.35333333333335,488.0,0.3333333333333333,6932.5,-1407.2000000000003,4.768666666666666,0.4,8,1.293273568720285,alto
1555,18,12652.45,702.9138888888889,915.6,0.3888888888888889,6541.74,6110.71,3.23,0.5,5,7.865894262846513,alto
1556,14,5009.4,357.8142857142857,499.7,0.5714285714285714,6580.67,-1571.27,4.190714285714286,0.5,2,-0.8106300836323124,medio
1557,20,1572.95,78.64750000000001,123.8,0.4,1228.47,344.48,3.6155,0.15,5,-2.278111072708577,baixo
1558,16,567.15,35.446875,64.75,0.3125,1191.93,-624.78,6.033125,0.0625,3,-5.674443389456586,baixo
1559,16,686.05,42.878125,67.1,0.375,388.96000000000004,297.09000000000003,4.095,0.25,4,-2.964139251388521,baixo
1560,14,2096.95,149.78214285714284,227.75,0.35714285714285715,1452.03,644.92,5.839285714285714,0.5714285714285714,2,-0.40772315152185623,medio
1561,28,19714.55,704.0910714285714,985.5,0.32142857142857145,10771.48,8943.07,5.0371428571428565,0.25,6,9.754412650016077,alto
1562,16,2516.45,157.278125,231.7,0.5,4649.27,-2132.82,4.864375,0.375,4,-2.3144405182115397,baixo
1563,18,690.8,38.37777777777777,70.0,0.5555555555555556,763.4200000000001,-72.62,4.007222222222222,0.4444444444444444,2,-1.8312812425748184,baixo
1564,23,1906.3,82.88260869565217,121.8,0.391304347826087,1613.97,292.33,4.142608695652174,0.391304347826087,7,1.5012378311566985,alto
1565,21,759.7,36.17619047619048,67.85,0.38095238095238093,340.59000000000003,419.11,3.781428571428571,0.2857142857142857,7,-0.17489804262893405,medio
1566,23,4038.8,175.6,248.1,0.30434782608695654,1491.1,2547.7,3.752173913043478,0.43478260869565216,6,3.2989255960327,alto
1567,18,3359.15,186.61944444444444,287.95,0.2777777777777778,5686.31,-2327.1600000000003,4.317777777777778,0.4444444444444444,5,-0.6867741131993705,medio
1568,19,1667.65,87.77105263157895,124.0,0.3684210526315789,1126.82,540.83,4.111052631578947,0.10526315789473684,7,-1.866751112907766,baixo
1569,16,92.7,5.79375,9.9,0.4375,83.46000000000001,9.24,4.67375,0.25,3,-3.8129435621913306,baixo
1570,19,1464.8,77.09473684210526,124.4,0.3684210526315789,1305.59,159.21000000000004,4.781052631578947,0.3684210526315789,5,-0.5972401084673283,medio
1571,21,4075.5,194.07142857142858,299.85,0.38095238095238093,3328.38,747.1200000000001,4.236666666666666,0.38095238095238093,5,1.0846826590044378,alto
1572,22,3548.95,161.3159090909091,248.95,0.45454545454545453,3457.88,91.06999999999994,4.275454545454545,0.45454545454545453,5,1.4130596727705866,alto
1573,23,5173.85,224.95000000000002,301.25,0.34782608695652173,3622.7200000000003,1551.13,3.294782608695652,0.391304347826087,6,2.708508898594377,alto
1574,15,65.95,4.3966666666666665,9.35,0.4,59.52,6.43,6.178,0.3333333333333333,3,-3.279686727697064,baixo
1575,17,3612.45,212.49705882352941,313.9,0.35294117647058826,2703.0299999999997,909.42,4.39,0.29411764705882354,4,-0.8393357453169046,medio
1576,23,815.75,35.46739130434783,60.95,0.30434782608695654,534.34,281.40999999999997,4.036521739130435,0.43478260869565216,5,0.6889470432459108,medio
1577,19,256.40000000000003,13.494736842105265,21.6,0.3684210526315789,115.54,140.86,4.597368421052631,0.21052631578947367,4,-2.9414685980999593,baixo
1578,17,11771.5,692.4411764705883,924.8,0.17647058823529413,4710.66,7060.84,6.221176470588236,0.17647058823529413,11,7.733475947172956,alto
1579,20,1718.15,85.9075,124.25,0.3,1373.8700000000001,344.28000000000003,5.3875,0.35,4,-0.8243762105575964,medio
1580,23,8121.3,353.1,484.0,0.5217391304347826,10356.63,-2235.33,3.2734782608695654,0.2608695652173913,3,-0.9442717413603251,medio
1581,20,3937.7,196.885,310.2,0.45,2956.63,981.0699999999999,3.4524999999999997,0.35,5,0.7189277324478953,medio
1582,20,115.7,5.785,9.8,0.4,75.22,40.48,3.5265,0.3,6,-1.1181307828975546,medio
1583,23,1923.2,83.61739130434783,121.85,0.30434782608695654,1240.03,683.1700000000001,6.447826086956521,0.43478260869565216,4,0.7937885124922681,alto
1584,15,5786.0,385.73333333333335,472.1,0.6,25745.68,-19959.68,6.014,0.4666666666666667,2,-10.471970962697322,baixo
1585,15,3289.95,219.32999999999998,316.2,0.13333333333333333,629.6500000000001,2660.3,7.865333333333333,0.3333333333333333,6,0.9323002088916731,alto
1586,30,10670.8,355.6933333333333,490.2,0.3333333333333333,12322.33,-1651.5299999999997,5.335999999999999,0.26666666666666666,10,4.088025442818708,alto
1587,11,43.05,3.9136363636363636,9.85,0.6363636363636364,39.03,4.0200000000000005,2.083636363636364,0.7272727272727273,2,-0.9883126651920229,medio
1588,18,761.9,42.327777777777776,68.05,0.2222222222222222,239.5,522.4,3.81,0.3333333333333333,8,0.1297143013712698,medio
1589,17,1493.75,87.86764705882354,123.85,0.47058823529411764,2174.02,-680.27,4.057647058823529,0.4117647058823529,5,-1.0174635846451565,medio
1590,14,66.65,4.760714285714286,9.35,0.5,72.53,-5.880000000000001,3.0650000000000004,0.21428571428571427,3,-4.605483512157112,baixo
1591,27,2231.4,82.64444444444445,121.05,0.3333333333333333,1792.68,438.72,5.2555555555555555,0.3333333333333333,9,2.819697895481887,alto
1592,22,1907.1,86.68636363636364,123.4,0.45454545454545453,1185.92,721.18,3.7290909090909086,0.36363636363636365,3,-0.485303232298829,medio
1593,27,2032.1,75.26296296296296,121.95,0.3333333333333333,1581.5800000000002,450.5200000000001,5.947777777777778,0.2222222222222222,6,0.4294772147962609,medio
1594,30,4530.8,151.02666666666667,245.65,0.36666666666666664,2802.21,1728.5900000000001,3.2800000000000002,0.3333333333333333,5,2.88683161481491,alto
1595,21,7243.7,344.93809523809523,493.2,0.47619047619047616,11565.48,-4321.78,4.3480952380952385,0.2857142857142857,4,-1.887719817413429,baixo
1596,17,4002.5,235.44117647058823,318.35,0.4117647058823529,4318.67,-316.1700000000001,4.445882352941176,0.11764705882352941,4,-2.9596772796686466,baixo
1597,18,187.75,10.430555555555555,23.25,0.5,97.78,89.97,4.449999999999999,0.3333333333333333,3,-2.5216225796124325,baixo
1598,23,1749.45,76.06304347826087,121.1,0.2608695652173913,1219.1100000000001,530.34,5.697826086956522,0.34782608695652173,6,0.7394437603668601,medio
1599,13,415.65,31.97307692307692,66.75,0.6153846153846154,288.79,126.86,2.246153846153846,0.07692307692307693,3,-5.838116894833529,baixo
1600,22,3392.5,154.20454545454547,246.4,0.2727272727272727,2384.31,1008.19,6.117727272727273,0.36363636363636365,8,2.3341825275655124,alto
1601,27,2108.5,78.0925925925926,116.85,0.4444444444444444,1922.26,186.24000000000004,4.401481481481482,0.25925925925925924,9,1.9711549789506868,alto
1602,11,311.6,28.327272727272728,52.15,0.36363636363636365,187.07,124.53,3.9145454545454546,0.36363636363636365,3,-3.668781778593611,baixo
1603,22,111.7,5.077272727272727,10.0,0.13636363636363635,16.47,95.23,3.9395454545454545,0.45454545454545453,14,4.302106028713984,alto
1604,21,86.15,4.102380952380953,9.2,0.19047619047619047,13.110000000000001,73.03999999999999,4.755714285714286,0.42857142857142855,10,2.0586094044900376,alto
1605,30,21657.1,721.9033333333333,970.9,0.4666666666666667,48309.590000000004,-26652.489999999998,6.442666666666667,0.3,4,-9.007561494903301,baixo
1606,22,4380.05,199.09318181818182,299.8,0.5,5047.58,-667.5299999999999,4.1059090909090905,0.36363636363636365,3,-0.4487287399182921,medio
1607,21,3148.65,149.93571428571428,220.65,0.6190476190476191,6814.49,-3665.84,3.8647619047619046,0.5238095238095238,4,-0.6872337293214346,medio
1608,20,4003.25,200.1625,317.4,0.2,1760.7399999999998,2242.51,5.85,0.45,5,2.333845297348404,alto
1609,25,120.7,4.828,9.3,0.28,44.64,76.06,6.8308,0.4,7,1.3768112028077746,alto
1610,25,16270.8,650.832,999.95,0.36,14003.36,2267.4399999999996,5.1815999999999995,0.28,7,5.885381583787429,alto
1611,18,273.85,15.21388888888889,25.0,0.3333333333333333,190.72,83.13,4.513888888888889,0.2777777777777778,4,-2.5642125661020048,baixo
1612,16,79.15,4.946875,10.0,0.5,146.09,-66.94,6.070625,0.5,3,-1.55402399626238,baixo
1613,20,748.7,37.435,69.85,0.3,227.94,520.76,2.9065000000000003,0.4,4,-0.6035180420611821,medio
1614,18,3154.9,175.27222222222224,239.2,0.2777777777777778,2052.42,1102.48,3.5999999999999996,0.3333333333333333,4,-0.4075820547906629,medio
1615,24,3471.1,144.62916666666666,229.45,0.2916666666666667,1422.7900000000002,2048.31,4.65875,0.3333333333333333,8,2.989509750454704,alto
1616,24,964.9,40.204166666666666,68.6,0.2916666666666667,554.41,410.49,4.1970833333333335,0.25,12,2.3928723193094648,alto
1617,23,3812.15,165.74565217391304,248.4,0.4782608695652174,10968.55,-7156.400000000001,6.7299999999999995,0.43478260869565216,3,-3.2461605590322575,baixo
1618,22,770.5,35.02272727272727,64.7,0.2727272727272727,363.72,406.78000000000003,4.135909090909092,0.45454545454545453,6,1.1510557656825526,alto
1619,14,504.65000000000003,36.04642857142857,65.3,0.35714285714285715,584.7,-80.05000000000001,2.8207142857142857,0.21428571428571427,3,-4.42934541968246,baixo
1620,17,2708.05,159.29705882352943,248.6,0.35294117647058826,3607.16,-899.11,5.078823529411765,0.47058823529411764,8,1.2218767551749887,alto
1621,16,3107.8,194.2375,316.8,0.375,2111.7200000000003,996.08,3.039375,0.1875,3,-2.5666029948853355,baixo
1622,21,14222.85,677.2785714285715,984.1,0.38095238095238093,7779.36,6443.49,3.3585714285714285,0.42857142857142855,8,9.200648689494857,alto
1623,16,68.2,4.2625,9.85,0.4375,74.51,-6.310000000000001,4.610625,0.125,3,-4.984371108322123,baixo
1624,21,6903.0,328.7142857142857,493.4,0.42857142857142855,6358.18,544.8199999999999,3.682380952380952,0.42857142857142855,3,1.4632003276335879,alto
1625,28,4269.25,152.47321428571428,232.0,0.39285714285714285,5444.72,-1175.47,4.646428571428571,0.35714285714285715,6,1.5656138233786034,alto
1626,18,2833.35,157.40833333333333,240.1,0.2777777777777778,1286.69,1546.66,4.7844444444444445,0.4444444444444444,5,1.1702593914788133,alto
1627,12,8205.9,683.8249999999999,977.95,0.16666666666666666,3112.9700000000003,5092.93,5.329166666666667,0.25,9,5.305607267869895,alto
1628,19,3507.9,184.6263157894737,245.45,0.3684210526315789,5954.66,-2446.76,4.681052631578948,0.21052631578947367,4,-3.137322253240325,baixo
1629,20,664.45,33.222500000000004,70.0,0.4,391.49,272.96,4.612,0.4,5,-0.32384234657413785,medio
1630,14,1276.85,91.20357142857142,122.7,0.14285714285714285,338.16,938.69,5.0807142857142855,0.35714285714285715,9,0.4514068809246059,medio
1631,29,4634.55,159.81206896551726,238.15,0.1724137931034483,1911.73,2722.82,6.255172413793104,0.2413793103448276,6,2.8440530103611277,alto
1632,14,433.5,30.964285714285715,67.35,0.21428571428571427,590.9,-157.4,4.286428571428571,0.5,8,0.33090435944799546,medio
1633,15,500.25,33.35,66.75,0.6,535.31,-35.059999999999995,3.4926666666666666,0.26666666666666666,4,-3.276619719235611,baixo
1634,31,2497.05,80.55000000000001,124.65,0.3548387096774194,1944.4699999999998,552.5799999999999,5.515483870967741,0.3870967741935484,7,3.376929550604397,alto
1635,16,573.2,35.825,67.35,0.5625,1118.0700000000002,-544.87,4.6225000000000005,0.375,2,-3.1882030288699594,baixo
1636,25,3776.75,151.07,242.15,0.52,4887.4,-1110.65,3.7828,0.36,3,-0.37646020609530945,medio
1637,21,826.75,39.36904761904762,69.65,0.3333333333333333,734.0,92.75000000000003,7.21,0.38095238095238093,4,-0.7692104263586033,medio
1638,18,3440.85,191.15833333333333,316.6,0.5,1900.1100000000001,1540.74,3.101111111111111,0.1111111111111111,5,-1.674002569623209,baixo
1639,23,2005.05,87.17608695652174,122.85,0.13043478260869565,1547.81,457.2399999999999,5.315217391304348,0.43478260869565216,11,3.780800213793862,alto
1640,37,3209.3,86.73783783783784,124.35,0.2972972972972973,3302.35,-93.0499999999999,5.421081081081081,0.43243243243243246,7,4.838764504114287,alto
1641,26,1025.55,39.44423076923077,67.6,0.38461538461538464,475.48,550.0699999999999,2.9196153846153843,0.3076923076923077,4,-0.08105340556632573,medio
1642,17,3379.4,198.78823529411764,310.05,0.47058823529411764,2354.3900000000003,1025.01,4.2694117647058825,0.47058823529411764,3,0.31449173488603743,medio
1643,15,95.95,6.3966666666666665,10.0,0.13333333333333333,25.54,70.41,5.1979999999999995,0.26666666666666666,8,-1.6448285327428138,baixo
1644,24,2271.5,94.64583333333333,122.7,0.4166666666666667,2996.09,-724.59,4.429166666666666,0.2916666666666667,4,-0.9738447235496147,medio
1645,27,1014.6,37.577777777777776,67.2,0.37037037037037035,1093.14,-78.53999999999995,5.260370370370371,0.25925925925925924,4,-0.6504760091785626,medio
1646,20,2890.8,144.54000000000002,245.9,0.35,4344.200000000001,-1453.4,4.3095,0.35,4,-1.375586089783449,baixo
1647,20,224.65,11.2325,23.45,0.6,737.48,-512.83,7.748,0.25,4,-2.7163624779535374,baixo
1648,29,10313.25,355.62931034482756,484.55,0.4482758620689655,12872.59,-2559.34,4.513103448275862,0.27586206896551724,3,0.3834525941017831,medio
1649,27,148.95,5.516666666666667,9.45,0.25925925925925924,159.03,-10.08,4.625185185185185,0.18518518518518517,6,-0.6372966326638971,medio
1650,18,240.2,13.344444444444443,22.85,0.4444444444444444,264.14,-23.940000000000012,3.8672222222222223,0.16666666666666666,4,-3.658529320118247,baixo
1651,28,144.05,5.144642857142857,9.45,0.42857142857142855,99.09,44.96,4.510357142857143,0.39285714285714285,4,0.6476223607851762,medio
1652,24,1994.0,83.08333333333333,120.3,0.2916666666666667,1890.3100000000002,103.69000000000007,5.179166666666666,0.2916666666666667,7,0.7076737162892686,medio
1653,25,2193.55,87.742,124.45,0.44,4942.49,-2748.94,5.3908000000000005,0.44,4,-0.5052073739075102,medio
1654,21,7539.1,359.00476190476195,498.2,0.38095238095238093,3726.3599999999997,3812.74,3.3504761904761904,0.23809523809523808,4,2.0922392707222817,alto
1655,18,3402.05,189.0027777777778,302.45,0.3888888888888889,2299.02,1103.03,4.43,0.2222222222222222,5,-0.896876017855041,medio
1656,24,8566.25,356.9270833333333,497.95,0.3333333333333333,8538.53,27.719999999999914,5.824166666666667,0.4166666666666667,5,2.8258814174792537,alto
1657,23,857.45,37.2804347826087,67.5,0.4782608695652174,1625.96,-768.5100000000001,6.934347826086957,0.5217391304347826,4,0.5050384173677136,medio
1658,26,1955.7,75.21923076923078,124.85,0.23076923076923078,784.28,1171.42,5.415384615384616,0.46153846153846156,8,3.6756205808010414,alto
1659,20,277.05,13.852500000000001,23.65,0.4,185.25,91.80000000000001,5.076,0.3,4,-1.916005715184106,baixo
1660,14,2271.8,162.27142857142857,246.35,0.21428571428571427,810.5,1461.3,4.815714285714286,0.14285714285714285,5,-2.518644458916509,baixo
1661,21,3983.0,189.66666666666666,305.75,0.23809523809523808,2789.33,1193.67,5.991904761904761,0.5238095238095238,7,3.489602067032344,alto
1662,22,4037.15,183.50681818181818,307.95,0.36363636363636365,2063.65,1973.5,5.0,0.5454545454545454,6,3.8447718840276046,alto
1663,24,4075.85,169.82708333333332,247.4,0.4166666666666667,2299.36,1776.49,3.6945833333333336,0.25,6,1.3695518388939887,alto
1664,16,1228.2,76.7625,113.2,0.1875,798.13,430.07000000000005,5.15125,0.3125,6,-1.2029989570358248,baixo
1665,13,3013.75,231.82692307692307,317.9,0.3076923076923077,1387.65,1626.1,5.9692307692307685,0.3076923076923077,6,-0.21560908240958476,medio
1666,23,4558.6,198.20000000000002,318.65,0.391304347826087,3266.34,1292.26,4.736521739130435,0.4782608695652174,4,2.307759660137648,alto
1667,20,97.55,4.8774999999999995,8.75,0.2,35.59,61.959999999999994,7.056,0.3,8,-0.2322450681446957,medio
1668,22,1895.2,86.14545454545454,122.6,0.3181818181818182,1329.37,565.8299999999999,4.274545454545454,0.36363636363636365,6,0.7495151091996386,medio
1669,20,96.9,4.845000000000001,9.95,0.1,10.94,85.96,5.0455,0.3,12,1.5417330610975453,alto
1670,24,5155.85,214.82708333333335,311.6,0.25,3115.88,2039.97,4.20875,0.4583333333333333,11,5.9424193244532795,alto
1671,26,4200.1,161.5423076923077,249.2,0.5,5592.2699999999995,-1392.17,4.583076923076923,0.23076923076923078,3,-1.421482715795658,baixo
1672,16,3126.05,195.378125,299.45,0.4375,3890.02,-763.97,4.02,0.25,4,-2.477246350515329,baixo
1673,20,3737.15,186.85750000000002,319.55,0.4,3032.79,704.36,4.1405,0.3,4,-0.39859186577476213,medio
1674,27,886.7,32.84074074074074,67.6,0.4444444444444444,1411.13,-524.43,5.1392592592592585,0.37037037037037035,4,0.10451878508922258,medio
1675,18,1495.55,83.08611111111111,120.65,0.3888888888888889,1029.31,466.24,3.8244444444444445,0.5,6,1.0367802869673692,alto
1676,15,2462.0,164.13333333333333,243.5,0.26666666666666666,1398.1599999999999,1063.84,3.0533333333333332,0.4,7,0.7588549167812761,alto
1677,17,679.75,39.98529411764706,69.75,0.35294117647058826,673.09,6.660000000000011,4.7700000000000005,0.47058823529411764,3,-1.3206846658819482,baixo
1678,24,4087.4,170.30833333333334,249.2,0.2916666666666667,1720.67,2366.73,4.1379166666666665,0.2916666666666667,9,3.391774029292017,alto
1679,21,3239.0,154.23809523809524,241.15,0.23809523809523808,1662.84,1576.16,5.346190476190476,0.38095238095238093,12,4.333279347491153,alto
1680,26,131.35,5.051923076923076,9.85,0.38461538461538464,191.2,-59.85000000000001,5.969615384615385,0.6153846153846154,5,2.63549590413947,alto
1681,21,12908.95,614.7119047619047,993.95,0.23809523809523808,12089.19,819.7600000000002,4.76047619047619,0.23809523809523808,4,2.263699048430292,alto
1682,13,2099.1,161.46923076923076,249.15,0.3076923076923077,1443.29,655.81,4.6984615384615385,0.38461538461538464,3,-1.8276801191497438,baixo
1683,24,4330.25,180.42708333333334,244.25,0.2916666666666667,4019.58,310.66999999999985,4.647083333333334,0.4583333333333333,10,4.346219827675217,alto
1684,17,2691.45,158.3205882352941,247.05,0.47058823529411764,2269.2,422.2499999999999,3.3811764705882354,0.29411764705882354,3,-1.9118035312760127,baixo
1685,29,971.8,33.5103448275862,67.1,0.20689655172413793,794.72,177.08,6.663793103448276,0.6551724137931034,14,7.959700860632342,alto
1686,20,102.5,5.125,9.9,0.35,112.89,-10.390000000000002,5.2255,0.45,5,-0.20693065986233816,medio
1687,26,16512.85,635.1096153846154,921.55,0.4230769230769231,13243.61,3269.24,4.111538461538461,0.3076923076923077,3,5.027282999765008,alto
1688,17,2920.25,171.77941176470588,237.15,0.23529411764705882,665.82,2254.43,3.737058823529412,0.23529411764705882,6,-0.06689981262890998,medio
1689,24,1649.35,68.72291666666666,122.8,0.25,1952.96,-303.6099999999999,5.129583333333334,0.3333333333333333,6,0.3361666013827834,medio
1690,18,195.65,10.869444444444445,24.0,0.3888888888888889,160.04,35.61,4.573333333333333,0.2777777777777778,5,-2.179030603285848,baixo
1691,16,3697.45,231.090625,315.85,0.375,2180.74,1516.71,3.5375,0.3125,7,0.8779948349523834,alto
1692,29,4450.55,153.46724137931034,237.9,0.5172413793103449,7688.410000000001,-3237.86,4.991034482758621,0.41379310344827586,3,-0.09803775107506729,medio
1693,24,5348.95,222.87291666666667,318.4,0.3333333333333333,3426.8,1922.15,5.5325,0.16666666666666666,6,1.0440016186486687,alto
1694,18,1338.1,74.33888888888889,118.2,0.3333333333333333,1023.71,314.39,3.956111111111111,0.4444444444444444,5,-0.05680382547810303,medio
1695,10,1009.45,100.94500000000001,124.7,0.3,388.18,621.27,2.974,0.3,5,-2.8346343877913704,baixo
1696,21,1719.35,81.87380952380951,119.45,0.38095238095238093,2017.25,-297.89999999999986,4.302380952380952,0.2857142857142857,5,-1.1217541887146405,medio
1697,25,315.75,12.63,24.15,0.48,759.3,-443.55,4.9008,0.4,2,-1.0473342557521441,medio
1698,21,738.7,35.17619047619048,68.55,0.38095238095238093,617.8199999999999,120.88,5.544761904761905,0.42857142857142855,5,0.0963028842554382,medio
1699,33,5344.55,161.95606060606062,249.4,0.2727272727272727,3538.22,1806.33,5.2263636363636365,0.42424242424242425,4,4.073445616487329,alto
1700,24,1021.3,42.55416666666667,70.0,0.375,1949.0499999999997,-927.75,5.767916666666667,0.2916666666666667,8,0.3207673965338801,medio
1701,18,3982.85,221.26944444444445,309.9,0.5,12320.63,-8337.78,7.165,0.4444444444444444,4,-4.0820499352596284,baixo
1702,25,1117.05,44.681999999999995,69.85,0.24,677.28,439.77,4.2812,0.32,10,2.4280551696680064,alto
1703,21,3583.6,170.64761904761903,248.1,0.38095238095238093,2375.59,1208.01,5.276666666666666,0.3333333333333333,5,0.729095532239378,medio
1704,32,10920.5,341.265625,494.5,0.46875,10439.92,480.5799999999997,4.64125,0.375,4,3.9263122832594473,alto
1705,18,106.45,5.913888888888889,9.85,0.3333333333333333,97.22,9.230000000000008,3.7055555555555557,0.3888888888888889,9,0.5588081228274421,medio
1706,18,3161.2,175.6222222222222,242.2,0.3333333333333333,1628.98,1532.22,4.842222222222222,0.5555555555555556,6,2.7529836195641404,alto
1707,22,695.4,31.60909090909091,68.6,0.36363636363636365,1199.94,-504.5400000000001,5.315,0.22727272727272727,6,-1.4523417399719445,baixo
1708,22,1625.9,73.90454545454546,116.15,0.22727272727272727,676.62,949.28,4.7295454545454545,0.4090909090909091,10,3.049502279784935,alto
1709,20,6502.4,325.12,492.3,0.4,10406.32,-3903.919999999999,6.0104999999999995,0.5,3,-0.49072171647809837,medio
1710,18,301.0,16.72222222222222,24.25,0.2777777777777778,297.68,3.320000000000006,6.2,0.4444444444444444,5,-0.6190430892173437,medio
1711,15,2550.15,170.01000000000002,242.55,0.4,5859.150000000001,-3309.0,6.155333333333333,0.6666666666666666,4,-0.3862642777387597,medio
1712,14,536.2,38.300000000000004,69.95,0.7142857142857143,1298.56,-762.36,4.19,0.21428571428571427,2,-5.216715281411123,baixo
1713,24,15951.2,664.6333333333333,999.75,0.375,12912.01,3039.19,5.587083333333333,0.4583333333333333,5,6.930161781866122,alto
1714,17,650.35,38.25588235294118,69.0,0.4117647058823529,349.54,300.81,5.508235294117647,0.29411764705882354,4,-2.363167630748003,baixo
1715,29,2326.75,80.23275862068965,118.75,0.27586206896551724,1340.73,986.02,5.604827586206897,0.3103448275862069,6,2.0088880709513113,alto
1716,21,7788.0,370.85714285714283,497.35,0.38095238095238093,13494.33,-5706.33,4.287619047619048,0.38095238095238093,4,-1.566620546944729,baixo
1717,18,3544.15,196.89722222222224,304.55,0.3888888888888889,4746.7300000000005,-1202.58,6.305555555555555,0.2777777777777778,3,-2.4359836636557373,baixo
1718,18,613.0,34.05555555555556,62.75,0.3888888888888889,557.6,55.4,5.271111111111111,0.2777777777777778,6,-1.5684092551882576,baixo
1719,14,2174.8,155.34285714285716,242.1,0.35714285714285715,1682.21,492.59,6.316428571428571,0.5714285714285714,4,0.4303752365625375,medio
1720,16,1304.95,81.559375,121.6,0.3125,654.23,650.72,3.8512500000000003,0.25,7,-1.1886569659471413,medio
1721,19,2928.7,154.14210526315787,237.55,0.3157894736842105,2436.18,492.52,5.488421052631579,0.3684210526315789,4,-0.3296761463127945,medio
1722,22,1856.6,84.39090909090909,119.65,0.4090909090909091,1786.62,69.97999999999996,4.467272727272728,0.36363636363636365,3,-0.8471219312582551,medio
1723,20,3833.95,191.6975,300.5,0.5,4093.34,-259.39000000000004,4.886,0.4,3,-0.3955880074782165,medio
1724,33,195.7,5.93030303030303,9.6,0.42424242424242425,241.0,-45.300000000000004,6.142121212121212,0.36363636363636365,3,1.0154476342297065,alto
1725,21,89.7,4.271428571428571,9.0,0.2857142857142857,57.78,31.92,4.146190476190476,0.5714285714285714,6,1.593750564048224,alto
1726,26,1031.6,39.676923076923075,70.0,0.23076923076923078,316.71000000000004,714.89,4.828846153846154,0.38461538461538464,5,1.1577884227333324,alto
1727,16,241.6,15.1,24.8,0.4375,144.59,97.00999999999999,3.634375,0.5,5,-0.5162356803511017,medio
1728,13,2209.15,169.9346153846154,233.05,0.23076923076923078,946.06,1263.09,4.543846153846154,0.15384615384615385,8,-1.3727821132441127,baixo
1729,22,3745.2,170.23636363636362,314.8,0.2727272727272727,2274.58,1470.62,5.347272727272728,0.4090909090909091,10,3.9901979972110633,alto
1730,19,1447.65,76.1921052631579,122.9,0.47368421052631576,1922.84,-475.18999999999994,4.270526315789474,0.3157894736842105,4,-1.8662107160301025,baixo
1731,18,251.6,13.977777777777778,24.0,0.3333333333333333,225.37,26.229999999999997,3.2566666666666664,0.2222222222222222,7,-1.794147793198745,baixo
1732,18,644.35,35.797222222222224,65.8,0.4444444444444444,619.04,25.31,3.961666666666667,0.3333333333333333,5,-1.500486540862607,baixo
1733,18,3728.2000000000003,207.12222222222223,306.8,0.3888888888888889,2981.8,746.4,4.6738888888888885,0.2222222222222222,4,-1.4018914242641292,baixo
1734,20,2923.05,146.1525,234.2,0.45,2088.68,834.37,3.8055,0.35,5,0.291452997779284,medio
1735,17,1329.0,78.17647058823529,118.9,0.5294117647058824,1665.96,-336.96,4.54764705882353,0.35294117647058826,3,-2.324952742158399,baixo
1736,22,266.5,12.113636363636363,23.7,0.45454545454545453,179.05,87.44999999999999,3.6509090909090904,0.22727272727272727,8,-0.3913895541756748,medio
1737,27,4466.35,165.4203703703704,248.7,0.4444444444444444,3102.68,1363.67,4.632962962962963,0.2222222222222222,5,1.0954524741143792,alto
1738,18,91.15,5.063888888888889,9.8,0.4444444444444444,71.15,20.0,4.565,0.3888888888888889,5,-1.2027756676764403,baixo
1739,16,2718.95,169.934375,249.15,0.25,894.3000000000001,1824.65,3.765625,0.3125,5,-0.2604556187041364,medio
1740,21,4527.65,215.60238095238094,315.65,0.2857142857142857,6449.17,-1921.52,5.07,0.38095238095238093,8,1.1361747943536376,alto
1741,21,7523.3,358.252380952381,498.15,0.3333333333333333,3886.3900000000003,3636.91,7.355714285714286,0.47619047619047616,5,4.629452163322341,alto
1742,23,797.5,34.67391304347826,64.7,0.391304347826087,672.23,125.26999999999998,2.778695652173913,0.17391304347826086,3,-2.685665637914515,baixo
1743,31,4982.3,160.71935483870968,248.85,0.22580645161290322,1847.84,3134.46,5.6174193548387095,0.2903225806451613,11,6.170206678691286,alto
1744,14,66.55,4.753571428571428,8.35,0.2857142857142857,38.24,28.31,5.865,0.42857142857142855,4,-2.171091530899633,baixo
1745,20,2955.25,147.7625,247.0,0.5,3715.41,-760.1599999999999,5.071,0.45,4,-0.06295070258657165,medio
1746,19,260.85,13.728947368421053,23.9,0.2631578947368421,100.72,160.13,5.8910526315789475,0.42105263157894735,7,0.3327186334304901,medio
1747,18,659.55,36.641666666666666,67.2,0.4444444444444444,574.31,85.23999999999998,5.070555555555555,0.1111111111111111,3,-4.3926452432923195,baixo
1748,21,730.6,34.79047619047619,61.0,0.38095238095238093,575.29,155.31,4.555238095238095,0.38095238095238093,6,0.11321010725070166,medio
1749,16,3357.25,209.828125,308.7,0.1875,3087.7200000000003,269.53,4.59875,0.3125,5,-0.8118885154745901,medio
1750,20,311.65,15.5825,23.5,0.35,439.87,-128.21999999999997,4.7305,0.4,3,-1.5392605313478238,baixo
1751,24,337.85,14.077083333333334,24.3,0.5416666666666666,380.69,-42.84,4.304583333333333,0.5,6,1.6350533491255597,alto
1752,22,750.55,34.11590909090909,69.85,0.3181818181818182,367.53999999999996,383.01,5.934545454545455,0.45454545454545453,3,-0.18890919880280888,medio
1753,20,113.3,5.665,9.7,0.35,95.71000000000001,17.589999999999996,4.117,0.4,5,-0.6493897993018962,medio
1754,27,2123.25,78.63888888888889,118.25,0.3333333333333333,1598.4299999999998,524.82,5.4111111111111105,0.4074074074074074,7,2.6401552636562107,alto
1755,27,1175.05,43.520370370370365,69.25,0.4444444444444444,778.4799999999999,396.57,4.108148148148148,0.2222222222222222,4,-0.6986079766693922,medio
1756,17,2739.4,161.14117647058825,235.7,0.4117647058823529,4334.13,-1594.73,3.5794117647058825,0.47058823529411764,4,-0.8964736734577543,medio
1757,15,2743.0,182.86666666666667,287.2,0.26666666666666666,2238.4,504.6,5.658666666666666,0.6,7,2.4349630906190916,alto
1758,19,707.8,37.252631578947366,66.7,0.42105263157894735,964.53,-256.73,6.523157894736842,0.42105263157894735,4,-1.0477907508516398,medio
1759,18,279.65,15.53611111111111,24.75,0.2777777777777778,249.32999999999998,30.319999999999993,4.366666666666666,0.2222222222222222,5,-2.6619633286833495,baixo
1760,16,3160.7000000000003,197.54375000000002,308.35,0.375,6488.84,-3328.14,5.131875,0.1875,4,-4.401061184379073,baixo
1761,17,2673.7,157.27647058823527,234.45,0.5294117647058824,1990.81,682.89,4.11,0.23529411764705882,3,-2.3229178875894707,baixo
1762,15,3281.4,218.76000000000002,310.5,0.5333333333333333,2932.77,348.63,3.6666666666666665,0.3333333333333333,2,-2.0613428326338448,baixo
1763,17,756.2,44.48235294117647,65.9,0.17647058823529413,662.6700000000001,93.52999999999997,5.568823529411765,0.29411764705882354,8,-0.6689541311864866,medio
1764,19,3596.8,189.30526315789476,242.8,0.2631578947368421,2339.47,1257.33,5.897368421052631,0.42105263157894735,5,1.2446279587160347,alto
1765,12,1020.95,85.07916666666667,117.95,0.3333333333333333,1643.21,-622.2600000000001,3.700833333333333,0.4166666666666667,3,-2.961552565083833,baixo
1766,16,1315.3,82.20625,116.65,0.4375,863.95,451.35,3.3925,0.5,3,-0.746350947242123,medio
1767,19,1604.65,84.45526315789475,117.65,0.3157894736842105,1434.15,170.50000000000003,5.440526315789474,0.5789473684210527,7,2.281442262831472,alto
1768,24,2122.25,88.42708333333333,120.75,0.20833333333333334,1554.4199999999998,567.83,5.902083333333334,0.4166666666666667,8,2.5840810385367865,alto
1769,25,5453.05,218.122,318.9,0.2,1852.1999999999998,3600.85,5.426799999999999,0.36,9,5.231052525995311,alto
1770,28,1051.75,37.5625,68.55,0.5,1645.13,-593.38,4.351785714285714,0.25,4,-0.7854764189846292,medio
1771,26,828.6,31.86923076923077,65.85,0.5769230769230769,544.62,283.98,2.9615384615384617,0.2692307692307692,4,-0.6292756312655509,medio
1772,13,2295.15,176.55,239.8,0.46153846153846156,3260.11,-964.96,4.970769230769231,0.3076923076923077,3,-3.2942491921847403,baixo
1773,17,3606.55,212.15,304.15,0.29411764705882354,3020.93,585.62,5.106470588235294,0.058823529411764705,6,-2.3026766732405703,baixo
1774,23,134.25,5.836956521739131,9.8,0.21739130434782608,144.86,-10.61,5.709130434782609,0.34782608695652173,5,-0.47217504000439736,medio
1775,23,1984.9,86.3,122.5,0.391304347826087,1331.17,653.73,5.817826086956522,0.43478260869565216,8,2.5580783196631987,alto
1776,18,753.0,41.833333333333336,68.3,0.16666666666666666,310.09000000000003,442.90999999999997,4.6161111111111115,0.4444444444444444,8,1.1086193011618102,alto
1777,10,834.95,83.495,123.25,0.2,599.69,235.26,6.1259999999999994,0.4,6,-1.7975032230130095,baixo
1778,22,7392.45,336.0204545454545,474.5,0.5,6621.78,770.6700000000001,3.8904545454545456,0.4090909090909091,3,1.677945344373161,alto
1779,23,1910.85,83.08043478260869,124.5,0.30434782608695654,971.61,939.24,4.4482608695652175,0.43478260869565216,9,3.1279600194093797,alto
1780,23,1918.45,83.4108695652174,122.35,0.43478260869565216,1871.31,47.14000000000008,3.7482608695652178,0.30434782608695654,5,-0.3079446727946599,medio
1781,25,1892.35,75.694,122.45,0.36,1445.12,447.22999999999996,6.2463999999999995,0.36,5,0.8127045734004639,alto
1782,31,6439.6,207.72903225806454,311.7,0.3225806451612903,4376.91,2062.69,4.313225806451613,0.3548387096774194,7,4.758067870012177,alto
1783,23,5361.6,233.1130434782609,301.95,0.30434782608695654,2630.18,2731.42,4.297826086956522,0.5217391304347826,6,4.5946052430679405,alto
1784,18,1459.85,81.10277777777777,124.9,0.2222222222222222,593.51,866.34,4.1594444444444445,0.3333333333333333,12,2.3410563900438186,alto
1785,27,907.9,33.62592592592593,68.25,0.3333333333333333,702.24,205.66000000000003,5.092592592592593,0.4444444444444444,5,1.621243088355951,alto
1786,16,213.2,13.325,21.4,0.375,67.7,145.5,4.09625,0.125,3,-4.841272204379879,baixo
1787,16,3319.85,207.490625,303.55,0.25,2286.5099999999998,1033.3400000000001,4.624375000000001,0.3125,7,0.4585692397890762,medio
1788,25,373.9,14.956,24.8,0.44,426.65,-52.74999999999999,6.265600000000001,0.44,4,0.4258978638119374,medio
1789,24,2099.05,87.46041666666667,123.75,0.5,2653.52,-554.47,4.142083333333333,0.375,3,-0.6049114060409816,medio
1790,21,4604.45,219.2595238095238,315.0,0.38095238095238093,5782.42,-1177.9699999999998,5.946666666666666,0.2857142857142857,6,-0.20246472330044574,medio
1791,26,4283.9,164.7653846153846,247.3,0.34615384615384615,4686.8099999999995,-402.9100000000002,4.948846153846153,0.2692307692307692,4,-0.07863724310995113,medio
1792,17,6364.05,374.3558823529412,469.65,0.23529411764705882,3459.36,2904.69,4.4541176470588235,0.47058823529411764,7,4.2842736433979285,alto
1793,21,1586.45,75.54523809523809,124.35,0.47619047619047616,2812.2400000000002,-1225.7899999999997,4.461904761904762,0.2857142857142857,5,-1.6583740250148014,baixo
1794,23,3815.75,165.90217391304347,234.9,0.34782608695652173,4057.82,-242.0700000000001,5.507391304347826,0.391304347826087,6,1.3489053188680364,alto
1795,18,187.05,10.391666666666667,24.15,0.3888888888888889,170.01999999999998,17.029999999999994,5.5311111111111115,0.2222222222222222,4,-3.144830580768936,baixo
1796,15,186.85,12.456666666666667,22.5,0.26666666666666666,127.06,59.790000000000006,5.019333333333334,0.3333333333333333,5,-2.315079356350951,baixo
1797,17,2573.2,151.36470588235292,243.5,0.29411764705882354,2290.15,283.05,4.764117647058823,0.35294117647058826,4,-1.0509186672042652,medio
1798,19,110.3,5.8052631578947365,9.95,0.3684210526315789,120.14,-9.84,5.00578947368421,0.2631578947368421,4,-2.589206256724652,baixo
1799,20,1545.5,77.275,120.1,0.6,2659.41,-1113.91,3.9545000000000003,0.25,2,-3.461452491668113,baixo
1800,24,4410.75,183.78125,307.1,0.4166666666666667,3339.99,1070.76,3.1958333333333333,0.5,4,2.5152195878710653,alto
1801,19,679.0,35.73684210526316,67.1,0.47368421052631576,716.82,-37.82000000000002,3.0078947368421054,0.21052631578947367,3,-3.323529734616688,baixo
1802,20,7428.45,371.4225,486.65,0.4,7047.68,380.76999999999987,4.531000000000001,0.35,5,1.602467746745989,alto
1803,25,5063.85,202.554,317.35,0.4,3035.41,2028.4399999999998,3.9703999999999997,0.4,4,2.4553462840692792,alto
1804,14,9190.3,656.4499999999999,926.2,0.42857142857142855,6073.4800000000005,3116.82,4.240714285714286,0.2857142857142857,6,3.523333140124372,alto
1805,15,2486.5499999999997,165.76999999999998,249.7,0.3333333333333333,1140.29,1346.26,5.23,0.3333333333333333,5,-0.5752634029911474,medio
1806,23,7940.35,345.2326086956522,490.75,0.34782608695652173,8258.25,-317.8999999999997,4.975652173913043,0.6086956521739131,7,4.989046294807505,alto
1807,18,2876.35,159.79722222222222,249.35,0.3333333333333333,2798.2799999999997,78.07000000000002,4.749444444444444,0.1111111111111111,6,-2.2268709720138853,baixo
1808,29,5881.45,202.80862068965516,318.15,0.3448275862068966,4497.09,1384.36,6.227931034482758,0.5172413793103449,6,4.972819156040953,alto
1809,20,783.1,39.155,70.0,0.25,393.34,389.76,5.406000000000001,0.2,6,-1.6247323519082755,baixo
1810,17,2965.05,174.41470588235296,241.9,0.29411764705882354,3372.17,-407.1200000000001,4.766470588235294,0.17647058823529413,4,-2.886044549553359,baixo
1811,24,3474.8,144.78333333333333,232.2,0.25,2043.13,1431.67,4.137083333333334,0.25,6,1.0137954858768765,alto
1812,20,265.25,13.2625,24.2,0.7,375.53000000000003,-110.27999999999999,4.154,0.45,2,-1.5250286518854843,baixo
1813,16,2742.85,171.428125,249.8,0.375,3664.29,-921.4399999999998,5.319375,0.4375,8,0.7644514333841389,alto
1814,21,3180.25,151.4404761904762,236.5,0.2857142857142857,1810.18,1370.07,4.267142857142857,0.6666666666666666,8,5.077602251498038,alto
1815,24,3845.65,160.23541666666668,243.0,0.25,1809.06,2036.59,4.6345833333333335,0.2916666666666667,11,4.027686192660683,alto
1816,23,3820.7,166.11739130434782,249.8,0.4782608695652174,5778.54,-1957.8400000000004,5.4860869565217385,0.2608695652173913,3,-2.0850734807794002,baixo
1817,21,821.5999999999999,39.12380952380952,66.8,0.38095238095238093,913.75,-92.14999999999999,5.345714285714286,0.2857142857142857,3,-2.187689254235859,baixo
1818,25,3661.15,146.446,237.05,0.28,1734.4099999999999,1926.74,5.296799999999999,0.4,6,2.8954713364378137,alto
1819,20,1624.95,81.2475,125.0,0.45,1147.44,477.51,4.996,0.35,6,0.09503259309185393,medio
1820,27,341.45,12.646296296296295,24.6,0.4074074074074074,534.6700000000001,-193.22,4.786296296296296,0.37037037037037035,5,0.5817317287360453,medio
1821,19,3218.35,169.38684210526316,247.45,0.21052631578947367,1913.96,1304.3899999999999,6.368947368421053,0.15789473684210525,7,-0.4134321784070989,medio
1822,19,651.7,34.300000000000004,63.2,0.21052631578947367,676.81,-25.110000000000014,4.977894736842106,0.3684210526315789,8,0.3310722254055566,medio
1823,20,312.9,15.645,25.0,0.35,159.49,153.41,3.7314999999999996,0.25,7,-1.0108793292675882,medio
1824,18,201.2,11.177777777777777,23.6,0.4444444444444444,184.2,16.999999999999993,3.898888888888889,0.3888888888888889,5,-1.1622472248859317,medio
1825,17,98.4,5.788235294117648,9.9,0.35294117647058826,48.480000000000004,49.92,4.01,0.29411764705882354,3,-3.160526330609808,baixo
1826,21,349.7,16.652380952380952,24.2,0.38095238095238093,384.49,-34.78999999999999,5.7719047619047625,0.38095238095238093,4,-0.993486060894007,medio
1827,25,4067.35,162.694,235.0,0.44,4038.11,29.239999999999867,4.9848,0.36,3,0.30928571654863635,medio
1828,34,6481.45,190.63088235294117,314.95,0.38235294117647056,3027.2000000000003,3454.25,3.4317647058823533,0.3235294117647059,12,7.964866509565433,alto
1829,17,2723.65,160.21470588235294,245.2,0.47058823529411764,3400.0299999999997,-676.3799999999999,4.2435294117647056,0.17647058823529413,3,-3.567306476387081,baixo
1830,19,276.15,14.534210526315789,23.4,0.3157894736842105,150.45000000000002,125.69999999999999,4.78421052631579,0.3684210526315789,6,-0.6057015206135913,medio
1831,13,507.9,39.06923076923077,59.6,0.6923076923076923,755.24,-247.34,2.776923076923077,0.38461538461538464,1,-4.031569172875081,baixo
1832,27,5824.95,215.73888888888888,319.65,0.4074074074074074,3891.58,1933.37,5.2011111111111115,0.5185185185185185,8,5.798042115574475,alto
1833,28,6100.8,217.8857142857143,304.6,0.2857142857142857,6429.08,-328.2800000000002,5.051428571428572,0.2857142857142857,13,4.8903217287768115,alto
1834,30,6114.9,203.82999999999998,310.35,0.36666666666666664,6667.04,-552.14,4.6433333333333335,0.43333333333333335,6,3.401255632175766,alto
1835,21,108.1,5.147619047619047,9.35,0.42857142857142855,55.31,52.79,4.222380952380952,0.42857142857142855,6,0.29360116511652024,medio
1836,27,2027.45,75.09074074074074,122.5,0.18518518518518517,1046.34,981.11,5.344444444444445,0.37037037037037035,7,2.516635908971347,alto
1837,25,3995.75,159.83,238.35,0.36,2483.48,1512.27,3.2807999999999997,0.28,3,0.3398621991477886,medio
1838,22,1855.75,84.35227272727273,121.4,0.36363636363636365,1266.31,589.4399999999999,3.1354545454545457,0.22727272727272727,5,-0.948055809854502,medio
1839,16,644.4,40.275,63.85,0.4375,1069.05,-424.65000000000003,3.4943750000000002,0.3125,4,-2.7892501088399446,baixo
1840,27,966.7,35.803703703703704,68.95,0.5185185185185185,1826.73,-860.0300000000001,4.578888888888889,0.4444444444444444,2,-0.2510763280692083,medio
1841,13,2568.5,197.57692307692307,247.35,0.15384615384615385,387.87,2180.63,4.656923076923077,0.3076923076923077,8,0.7237860001103079,medio
1842,24,8431.9,351.32916666666665,493.6,0.2916666666666667,4688.31,3743.59,4.215416666666667,0.3333333333333333,4,3.5529042289992923,alto
1843,22,4410.1,200.45909090909092,299.15,0.36363636363636365,2365.39,2044.71,5.523181818181818,0.45454545454545453,9,4.482224667851941,alto
1844,18,6124.8,340.26666666666665,481.7,0.5,5979.3,145.49999999999983,4.389444444444445,0.2222222222222222,3,-1.2442156196276484,baixo
1845,24,4647.7,193.65416666666667,301.75,0.4166666666666667,2463.73,2183.9700000000003,4.04625,0.2916666666666667,3,0.8133367634692972,alto
1846,21,6695.1,318.81428571428575,468.5,0.47619047619047616,8792.720000000001,-2097.6200000000003,3.5999999999999996,0.2857142857142857,3,-1.3262967816597677,baixo
1847,18,91.05,5.058333333333334,8.65,0.16666666666666666,28.64,62.410000000000004,5.530555555555555,0.2777777777777778,9,-0.4433772430677067,medio
1848,16,1160.9,72.55625,117.75,0.5,1378.23,-217.33,4.85625,0.5,3,-1.1681274494154321,medio
1849,25,931.3,37.251999999999995,69.8,0.32,358.23,573.0699999999999,5.5512,0.4,6,1.4239157694742903,alto
1850,22,3566.15,162.09772727272727,247.15,0.3181818181818182,5240.46,-1674.3100000000002,5.408636363636363,0.36363636363636365,9,1.4036261504910656,alto
1851,18,11155.300000000001,619.7388888888889,969.65,0.2777777777777778,5580.52,5574.78,4.88,0.3333333333333333,5,5.4712712631618565,alto
1852,14,88.7,6.335714285714286,10.0,0.2857142857142857,49.91,38.79,5.345714285714286,0.35714285714285715,5,-2.3728977396985353,baixo
1853,14,2635.5,188.25,311.1,0.5714285714285714,5370.9,-2735.4,4.707857142857143,0.21428571428571427,3,-4.791593234675886,baixo
1854,20,2823.5,141.175,225.9,0.4,4749.37,-1925.8699999999997,4.724,0.3,4,-2.1108546964994157,baixo
1855,29,10029.7,345.85172413793106,498.6,0.4827586206896552,10605.18,-575.4800000000002,4.046206896551724,0.41379310344827586,4,3.082392529141858,alto
1856,19,713.15,37.53421052631579,68.35,0.42105263157894735,749.63,-36.48,2.9800000000000004,0.15789473684210525,5,-2.9150213350553704,baixo
1857,21,2948.2,140.3904761904762,208.55,0.38095238095238093,2763.96,184.24000000000012,4.816666666666667,0.42857142857142855,5,0.8548557727379154,alto
1858,24,3928.95,163.70624999999998,245.55,0.375,4334.12,-405.1700000000002,4.056666666666667,0.3333333333333333,6,0.9366046078192204,alto
1859,23,3533.4,153.62608695652173,245.8,0.30434782608695654,2653.4,879.9999999999999,4.823478260869565,0.34782608695652173,6,1.4596103377468845,alto
1860,26,5257.45,202.20961538461538,319.4,0.34615384615384615,5900.37,-642.9199999999998,5.288846153846153,0.46153846153846156,6,2.7057942990288906,alto
1861,17,3323.75,195.51470588235293,315.35,0.4117647058823529,1731.23,1592.52,4.1123529411764705,0.23529411764705882,7,0.18529569296956105,medio
1862,19,2919.5,153.6578947368421,241.0,0.42105263157894735,2422.42,497.08000000000004,3.656842105263158,0.42105263157894735,3,-0.28563999470061474,medio
1863,23,4605.45,200.23695652173913,291.2,0.13043478260869565,2117.81,2487.6400000000003,5.072173913043478,0.43478260869565216,16,7.840378445594817,alto
1864,22,3763.0499999999997,171.04772727272726,249.85,0.3181818181818182,2854.07,908.9799999999999,5.6850000000000005,0.4090909090909091,7,2.376282745383204,alto
1865,20,3645.45,182.27249999999998,248.45,0.2,1079.3,2566.15,6.6659999999999995,0.2,7,0.9580441907973805,alto
1866,30,6159.2,205.30666666666667,311.8,0.43333333333333335,6306.14,-146.93999999999994,4.026,0.26666666666666666,4,1.2091795425101735,alto
1867,22,1788.4,81.2909090909091,121.55,0.2727272727272727,688.96,1099.44,4.922727272727273,0.45454545454545453,5,1.3974968877155716,alto
1868,14,430.8,30.771428571428572,69.0,0.5,802.9,-372.1,6.161428571428571,0.35714285714285715,2,-3.7439515166255966,baixo
1869,19,118.60000000000001,6.242105263157895,9.9,0.3684210526315789,113.94,4.659999999999997,5.919473684210526,0.42105263157894735,6,-0.24183176040278398,medio
1870,13,77.4,5.953846153846154,9.8,0.3076923076923077,21.66,55.739999999999995,6.4569230769230765,0.15384615384615385,3,-5.34586629513707,baixo
1871,26,2148.45,82.6326923076923,122.6,0.38461538461538464,1921.41,227.04,4.773846153846153,0.19230769230769232,8,0.7423599883892549,medio
1872,22,3827.05,173.9568181818182,248.2,0.5,3982.7,-155.64999999999995,3.8709090909090906,0.4090909090909091,5,0.9499275338384188,alto
1873,23,1765.25,76.75,119.9,0.2608695652173913,1498.1299999999999,267.11999999999995,3.5891304347826085,0.2608695652173913,6,-0.19750028929809615,medio
1874,14,2841.5,202.96428571428572,306.0,0.21428571428571427,1417.5900000000001,1423.91,5.409285714285715,0.35714285714285715,5,-0.28223978916998693,medio
1875,20,109.2,5.46,9.8,0.2,46.550000000000004,62.65,3.7520000000000002,0.35,6,-0.6475440371080272,medio
1876,15,3079.0,205.26666666666668,313.85,0.6,2385.98,693.02,1.7846666666666666,0.2,2,-3.200777865125212,baixo
1877,23,3674.35,159.75434782608696,246.65,0.391304347826087,2635.73,1038.62,5.752173913043477,0.391304347826087,5,1.546659042092277,alto
1878,13,2254.5,173.42307692307693,244.6,0.38461538461538464,3526.1800000000003,-1271.68,5.382307692307692,0.38461538461538464,2,-3.2098235319946533,baixo
1879,15,171.95,11.463333333333333,22.6,0.26666666666666666,79.07000000000001,92.88,6.197333333333333,0.4,6,-1.2492504367923292,baixo
1880,16,90.45,5.653125,10.0,0.375,56.78,33.67,5.38,0.25,8,-1.5991193869954394,baixo
1881,9,365.65,40.62777777777777,67.85,0.5555555555555556,310.07,55.57999999999999,3.0955555555555554,0.1111111111111111,2,-6.837620277814366,baixo
1882,17,77.7,4.570588235294117,10.0,0.4117647058823529,91.38,-13.679999999999998,4.174705882352941,0.47058823529411764,3,-1.575486243336691,baixo
1883,34,192.0,5.647058823529412,9.95,0.35294117647058826,142.63,49.370000000000005,4.399117647058823,0.2647058823529412,6,1.6966896031327423,alto
1884,16,258.0,16.125,24.95,0.5625,356.54,-98.53999999999999,5.2,0.3125,2,-3.663086824685811,baixo
1885,23,128.15,5.571739130434783,10.0,0.2608695652173913,227.31,-99.16,5.7843478260869565,0.391304347826087,10,2.0816705345202067,alto
1886,13,199.20000000000002,15.323076923076924,24.75,0.15384615384615385,106.49000000000001,92.71000000000001,5.636153846153846,0.38461538461538464,10,-0.051229102430665086,medio
1887,14,1182.05,84.43214285714285,123.8,0.35714285714285715,779.9499999999999,402.09999999999997,5.646428571428571,0.2857142857142857,3,-3.1811661436969296,baixo
1888,13,1273.55,97.96538461538461,123.85,0.23076923076923078,619.75,653.8,4.657692307692307,0.6153846153846154,5,0.7423645131769245,medio
1889,31,1031.85,33.28548387096774,63.45,0.25806451612903225,644.9300000000001,386.91999999999996,4.569032258064516,0.3548387096774194,13,5.307999783517407,alto
1890,16,1231.4,76.9625,118.55,0.4375,860.35,371.05,8.076875,0.375,5,-1.0970350146379366,medio
1891,24,4924.7,205.19583333333333,308.8,0.375,6719.58,-1794.8799999999999,5.144583333333333,0.2916666666666667,4,-0.7808760613136152,medio
1892,32,1253.2,39.1625,63.8,0.5,1183.78,69.41999999999999,3.4040625,0.25,4,0.47385477098089823,medio
1893,13,219.85,16.911538461538463,23.4,0.23076923076923078,285.7,-65.85000000000001,5.811538461538461,0.38461538461538464,5,-2.3263458744340486,baixo
1894,19,725.95,38.20789473684211,69.65,0.47368421052631576,1275.3,-549.35,5.871052631578947,0.47368421052631576,4,-0.711376097730875,medio
1895,19,2903.85,152.8342105263158,235.65,0.3684210526315789,1795.29,1108.56,5.6421052631578945,0.5789473684210527,9,4.131695000532721,alto
1896,22,878.65,39.93863636363636,68.2,0.5,1276.18,-397.53000000000003,3.6154545454545457,0.5,4,0.29597625989454657,medio
1897,25,3871.1,154.844,227.7,0.36,4662.8,-791.7000000000002,6.3267999999999995,0.48,5,1.8062458118392701,alto
1898,23,88.85,3.8630434782608694,8.15,0.30434782608695654,133.0,-44.15,6.150434782608695,0.43478260869565216,7,1.1789490860053204,alto
1899,17,241.55,14.208823529411765,24.7,0.23529411764705882,56.64,184.91,4.008235294117647,0.058823529411764705,6,-3.8793287519137865,baixo
1900,19,262.25,13.802631578947368,24.5,0.3684210526315789,307.02,-44.77000000000001,3.5873684210526315,0.3684210526315789,4,-1.5820431461949656,baixo
1901,28,4802.8,171.52857142857144,249.15,0.39285714285714285,5281.11,-478.30999999999995,4.281428571428571,0.42857142857142855,4,1.8452345677247775,alto
1902,22,8294.4,377.0181818181818,490.95,0.36363636363636365,7013.69,1280.7100000000003,3.9299999999999997,0.36363636363636365,7,3.5737226323213074,alto
1903,14,4469.25,319.23214285714283,472.1,0.2857142857142857,1558.48,2910.77,5.2128571428571435,0.07142857142857142,5,-1.3257296338792166,baixo
1904,24,337.85,14.077083333333334,23.1,0.2916666666666667,589.71,-251.85999999999999,5.209583333333334,0.4166666666666667,6,0.7555838024000763,alto
1905,26,385.05,14.809615384615386,23.8,0.34615384615384615,454.93,-69.88000000000001,6.425000000000001,0.4230769230769231,5,0.9241388106978996,alto
1906,27,1073.55,39.76111111111111,68.95,0.2962962962962963,1245.57,-172.02,6.294814814814815,0.3333333333333333,4,-0.0020711778930626035,medio
1907,18,1493.95,82.99722222222222,118.05,0.2222222222222222,466.61,1027.34,6.366666666666666,0.3333333333333333,5,-0.6428846190663091,medio
1908,16,3441.8,215.1125,317.3,0.5625,3253.58,188.22000000000003,4.655625,0.375,4,-0.6827385095621084,medio
1909,23,1766.8,76.81739130434782,120.45,0.43478260869565216,1233.22,533.58,3.5969565217391306,0.30434782608695654,5,-0.09490982243161311,medio
1910,19,1353.9,71.2578947368421,124.7,0.21052631578947367,777.48,576.42,5.447368421052632,0.3684210526315789,11,2.226398608042457,alto
1911,19,669.85,35.25526315789474,66.9,0.21052631578947367,363.22,306.63,5.103684210526316,0.3684210526315789,11,1.8350054937860016,alto
1912,16,2921.9,182.61875,246.35,0.3125,1697.96,1223.94,3.6,0.3125,3,-1.3729668533434334,baixo
1913,12,1734.2,144.51666666666668,233.5,0.16666666666666666,372.59000000000003,1361.61,4.450833333333334,0.4166666666666667,6,-0.17686752433855568,medio
1914,26,2111.05,81.19423076923077,122.4,0.5384615384615384,2634.07,-523.02,4.218461538461539,0.34615384615384615,4,-0.008928170052841834,medio
1915,20,356.65,17.8325,24.55,0.3,396.43,-39.780000000000015,3.7565,0.2,7,-1.5595026572667727,baixo
1916,23,14812.45,644.0195652173913,918.1,0.43478260869565216,12725.67,2086.7799999999997,5.074782608695652,0.391304347826087,7,6.320714620909938,alto
1917,26,2088.2,80.3153846153846,123.7,0.38461538461538464,1845.44,242.75999999999996,5.303461538461538,0.23076923076923078,4,-0.6720519683990777,medio
1918,29,4710.0,162.41379310344828,242.6,0.3103448275862069,2175.2,2534.8,3.9658620689655173,0.4482758620689655,7,5.110216770485309,alto
1919,22,6639.65,301.80227272727274,459.7,0.3181818181818182,4239.39,2400.26,3.5186363636363636,0.3181818181818182,9,4.111958374615748,alto
1920,19,1646.25,86.64473684210526,121.2,0.3157894736842105,1316.28,329.96999999999997,5.277368421052632,0.3157894736842105,7,-0.04530054649178977,medio
1921,17,98.15,5.773529411764706,9.7,0.35294117647058826,46.120000000000005,52.03,5.231764705882353,0.23529411764705882,5,-2.8211888372246805,baixo
1922,27,5547.8,205.47407407407408,319.05,0.37037037037037035,4591.72,956.0800000000002,5.368518518518518,0.25925925925925924,5,1.496357554190207,alto
1923,17,90.0,5.294117647058823,9.8,0.23529411764705882,47.56,42.44,5.89764705882353,0.4117647058823529,9,0.5590847561234161,medio
1924,21,3268.7,155.65238095238095,236.1,0.23809523809523808,2378.46,890.2399999999999,6.334761904761905,0.42857142857142855,8,2.6562131099618065,alto
1925,15,4933.45,328.89666666666665,457.45,0.4666666666666667,3408.33,1525.12,5.243333333333333,0.4,2,-0.06270586371197678,medio
1926,20,290.05,14.502500000000001,23.85,0.4,208.34,81.71,4.351,0.45,3,-0.974112426932163,medio
1927,21,3716.05,176.9547619047619,242.95,0.3333333333333333,3783.71,-67.65999999999997,5.932380952380952,0.23809523809523808,5,-0.7834390759506604,medio
1928,21,7536.95,358.90238095238095,481.9,0.3333333333333333,4278.07,3258.88,4.992857142857143,0.23809523809523808,9,3.9990625382517506,alto
1929,19,1717.0,90.36842105263158,123.9,0.21052631578947367,481.37,1235.63,4.437894736842105,0.47368421052631576,7,1.9174965130972015,alto
1930,12,180.85,15.070833333333333,24.85,0.25,156.23000000000002,24.61999999999999,3.9425000000000003,0.5,7,-0.5703152315265625,medio
1931,14,76.8,5.485714285714286,9.85,0.21428571428571427,27.21,49.59,4.192142857142857,0.42857142857142855,4,-2.1547405763242953,baixo
1932,23,5443.45,236.6717391304348,316.0,0.34782608695652173,5045.33,398.12,5.498260869565217,0.43478260869565216,4,1.696820164789585,alto
1933,18,1474.7,81.92777777777778,123.25,0.3888888888888889,948.56,526.14,4.014444444444445,0.1111111111111111,4,-3.4060135219084566,baixo
1934,20,95.45,4.7725,9.6,0.4,64.81,30.639999999999997,4.047,0.55,5,0.7345337857788237,medio
1935,19,3323.5,174.92105263157896,244.9,0.3684210526315789,1815.13,1508.3700000000001,3.853684210526316,0.3157894736842105,6,0.7486506872616119,medio
1936,18,801.1,44.50555555555556,67.1,0.3888888888888889,882.91,-81.81,3.6466666666666665,0.3888888888888889,5,-0.985132105701036,medio
1937,19,6161.5,324.2894736842105,456.5,0.2631578947368421,1622.18,4539.32,6.724736842105264,0.42105263157894735,4,3.4780855545907734,alto
1938,15,2579.95,171.99666666666664,240.6,0.5333333333333333,4009.7200000000003,-1429.77,3.889333333333333,0.26666666666666666,2,-3.9431753673643772,baixo
1939,18,1262.9,70.16111111111111,122.8,0.3888888888888889,1197.94,64.96,5.142777777777777,0.3333333333333333,3,-2.1233896990359358,baixo
1940,16,2442.45,152.653125,233.45,0.3125,2414.19,28.25999999999999,5.991875,0.5,5,0.3949255262486243,medio
1941,15,2207.7,147.17999999999998,244.75,0.3333333333333333,3433.94,-1226.24,5.056666666666667,0.4666666666666667,5,-0.8407384445255441,medio
1942,33,6983.9,211.63333333333333,315.7,0.36363636363636365,3589.15,3394.75,3.813636363636364,0.21212121212121213,7,4.624817065268874,alto
1943,15,214.1,14.273333333333333,24.75,0.4,187.14,26.96,5.238666666666666,0.2,6,-3.1091009439540387,baixo
1944,24,16326.05,680.2520833333333,983.85,0.3333333333333333,17491.29,-1165.2400000000002,5.264583333333333,0.2916666666666667,3,2.3862722162777183,alto
1945,20,685.85,34.292500000000004,66.7,0.35,628.37,57.480000000000004,5.5125,0.45,8,1.3511717584503107,alto
1946,28,4901.55,175.05535714285716,244.25,0.4642857142857143,6859.16,-1957.6100000000001,4.641785714285715,0.25,7,0.7580262030806157,alto
1947,24,8098.0,337.4166666666667,490.7,0.375,5969.52,2128.48,4.005833333333333,0.4166666666666667,4,3.3673018355125635,alto
1948,11,2152.1,195.64545454545453,301.7,0.36363636363636365,1229.7,922.4,4.647272727272727,0.2727272727272727,4,-2.4899901031248213,baixo
1949,27,1161.95,43.035185185185185,69.3,0.4074074074074074,1062.1399999999999,99.81,6.333333333333333,0.4444444444444444,4,1.1894653344644124,alto
1950,21,604.25,28.773809523809526,67.55,0.47619047619047616,728.94,-124.69,3.1476190476190475,0.2857142857142857,2,-2.7166490201288664,baixo
1951,19,127.55,6.713157894736842,9.85,0.5263157894736842,163.43,-35.88,2.9921052631578946,0.5789473684210527,3,-0.12527869014642068,medio
1952,22,1004.4,45.654545454545456,69.85,0.45454545454545453,1447.21,-442.81000000000006,4.195454545454545,0.2727272727272727,5,-1.3440041448941575,baixo
1953,22,867.7,39.440909090909095,65.05,0.2727272727272727,914.71,-47.01000000000005,4.828636363636363,0.4090909090909091,7,0.961611515886948,alto
1954,21,120.85,5.754761904761905,10.0,0.2857142857142857,37.01,83.84,6.5980952380952385,0.23809523809523808,5,-1.882447067364131,baixo
1955,26,4274.0,164.3846153846154,246.4,0.4230769230769231,2930.1400000000003,1343.86,4.140769230769231,0.23076923076923078,6,1.372929524323409,alto
1956,18,3661.9,203.4388888888889,307.85,0.3888888888888889,5301.849999999999,-1639.9499999999998,5.293333333333333,0.3888888888888889,4,-1.1583932890717106,medio
1957,21,4724.0,224.95238095238096,314.05,0.3333333333333333,4823.9,-99.89999999999998,5.252380952380952,0.47619047619047616,4,1.285212383739878,alto
1958,31,6509.5,209.98387096774192,311.95,0.2903225806451613,3330.48,3179.02,4.351290322580645,0.45161290322580644,17,10.662718210248888,alto
1959,15,2693.05,179.5366666666667,303.15,0.2,794.11,1898.94,5.098666666666667,0.4,6,0.8683316409515877,alto
1960,27,2044.0,75.70370370370371,116.35,0.2962962962962963,1080.12,963.88,5.710370370370371,0.25925925925925924,6,1.0467944437278789,alto
1961,18,742.0,41.22222222222222,67.95,0.2222222222222222,239.35000000000002,502.65,5.6,0.3888888888888889,7,0.18351468430137302,medio
1962,20,260.9,13.044999999999998,24.9,0.45,227.42000000000002,33.47999999999999,4.635,0.4,3,-1.4708264712330825,baixo
1963,15,2570.6,171.37333333333333,242.0,0.3333333333333333,1223.94,1346.66,3.838,0.4,3,-0.8024426908212745,medio
1964,16,749.8,46.8625,68.35,0.6875,1231.38,-481.58,3.27,0.375,2,-3.0785306747158874,baixo
1965,18,643.3,35.73888888888889,69.55,0.3333333333333333,321.4,321.9,4.651666666666667,0.3888888888888889,4,-1.2713893921354131,baixo
1966,23,780.2,33.92173913043479,67.95,0.5652173913043478,1413.1399999999999,-632.94,4.440434782608696,0.34782608695652173,3,-1.490070555913717,baixo
1967,20,723.6,36.18,62.95,0.35,514.97,208.63000000000002,4.2225,0.45,4,-0.316963179704149,medio
1968,23,690.25,30.01086956521739,69.2,0.4782608695652174,686.81,3.4400000000000137,3.8391304347826085,0.4782608695652174,4,0.4642063159275316,medio
1969,23,908.55,39.50217391304348,68.9,0.30434782608695654,441.38,467.17,5.200434782608696,0.43478260869565216,4,0.37508305887387405,medio
1970,17,91.9,5.405882352941177,9.9,0.4117647058823529,134.15,-42.25,4.452941176470588,0.4117647058823529,4,-1.6869563651944008,baixo
1971,17,246.79999999999998,14.517647058823528,24.15,0.29411764705882354,111.12,135.68,5.074117647058824,0.4117647058823529,5,-1.0892771208198104,medio
1972,22,4910.55,223.2068181818182,317.9,0.3181818181818182,2199.78,2710.77,3.5381818181818185,0.22727272727272727,5,1.1357328538070248,alto
1973,19,707.05,37.21315789473684,69.05,0.3157894736842105,514.69,192.36,4.623684210526315,0.42105263157894735,4,-0.809446501549896,medio
1974,18,5940.75,330.0416666666667,454.55,0.4444444444444444,5765.66,175.08999999999992,5.165,0.3888888888888889,6,1.5589683428234475,alto
1975,17,1433.15,84.3029411764706,122.35,0.4117647058823529,1015.3499999999999,417.8,6.192941176470589,0.35294117647058826,5,-1.0009899103285687,medio
1976,24,798.85,33.28541666666667,54.85,0.4166666666666667,965.31,-166.45999999999992,4.934166666666667,0.4583333333333333,4,0.43677811572134084,medio
1977,18,3857.05,214.28055555555557,315.25,0.4444444444444444,6608.64,-2751.59,5.7844444444444445,0.3333333333333333,5,-1.7462599741262725,baixo
1978,22,4763.3,216.51363636363638,301.75,0.3181818181818182,5173.110000000001,-409.80999999999995,5.1068181818181815,0.3181818181818182,4,-0.17054358392906754,medio
1979,18,3728.3,207.1277777777778,300.25,0.5,3778.65,-50.350000000000094,4.347777777777778,0.3333333333333333,4,-0.8006453110618296,medio
1980,13,507.2,39.01538461538461,68.7,0.38461538461538464,337.06,170.14,4.13,0.3076923076923077,2,-4.079058749288937,baixo
1981,17,523.25,30.779411764705884,57.5,0.29411764705882354,248.43,274.82,5.021764705882354,0.23529411764705882,6,-2.090169395119087,baixo
1982,18,2920.35,162.24166666666667,244.15,0.3333333333333333,1142.1,1778.25,3.976111111111111,0.4444444444444444,7,2.2073356483845936,alto
1983,10,53.05,5.305,7.6,0.6,56.980000000000004,-3.930000000000001,2.086,0.3,2,-5.146835491444801,baixo
1984,22,3200.35,145.47045454545454,221.5,0.45454545454545453,4331.11,-1130.7599999999998,5.018181818181818,0.4090909090909091,4,-0.20480336868185023,medio
1985,14,543.35,38.81071428571429,64.4,0.5714285714285714,462.32,81.03000000000002,3.7707142857142855,0.2857142857142857,2,-4.106438479694461,baixo
1986,20,710.8,35.54,67.9,0.15,158.48000000000002,552.32,4.475499999999999,0.15,8,-1.143586124672242,medio
1987,21,294.7,14.033333333333333,24.0,0.5714285714285714,328.79,-34.089999999999996,4.357619047619048,0.38095238095238093,3,-1.4515209150203177,baixo
1988,14,1986.9,141.92142857142858,246.15,0.35714285714285715,1293.48,693.4200000000001,3.505714285714286,0.35714285714285715,5,-1.0909358092520587,medio
1989,18,3969.6,220.53333333333333,306.5,0.5555555555555556,3937.7799999999997,31.819999999999936,3.6694444444444443,0.3888888888888889,4,-0.15235277674038183,medio
1990,22,4845.3,220.2409090909091,319.45,0.4090909090909091,6728.04,-1882.74,5.650454545454545,0.45454545454545453,5,0.7702813798524303,alto
1991,24,786.4,32.766666666666666,66.8,0.2916666666666667,550.16,236.23999999999998,3.7429166666666664,0.25,10,1.368320931746471,alto
1992,23,845.4,36.756521739130434,68.7,0.2608695652173913,497.6,347.8,4.617826086956522,0.391304347826087,9,2.093644147797372,alto
1993,20,7794.75,389.7375,482.95,0.4,6361.98,1432.77,4.0785,0.3,6,2.266929645495132,alto
1994,18,3788.95,210.4972222222222,315.8,0.3333333333333333,1904.66,1884.29,4.782777777777778,0.4444444444444444,5,1.7154161320968118,alto
1995,23,7854.2,341.4869565217391,489.45,0.2608695652173913,4083.26,3770.94,4.999130434782609,0.4782608695652174,4,4.61195774758711,alto
1996,15,2122.65,141.51000000000002,238.25,0.2,1461.27,661.38,7.462,0.4,7,0.38914832483548023,medio
1997,17,2920.9,171.81764705882352,249.4,0.47058823529411764,2419.44,501.4599999999999,3.54,0.23529411764705882,3,-2.3191342356887903,baixo
1998,6,202.65,33.775,47.8,0.16666666666666666,52.58,150.07,6.286666666666666,0.0,4,-7.650555254092886,baixo
1999,21,7105.9,338.37619047619046,490.3,0.23809523809523808,4996.79,2109.11,6.2752380952380955,0.3333333333333333,7,3.244192503428733,alto
2000,19,1336.2,70.32631578947368,116.9,0.47368421052631576,1786.26,-450.06,6.025263157894737,0.42105263157894735,4,-0.9226478107965197,medio
2001,11,136.25,12.386363636363637,21.85,0.36363636363636365,54.379999999999995,81.87,4.265454545454546,0.18181818181818182,5,-4.597082136074395,baixo
2002,13,1209.3,93.02307692307691,124.6,0.0,0.0,1209.3,4.328461538461538,0.5384615384615384,13,3.8170673797351418,alto
2003,18,6019.85,334.43611111111113,476.3,0.3333333333333333,2269.49,3750.3599999999997,3.19,0.2777777777777778,3,1.1432676369026797,alto
2004,17,1209.45,71.14411764705882,116.05,0.11764705882352941,239.19,970.26,5.693529411764706,0.4117647058823529,13,3.2671981601754165,alto
2005,18,3104.35,172.46388888888887,243.55,0.16666666666666666,447.96,2656.39,4.378333333333334,0.3888888888888889,10,3.553161455241307,alto
2006,23,886.45,38.54130434782609,68.95,0.34782608695652173,1068.98,-182.53,4.734782608695652,0.21739130434782608,5,-1.54093015305898,baixo
2007,16,2479.05,154.940625,211.7,0.4375,2430.6,48.44999999999993,4.598125,0.125,3,-3.9171585859734965,baixo
2008,21,3540.05,168.57380952380953,238.2,0.38095238095238093,3683.9,-143.85000000000025,4.667142857142857,0.23809523809523808,3,-1.7623880167578467,baixo
2009,23,1793.7,77.98695652173913,124.05,0.30434782608695654,1347.31,446.39,6.521739130434782,0.34782608695652173,8,1.5888184593464283,alto
2010,19,4518.5,237.81578947368422,319.0,0.15789473684210525,1229.15,3289.35,4.7105263157894735,0.3157894736842105,9,3.449352721248264,alto
2011,13,2106.75,162.05769230769232,243.6,0.5384615384615384,2378.46,-271.71,4.385384615384615,0.46153846153846156,2,-2.047508177131216,baixo
2012,13,1152.85,88.68076923076923,120.8,0.3076923076923077,682.7,470.15,5.813846153846153,0.46153846153846156,3,-1.718511129864063,baixo
2013,20,3115.85,155.7925,247.25,0.5,3312.9,-197.05000000000007,3.995,0.35,3,-1.0708831716435994,medio
2014,21,643.4,30.638095238095236,67.65,0.5238095238095238,541.87,101.52999999999997,5.189047619047619,0.2857142857142857,4,-1.7028816636329087,baixo
2015,21,3541.95,168.6642857142857,248.7,0.23809523809523808,4151.59,-609.6399999999999,6.02047619047619,0.3333333333333333,10,1.9514667608006684,alto
2016,23,17075.45,742.4108695652175,981.95,0.30434782608695654,10030.59,7044.86,5.820869565217391,0.17391304347826086,8,8.06879823285621,alto
2017,26,1849.0,71.11538461538461,116.8,0.38461538461538464,1077.44,771.56,5.135384615384615,0.2692307692307692,6,0.7809081361877228,alto
2018,22,8040.6,365.4818181818182,494.45,0.3181818181818182,6005.78,2034.8200000000002,4.61090909090909,0.45454545454545453,5,3.852465495517481,alto
2019,23,7525.7,327.204347826087,493.4,0.30434782608695654,6837.15,688.5500000000002,3.847826086956522,0.30434782608695654,6,2.1528671630492604,alto
2020,18,1286.1,71.44999999999999,123.8,0.3888888888888889,1259.49,26.61000000000002,4.085,0.4444444444444444,4,-0.6699766477674987,medio
2021,15,2439.55,162.63666666666668,237.1,0.6666666666666666,2811.07,-371.52000000000004,4.009333333333333,0.3333333333333333,2,-2.830651166690359,baixo
2022,16,621.55,38.846875,68.75,0.5625,541.41,80.14,4.75,0.4375,3,-1.8186248630538344,baixo
2023,20,6381.35,319.0675,487.35,0.15,1451.65,4929.7,4.2445,0.3,8,4.518797729087164,alto
2024,12,4037.25,336.4375,467.85,0.16666666666666666,1054.04,2983.21,5.798333333333333,0.25,6,0.4701846403140626,medio
2025,16,1328.65,83.040625,123.0,0.4375,755.92,572.73,5.104375,0.25,3,-2.981340394900358,baixo
2026,18,600.2,33.34444444444445,67.35,0.2777777777777778,862.95,-262.74999999999994,6.833333333333333,0.3888888888888889,4,-1.5985299029094966,baixo
2027,20,263.65,13.1825,24.65,0.25,288.33,-24.68,7.188,0.45,6,0.2813523150342604,medio
2028,19,3699.55,194.71315789473684,293.35,0.42105263157894735,3734.1200000000003,-34.569999999999965,3.53,0.2631578947368421,3,-1.7412028636663754,baixo
2029,25,8689.8,347.592,494.65,0.32,4256.06,4433.74,4.7196,0.4,7,6.053706763979592,alto
2030,20,4354.3,217.715,317.4,0.15,802.1,3552.2,4.702,0.3,5,1.7675180054137978,alto
2031,24,3561.95,148.41458333333333,246.95,0.2916666666666667,2180.36,1381.5900000000001,4.560833333333334,0.4583333333333333,6,2.933230274853436,alto
2032,24,4000.65,166.69375,247.5,0.20833333333333334,1840.09,2160.56,4.998333333333334,0.4166666666666667,10,4.850304105435313,alto
2033,22,106.0,4.818181818181818,9.8,0.18181818181818182,12.82,93.18,4.3999999999999995,0.4090909090909091,10,2.1186487625318233,alto
2034,21,7129.75,339.51190476190476,480.7,0.3333333333333333,4874.65,2255.1000000000004,4.288571428571428,0.3333333333333333,8,3.769948933414814,alto
2035,19,1493.05,78.58157894736841,123.2,0.3684210526315789,1340.6599999999999,152.39,4.585263157894737,0.2631578947368421,4,-2.00160615933075,baixo
2036,26,3990.8,153.4923076923077,249.3,0.4230769230769231,3053.23,937.57,4.335769230769231,0.34615384615384615,4,1.2652381801028438,alto
2037,18,275.1,15.283333333333335,23.85,0.4444444444444444,207.32999999999998,67.77,3.701666666666666,0.4444444444444444,4,-1.0350746241822846,medio
2038,15,1072.75,71.51666666666667,122.1,0.26666666666666666,455.40999999999997,617.34,5.336666666666667,0.26666666666666666,4,-2.6670239912408666,baixo
2039,23,16522.85,718.3847826086956,992.5,0.30434782608695654,7164.57,9358.28,4.57,0.2608695652173913,8,9.934282606187923,alto
2040,17,2385.55,140.3264705882353,248.45,0.4117647058823529,2232.81,152.73999999999992,4.906470588235294,0.29411764705882354,7,-0.4175257919910166,medio
2041,28,4388.05,156.71607142857144,247.85,0.39285714285714285,3420.71,967.3399999999999,4.754642857142857,0.35714285714285715,4,1.85266556909453,alto
2042,20,3495.95,174.79749999999999,241.95,0.15,709.1800000000001,2786.77,5.95,0.3,8,2.386221793066875,alto
2043,20,693.75,34.6875,65.35,0.4,511.66,182.08999999999997,3.3015,0.25,6,-1.3048074151762803,baixo
2044,24,1970.15,82.08958333333334,124.25,0.25,1616.55,353.59999999999997,4.7749999999999995,0.3333333333333333,9,2.0985427235886522,alto
2045,26,1021.15,39.275,66.7,0.4230769230769231,1381.6399999999999,-360.49,4.338076923076923,0.2692307692307692,4,-0.9206806050079415,medio
2046,24,1937.95,80.74791666666667,123.45,0.3333333333333333,1269.13,668.82,3.8129166666666667,0.20833333333333334,6,-0.2169172843622622,medio
2047,23,3701.4,160.9304347826087,241.3,0.17391304347826086,1149.62,2551.78,5.114782608695652,0.43478260869565216,9,4.521113079047492,alto
2048,20,1457.6,72.88,120.35,0.45,3487.89,-2030.29,6.0634999999999994,0.45,5,-0.8133626322005265,medio
2049,19,3767.7,198.29999999999998,319.55,0.5789473684210527,2833.83,933.8700000000001,3.2931578947368423,0.3157894736842105,4,-0.2762526552331868,medio
2050,29,2294.5,79.12068965517241,124.7,0.27586206896551724,2621.66,-327.15999999999997,6.040344827586207,0.3103448275862069,7,1.743853346862356,alto
2051,19,822.75,43.30263157894737,66.7,0.3684210526315789,686.59,136.15999999999997,4.417368421052632,0.2631578947368421,8,-0.4918385760778118,medio
2052,20,274.45,13.7225,24.45,0.5,291.11,-16.66,5.035,0.4,3,-1.4927997682216503,baixo
2053,21,2828.2,134.67619047619047,246.65,0.2857142857142857,1735.18,1093.02,3.142380952380953,0.2857142857142857,6,0.4214385662164275,medio
2054,22,3626.6,164.84545454545454,241.35,0.3181818181818182,1595.4,2031.2,4.638181818181819,0.22727272727272727,4,-0.06779571688127173,medio
2055,17,1357.9,79.87647058823529,122.7,0.23529411764705882,1030.53,327.37000000000006,6.165294117647059,0.4117647058823529,6,-0.09676523505991963,medio
2056,20,1545.85,77.29249999999999,124.2,0.2,587.26,958.59,4.342499999999999,0.3,5,-0.5780111012042166,medio
2057,19,12576.05,661.8973684210526,923.15,0.15789473684210525,4651.21,7924.84,4.565789473684211,0.47368421052631576,6,8.96895388928239,alto
2058,20,7144.7,357.235,448.1,0.25,6926.53,218.17000000000004,5.319,0.35,5,1.4183264018408768,alto
2059,20,12943.3,647.165,941.75,0.4,13176.7,-233.39999999999964,4.0415,0.5,4,4.118679498164893,alto
2060,20,1700.7,85.035,123.65,0.25,1508.1799999999998,192.52,4.7055,0.45,11,3.093607592839314,alto
2061,27,2219.1,82.18888888888888,124.9,0.4074074074074074,2234.63,-15.530000000000086,4.98925925925926,0.3333333333333333,5,0.813751343245243,alto
2062,15,2521.4,168.09333333333333,229.8,0.3333333333333333,2391.5,129.89999999999992,3.927333333333334,0.06666666666666667,4,-4.104824091954008,baixo
2063,13,4630.45,356.1884615384615,482.45,0.46153846153846156,6903.76,-2273.31,4.643076923076923,0.15384615384615385,2,-4.610741859122877,baixo
2064,18,3142.55,174.5861111111111,248.0,0.5,1900.2,1242.35,6.205555555555556,0.3888888888888889,3,-0.26608052646565705,medio
2065,26,1961.05,75.425,104.85,0.34615384615384615,1478.84,482.21000000000004,4.822692307692308,0.38461538461538464,6,1.7208115148213818,alto
2066,16,2316.8,144.8,202.1,0.375,3900.2999999999997,-1583.5,6.055,0.5625,4,-0.379615152321497,medio
2067,15,3077.0,205.13333333333333,319.05,0.26666666666666666,4828.87,-1751.87,6.5806666666666676,0.4,3,-2.2161990880506965,baixo
2068,25,3914.5,156.58,249.55,0.28,1385.13,2529.37,4.0048,0.36,5,2.476288396398426,alto
2069,19,662.3,34.857894736842105,65.75,0.3157894736842105,309.85,352.45,7.307368421052632,0.42105263157894735,6,0.1401126861332972,medio
2070,25,3837.05,153.482,239.15,0.4,4921.16,-1084.1100000000001,6.1512,0.36,3,-0.34574084490811136,medio
2071,21,1619.65,77.12619047619049,124.15,0.2857142857142857,1720.72,-101.07000000000001,6.214761904761905,0.23809523809523808,10,0.7128396080732446,medio
2072,19,1585.5,83.44736842105263,115.85,0.3684210526315789,1867.4199999999998,-281.91999999999996,4.650526315789474,0.47368421052631576,4,-0.25759849117265854,medio
2073,16,2844.6,177.7875,245.45,0.625,3556.3,-711.7,3.08375,0.0625,2,-5.180314902169599,baixo
2074,14,173.1,12.364285714285714,23.75,0.21428571428571427,64.94,108.16,3.9050000000000002,0.35714285714285715,5,-2.2945045542654787,baixo
2075,19,2795.05,147.10789473684213,242.05,0.21052631578947367,777.4499999999999,2017.6,5.389473684210526,0.42105263157894735,8,2.6789475089463184,alto
2076,23,1878.35,81.66739130434782,123.6,0.34782608695652173,670.12,1208.23,3.6278260869565218,0.43478260869565216,7,2.3804228287931073,alto
2077,19,217.6,11.452631578947368,24.95,0.3684210526315789,159.22,58.379999999999995,4.261578947368421,0.42105263157894735,5,-0.617752475528172,medio
2078,21,330.75,15.75,24.8,0.23809523809523808,233.53,97.22000000000001,4.976190476190476,0.47619047619047616,6,0.8293464217956039,alto
2079,22,3287.75,149.4431818181818,240.3,0.5,4479.25,-1191.5,4.775454545454545,0.2727272727272727,4,-1.4671046994758838,baixo
2080,27,9529.55,352.9462962962963,494.75,0.2962962962962963,11058.23,-1528.68,4.881851851851852,0.5555555555555556,8,5.2453658834104635,alto
2081,19,274.3,14.436842105263159,24.45,0.47368421052631576,349.0,-74.7,3.8857894736842105,0.3157894736842105,5,-1.6385257640443809,baixo
2082,24,1787.3,74.47083333333333,122.4,0.2916666666666667,1049.57,737.73,4.417916666666667,0.25,7,0.6010177681701325,medio
2083,19,674.7,35.51052631578948,66.35,0.47368421052631576,483.18,191.51999999999998,2.9084210526315792,0.3157894736842105,6,-0.9115219380148643,medio
2084,22,3387.15,153.96136363636364,248.0,0.2727272727272727,1361.59,2025.56,4.471818181818182,0.5454545454545454,8,4.549600801986777,alto
2085,23,4533.75,197.1195652173913,319.5,0.2608695652173913,2092.73,2441.02,4.565217391304348,0.21739130434782608,5,0.9455935553863946,alto
2086,18,3010.05,167.22500000000002,245.3,0.2777777777777778,933.52,2076.53,4.3005555555555555,0.3888888888888889,6,1.4475187972430534,alto
2087,23,304.65,13.245652173913042,22.05,0.4782608695652174,286.12,18.529999999999994,4.994782608695652,0.30434782608695654,4,-1.2469211017137602,baixo
2088,16,738.7,46.16875,68.45,0.5,1202.11,-463.40999999999997,6.64375,0.3125,5,-2.328876285415231,baixo
2089,22,89.55,4.070454545454545,9.6,0.36363636363636365,129.92000000000002,-40.370000000000005,6.037727272727273,0.36363636363636365,5,-0.5784077942363153,medio
2090,23,917.8,39.904347826086955,69.35,0.391304347826087,906.52,11.279999999999944,3.9878260869565216,0.34782608695652173,5,-0.22583239768031893,medio
2091,15,233.29999999999998,15.553333333333333,25.0,0.06666666666666667,76.72,156.57999999999998,4.3053333333333335,0.5333333333333333,12,2.6844057478672987,alto
2092,26,4153.45,159.74807692307692,249.35,0.19230769230769232,1471.8600000000001,2681.59,5.062692307692307,0.2692307692307692,9,3.7275036833181643,alto
2093,23,727.35,31.62391304347826,67.75,0.30434782608695654,1106.4499999999998,-379.1,6.447826086956522,0.4782608695652174,8,2.033513631741084,alto
2094,22,3509.35,159.51590909090908,249.75,0.5454545454545454,3881.48,-372.12999999999994,4.661818181818182,0.45454545454545453,3,0.2738199946368627,medio
2095,16,83.45,5.215625,9.85,0.3125,53.65,29.799999999999997,4.0475,0.3125,5,-2.3489696140225096,baixo
2096,22,92.4,4.2,10.0,0.2727272727272727,34.83,57.57,5.213181818181818,0.45454545454545453,6,0.753151838710612,medio
2097,21,3325.25,158.3452380952381,242.55,0.42857142857142855,3028.54,296.71000000000004,4.06047619047619,0.3333333333333333,4,-0.2802293543602249,medio
2098,19,6450.1,339.4789473684211,487.85,0.631578947368421,14800.730000000001,-8350.630000000001,4.377894736842106,0.3684210526315789,2,-4.632153533866747,baixo
2099,18,2760.65,153.36944444444444,242.35,0.3888888888888889,2030.6100000000001,730.04,3.421111111111111,0.3333333333333333,4,-0.756373676479572,medio
2100,25,4688.2,187.528,247.6,0.32,2442.61,2245.59,4.8008,0.44,8,4.597488622206997,alto
2101,17,2498.0,146.94117647058823,238.5,0.6470588235294118,3447.63,-949.6299999999999,3.198823529411765,0.17647058823529413,3,-3.803942865599784,baixo
2102,21,113.7,5.414285714285715,10.0,0.3333333333333333,75.97,37.730000000000004,6.002380952380952,0.42857142857142855,5,-0.1529259847932829,medio
2103,30,1147.4,38.24666666666667,67.6,0.36666666666666664,1211.19,-63.79,4.350333333333333,0.23333333333333334,4,-0.20498611900517938,medio
2104,19,272.90000000000003,14.363157894736844,23.95,0.3157894736842105,248.38,24.520000000000003,4.213157894736842,0.3684210526315789,5,-1.1010027684614399,medio
2105,27,9455.75,350.212962962963,493.85,0.5555555555555556,8947.38,508.3699999999999,5.0996296296296295,0.2222222222222222,2,0.5930689115947068,medio
2106,18,1289.8,71.65555555555555,122.3,0.2777777777777778,1320.99,-31.19000000000002,7.772777777777778,0.5,5,0.2533646262632574,medio
2107,24,14996.7,624.8625000000001,973.05,0.5,17030.84,-2034.1399999999999,4.577916666666667,0.3333333333333333,3,1.9271885995370226,alto
2108,18,3152.65,175.14722222222224,246.6,0.3888888888888889,1945.99,1206.6599999999999,3.777222222222222,0.2777777777777778,2,-1.74608763375294,baixo
2109,24,134.25,5.59375,9.9,0.3333333333333333,78.33,55.92,3.65625,0.3333333333333333,9,1.4133475052080484,alto
2110,20,112.6,5.63,9.65,0.55,129.54999999999998,-16.949999999999996,3.4035,0.35,2,-2.450116940918041,baixo
2111,17,655.15,38.53823529411765,69.75,0.47058823529411764,1001.88,-346.72999999999996,4.865882352941177,0.29411764705882354,3,-3.145644022826735,baixo
2112,20,119.2,5.96,9.8,0.3,64.46000000000001,54.74,4.561,0.4,10,1.5741942236968065,alto
2113,14,2359.15,168.5107142857143,247.5,0.35714285714285715,1709.81,649.3399999999999,3.9657142857142853,0.21428571428571427,6,-1.808079005036604,baixo
2114,12,952.8000000000001,79.4,124.5,0.5,1357.73,-404.93,7.564166666666666,0.4166666666666667,3,-2.8852053914502673,baixo
2115,26,834.35,32.090384615384615,66.2,0.38461538461538464,769.7900000000001,64.56000000000002,4.929230769230769,0.34615384615384615,7,1.2860524479060724,alto
2116,18,274.8,15.266666666666667,24.9,0.3333333333333333,134.84,139.96,5.605555555555555,0.3333333333333333,5,-1.5810172056660616,baixo
2117,23,14716.2,639.8347826086957,985.45,0.391304347826087,19538.68,-4822.48,4.117826086956521,0.34782608695652173,4,0.8987698372791301,alto
2118,24,881.8,36.74166666666667,67.55,0.4583333333333333,922.68,-40.88000000000001,3.4066666666666667,0.25,4,-1.393710790738968,baixo
2119,20,12967.75,648.3875,964.45,0.25,3604.97,9362.78,4.6155,0.35,5,8.283090259074406,alto
2120,18,3087.2,171.5111111111111,247.7,0.4444444444444444,8340.77,-5253.57,5.8116666666666665,0.3333333333333333,3,-4.251034533815924,baixo
2121,25,3818.05,152.722,233.5,0.32,5587.05,-1769.0000000000002,5.2888,0.44,5,0.9035175690106736,alto
2122,20,7054.75,352.7375,460.4,0.2,3082.2200000000003,3972.5299999999997,5.1065,0.5,7,5.646018289684508,alto
2123,30,4817.0,160.56666666666666,248.7,0.3333333333333333,3121.6800000000003,1695.3199999999997,4.672333333333333,0.36666666666666664,6,3.682607926526032,alto
2124,24,887.95,36.99791666666667,67.7,0.4166666666666667,714.96,172.99,5.411666666666666,0.375,6,0.7550314077079588,alto
2125,21,99.0,4.714285714285714,9.05,0.5714285714285714,114.44999999999999,-15.449999999999998,3.2142857142857144,0.2857142857142857,3,-2.384004971161649,baixo
2126,22,4620.45,210.02045454545453,319.5,0.5,7228.1,-2607.65,4.128181818181818,0.5,3,-0.14689427481706252,medio
2127,18,3244.95,180.27499999999998,319.5,0.4444444444444444,3050.3900000000003,194.56000000000006,3.645,0.5,2,-0.19942662016429913,medio
2128,21,3674.05,174.9547619047619,245.0,0.3333333333333333,1870.02,1804.03,5.617619047619048,0.3333333333333333,4,0.6350925687500173,medio
2129,19,765.2,40.27368421052632,68.65,0.15789473684210525,330.91,434.29,5.004736842105263,0.15789473684210525,7,-1.7652868408737612,baixo
2130,30,4859.8,161.99333333333334,244.1,0.4,3435.8500000000004,1423.95,3.445333333333333,0.3,5,2.493158554870039,alto
2131,22,1652.8,75.12727272727273,122.35,0.36363636363636365,1202.8600000000001,449.94,3.7263636363636365,0.3181818181818182,5,-0.247467700951826,medio
2132,19,2915.65,153.45526315789473,246.0,0.3684210526315789,3539.29,-623.6400000000001,7.01,0.3684210526315789,5,-0.48709804279747104,medio
2133,22,1854.95,84.31590909090909,123.1,0.3181818181818182,1124.82,730.13,4.9381818181818184,0.36363636363636365,4,-0.05651684832193907,medio
2134,23,4633.0,201.43478260869566,307.9,0.34782608695652173,4808.07,-175.07000000000002,4.100869565217391,0.21739130434782608,9,1.346759670581253,alto
2135,21,14562.9,693.4714285714285,987.9,0.2857142857142857,11441.92,3120.9799999999996,4.691428571428571,0.23809523809523808,7,5.3501241480581445,alto
2136,26,1923.55,73.9826923076923,121.25,0.5,2461.13,-537.58,4.49923076923077,0.2692307692307692,5,-0.335288593885864,medio
2137,20,3648.15,182.4075,299.4,0.25,1745.1399999999999,1903.01,7.4535,0.5,4,2.0518161507654513,alto
2138,21,308.85,14.707142857142859,24.7,0.42857142857142855,260.79,48.059999999999995,4.1257142857142854,0.23809523809523808,5,-1.8397795468513536,baixo
2139,17,11355.15,667.9499999999999,998.85,0.35294117647058826,6041.41,5313.74,6.143529411764706,0.4117647058823529,4,5.723541100617108,alto
2140,23,5161.15,224.3978260869565,311.65,0.4782608695652174,4374.09,787.06,3.5886956521739135,0.5652173913043478,5,3.4620057828915187,alto
2141,19,787.1,41.42631578947368,67.75,0.15789473684210525,996.85,-209.74999999999997,4.886315789473684,0.3684210526315789,7,-0.15829787204440585,medio
2142,22,3760.95,170.9522727272727,245.55,0.4090909090909091,4690.42,-929.4699999999999,4.242272727272727,0.22727272727272727,5,-1.1584603019714026,medio
2143,18,114.4,6.355555555555556,9.85,0.3333333333333333,63.69,50.71,4.658333333333333,0.2222222222222222,4,-3.1547426128576084,baixo
2144,15,2351.9,156.79333333333335,240.9,0.4,931.31,1420.59,2.7506666666666666,0.2,6,-1.3867094653464664,baixo
2145,22,715.75,32.53409090909091,67.05,0.22727272727272727,276.55,439.2,3.6645454545454546,0.3181818181818182,5,-0.5466255376443336,medio
2146,20,3156.6,157.82999999999998,244.85,0.4,1988.54,1168.06,3.5075000000000003,0.4,4,0.569890797295745,medio
2147,22,321.4,14.609090909090908,24.5,0.4090909090909091,335.96999999999997,-14.569999999999986,5.475454545454546,0.13636363636363635,7,-1.7070317421411536,baixo
2148,21,3343.0,159.1904761904762,248.6,0.3333333333333333,2505.67,837.3300000000002,3.5742857142857143,0.42857142857142855,9,3.0928389824454308,alto
2149,28,1032.65,36.88035714285714,69.55,0.42857142857142855,1025.04,7.6100000000000065,4.303571428571429,0.21428571428571427,5,-0.3598067054194979,medio
2150,20,3155.95,157.79749999999999,211.5,0.35,2642.5,513.4499999999999,4.911,0.3,6,0.1804837455995651,medio
2151,15,2663.3,177.55333333333334,297.6,0.2,2067.41,595.89,4.684,0.3333333333333333,7,-0.012051679413519228,medio
2152,12,400.3,33.358333333333334,63.4,0.4166666666666667,178.45,221.85,3.905,0.3333333333333333,4,-3.1974346545848933,baixo
2153,23,5029.4,218.6695652173913,314.15,0.2608695652173913,4308.82,720.5799999999997,4.982173913043479,0.34782608695652173,7,2.2633933817001886,alto
2154,21,3151.0,150.04761904761904,240.85,0.2857142857142857,2087.59,1063.41,4.216666666666667,0.5238095238095238,3,1.3859799756541307,alto
2155,10,1739.7,173.97,246.05,0.5,1289.8,449.90000000000003,4.607,0.4,3,-2.381206110269271,baixo
2156,21,127.10000000000001,6.052380952380953,9.9,0.42857142857142855,84.69,42.41,3.940952380952381,0.23809523809523808,3,-2.783134724723577,baixo
2157,19,3316.25,174.53947368421052,244.4,0.42105263157894735,2538.3,777.95,4.504736842105263,0.3157894736842105,7,0.7982882224358978,alto
2158,18,226.65,12.591666666666667,23.7,0.2777777777777778,108.9,117.75,4.291666666666667,0.4444444444444444,4,-1.0270632063614566,medio
2159,29,4249.85,146.54655172413794,248.45,0.3103448275862069,4873.57,-623.7199999999999,5.3500000000000005,0.4827586206896552,6,3.200272725484851,alto
2160,14,970.7,69.33571428571429,116.25,0.07142857142857142,239.48,731.22,6.042857142857143,0.5,8,1.067422235145253,alto
2161,19,254.65,13.40263157894737,20.6,0.3684210526315789,149.19,105.46000000000001,3.7910526315789475,0.3157894736842105,5,-1.5499261916554292,baixo
2162,17,2658.35,156.3735294117647,214.35,0.23529411764705882,1456.9699999999998,1201.3799999999999,4.617647058823529,0.29411764705882354,11,2.011659322654636,alto
2163,20,1713.95,85.6975,124.4,0.4,1360.6599999999999,353.2900000000001,3.2399999999999998,0.35,4,-0.8210357254026369,medio
2164,16,1242.4,77.65,122.4,0.4375,1436.8899999999999,-194.49,4.51375,0.375,5,-1.3927882960002607,baixo
2165,17,2648.1,155.7705882352941,240.1,0.47058823529411764,2246.88,401.22,4.132941176470588,0.23529411764705882,2,-2.923315861726004,baixo
2166,14,542.35,38.739285714285714,64.9,0.2857142857142857,145.7,396.65,6.644285714285714,0.5,6,-0.2018688948221219,medio
2167,15,2604.4,173.62666666666667,234.9,0.3333333333333333,1315.77,1288.6299999999999,4.9879999999999995,0.5333333333333333,4,0.8520678348153455,alto
2168,17,2669.25,157.01470588235293,246.55,0.29411764705882354,1404.53,1264.72,4.836470588235294,0.35294117647058826,6,0.39032616398077885,medio
2169,22,807.1,36.68636363636364,67.6,0.2727272727272727,545.6,261.49999999999994,4.498636363636364,0.4090909090909091,6,0.6661926542490753,medio
2170,15,2159.85,143.98999999999998,222.45,0.26666666666666666,613.73,1546.1200000000001,5.9399999999999995,0.3333333333333333,9,1.1423226381889713,alto
2171,13,2782.0,214.0,274.2,0.46153846153846156,3810.27,-1028.27,4.4715384615384615,0.38461538461538464,2,-2.8009317923407577,baixo
2172,26,2037.6,78.36923076923077,124.3,0.2692307692307692,817.79,1219.81,4.780384615384616,0.46153846153846156,8,3.723034109765845,alto
2173,21,810.4,38.59047619047619,69.0,0.3333333333333333,875.2399999999999,-64.84,5.677142857142857,0.23809523809523808,6,-1.2948571324240596,baixo
2174,23,4696.2,204.18260869565216,317.25,0.34782608695652173,2496.98,2199.2200000000003,4.281304347826087,0.30434782608695654,6,2.1079611156504434,alto
2175,24,4111.55,171.31458333333333,249.5,0.375,2946.1099999999997,1165.44,4.405833333333333,0.2916666666666667,4,0.5586094737341805,medio
2176,10,865.7,86.57000000000001,105.55,0.4,394.75,470.95,3.8920000000000003,0.2,2,-5.256722775176439,baixo
2177,20,1488.3,74.41499999999999,116.0,0.4,1688.01,-199.70999999999998,4.157500000000001,0.2,4,-2.575733671722976,baixo
2178,20,3648.7,182.435,249.95,0.55,4371.28,-722.5799999999999,4.142,0.35,3,-1.166557447856218,medio
2179,13,3941.7,303.2076923076923,484.45,0.3076923076923077,1941.62,2000.08,5.423076923076923,0.15384615384615385,7,-0.5033553537885787,medio
2180,17,91.75,5.397058823529412,9.8,0.23529411764705882,44.32,47.43,4.881764705882353,0.17647058823529413,8,-2.0475464975470787,baixo
2181,28,5277.7,188.4892857142857,304.6,0.35714285714285715,2708.9900000000002,2568.71,3.6525,0.32142857142857145,7,3.914200379472609,alto
2182,28,4860.85,173.60178571428574,248.75,0.35714285714285715,5301.030000000001,-440.17999999999995,5.579642857142857,0.32142857142857145,7,2.212909302643741,alto
2183,23,1852.2,80.5304347826087,123.1,0.34782608695652173,1321.04,531.1600000000001,5.442608695652174,0.34782608695652173,7,1.2110206469305889,alto
2184,24,3659.65,152.48541666666668,231.0,0.3333333333333333,3256.06,403.5899999999998,4.664583333333334,0.20833333333333334,5,-0.3039602409818134,medio
2185,19,1475.95,77.68157894736842,113.2,0.42105263157894735,1456.28,19.670000000000016,4.660526315789474,0.42105263157894735,3,-1.0627523573421602,medio
2186,29,4726.7,162.9896551724138,243.1,0.3448275862068966,2672.93,2053.77,4.144137931034483,0.41379310344827586,5,3.6599093269456215,alto
2187,22,1866.6000000000001,84.84545454545456,124.75,0.3181818181818182,1711.15,155.44999999999996,4.0636363636363635,0.4090909090909091,8,1.8223682339671519,alto
2188,17,590.4,34.72941176470588,69.85,0.23529411764705882,536.42,53.98,7.767058823529411,0.47058823529411764,5,-0.45102806545032825,medio
2189,21,750.35,35.73095238095238,66.75,0.19047619047619047,267.65,482.7,4.988095238095238,0.19047619047619047,9,-0.14163638788937494,medio
2190,17,2808.2,165.18823529411765,225.0,0.23529411764705882,2359.8100000000004,448.3900000000001,6.8217647058823525,0.17647058823529413,7,-1.1739635383057754,medio
2191,26,115.0,4.423076923076923,9.85,0.38461538461538464,119.8,-4.800000000000003,6.634615384615385,0.34615384615384615,6,0.6182191444614582,medio
2192,24,3687.6,153.65,242.0,0.375,7338.04,-3650.4399999999996,5.330416666666667,0.4166666666666667,6,-0.08858698125256004,medio
2193,19,1475.2,77.6421052631579,117.4,0.3157894736842105,585.43,889.77,3.491578947368421,0.3157894736842105,7,0.19011469338096537,medio
2194,14,9807.8,700.5571428571428,971.25,0.2857142857142857,4495.64,5312.16,7.180714285714286,0.2857142857142857,4,4.1129460283275385,alto
2195,12,157.2,13.1,22.5,0.16666666666666666,112.77000000000001,44.43,4.933333333333334,0.4166666666666667,9,-0.46105320002826156,medio
2196,23,1818.65,79.07173913043479,123.0,0.391304347826087,2198.97,-380.32,5.35,0.30434782608695654,5,-0.5649631639713883,medio
2197,17,11387.95,669.8794117647059,987.1,0.5882352941176471,11440.09,-52.13999999999996,2.658235294117647,0.35294117647058826,2,1.462634096575077,alto
2198,23,260.8,11.339130434782609,24.5,0.5217391304347826,384.35,-123.55000000000001,3.4417391304347826,0.34782608695652173,2,-1.8153633493292791,baixo
2199,23,1820.2,79.13913043478261,123.35,0.5652173913043478,1588.0900000000001,232.11,3.6682608695652177,0.17391304347826086,4,-1.8821865780566862,baixo
2200,16,219.75,13.734375,23.1,0.125,51.97,167.78,5.97375,0.3125,7,-1.3362402500256365,baixo
2201,12,1989.15,165.76250000000002,242.6,0.3333333333333333,9469.779999999999,-7480.63,9.808333333333334,0.5,5,-4.400615070238834,baixo
2202,21,1572.65,74.88809523809525,122.55,0.47619047619047616,1009.44,563.2099999999999,6.08047619047619,0.47619047619047616,2,-0.2770682255015564,medio
2203,22,1950.8,88.67272727272727,122.65,0.2727272727272727,663.47,1287.33,4.02,0.3181818181818182,11,2.932963275059577,alto
2204,23,800.5500000000001,34.80652173913044,64.3,0.5217391304347826,733.4499999999999,67.10000000000002,5.017391304347826,0.2608695652173913,5,-1.0331150783037293,medio
2205,22,1828.8,83.12727272727273,123.85,0.2727272727272727,1042.1,786.6999999999999,4.741818181818182,0.2727272727272727,6,0.007810533193747471,medio
2206,17,2394.8,140.87058823529412,219.8,0.47058823529411764,3925.4,-1530.6,5.048235294117647,0.35294117647058826,4,-2.0868708461425247,baixo
2207,28,2249.15,80.32678571428572,124.0,0.32142857142857145,900.4599999999999,1348.69,2.7492857142857146,0.39285714285714285,5,2.2986765269891993,alto
2208,17,85.1,5.0058823529411764,9.85,0.23529411764705882,31.979999999999997,53.12,6.0323529411764705,0.29411764705882354,6,-1.843128646474562,baixo
2209,23,807.7,35.11739130434783,68.65,0.21739130434782608,409.79,397.90999999999997,4.335217391304347,0.391304347826087,5,0.34752616842321965,medio
2210,13,363.35,27.950000000000003,61.9,0.23076923076923078,91.6,271.75,4.48,0.46153846153846156,7,-0.48089009845089015,medio
2211,23,324.9,14.126086956521737,24.9,0.5217391304347826,319.88,5.019999999999996,5.044347826086957,0.21739130434782608,2,-2.9305780940806097,baixo
2212,14,71.25,5.089285714285714,9.95,0.5,58.099999999999994,13.15,5.964285714285714,0.21428571428571427,3,-4.593108514578647,baixo
2213,11,803.45,73.0409090909091,117.95,0.18181818181818182,291.04,512.41,4.504545454545454,0.6363636363636364,5,0.24089467331320424,medio
2214,20,3162.65,158.1325,247.75,0.55,4278.34,-1115.69,3.8045,0.25,3,-2.464957377805611,baixo
2215,27,347.1,12.855555555555556,24.75,0.37037037037037035,244.43,102.67,5.624444444444445,0.37037037037037035,7,1.6211145131513338,alto
2216,27,1030.45,38.16481481481482,67.6,0.2962962962962963,553.92,476.53,4.8714814814814815,0.37037037037037035,9,2.8748550576754806,alto
2217,21,3297.7,157.03333333333333,230.75,0.3333333333333333,1256.51,2041.19,3.3438095238095236,0.42857142857142855,6,2.396539721234287,alto
2218,18,763.85,42.43611111111111,69.5,0.4444444444444444,879.2099999999999,-115.36,4.668333333333333,0.3333333333333333,2,-2.8505771591380435,baixo
2219,30,1166.1,38.87,69.05,0.4,1254.23,-88.12999999999997,4.241333333333333,0.23333333333333334,3,-0.6539867346290609,medio
2220,22,3210.6,145.93636363636364,249.35,0.36363636363636365,3171.87,38.73000000000005,4.291363636363636,0.5,4,1.2580607409193503,alto
2221,17,1440.8,84.75294117647059,124.5,0.4117647058823529,844.0,596.8,3.771764705882353,0.35294117647058826,3,-1.7835060489911194,baixo
2222,28,9756.0,348.42857142857144,486.85,0.32142857142857145,6663.68,3092.3199999999997,6.1242857142857146,0.39285714285714285,10,7.274059242337738,alto
2223,18,3199.8,177.76666666666668,237.75,0.3888888888888889,4456.72,-1256.9199999999998,5.702222222222222,0.3333333333333333,4,-1.644022656911788,baixo
2224,16,277.1,17.31875,24.95,0.3125,226.8,50.3,3.644375,0.4375,6,-0.6617131346028996,medio
2225,14,542.5,38.75,69.8,0.2857142857142857,315.94,226.56,4.442857142857143,0.35714285714285715,5,-2.049806915009702,baixo
2226,27,6335.55,234.65,317.2,0.37037037037037035,5050.12,1285.43,4.2914814814814815,0.4074074074074074,5,3.2384262620933506,alto
2227,25,5241.3,209.65200000000002,316.35,0.32,3797.3,1444.0,3.8836,0.36,6,2.7056048413555187,alto
2228,18,1142.95,63.49722222222223,90.2,0.3333333333333333,1029.72,113.22999999999995,5.331666666666667,0.2777777777777778,7,-0.8944775386096274,medio
2229,19,6589.35,346.8078947368421,496.65,0.5789473684210527,9653.28,-3063.93,3.906315789473684,0.3157894736842105,3,-1.8176124363583417,baixo
2230,18,3099.9,172.21666666666667,239.95,0.2777777777777778,3583.71,-483.8100000000002,4.858888888888889,0.3333333333333333,7,0.04960606596551961,medio
2231,19,245.9,12.942105263157895,22.65,0.3684210526315789,191.13,54.769999999999996,4.098421052631579,0.5263157894736842,7,1.2419400081654706,alto
2232,11,376.6,34.23636363636364,57.7,0.09090909090909091,42.46,334.14,4.762727272727273,0.2727272727272727,5,-3.474238513794893,baixo
2233,23,924.25,40.18478260869565,65.9,0.30434782608695654,552.5,371.75,4.9165217391304346,0.30434782608695654,5,-0.4332805670386177,medio
2234,19,252.65,13.297368421052632,22.6,0.5263157894736842,323.71000000000004,-71.06,3.221578947368421,0.10526315789473684,6,-3.1453270354575644,baixo
2235,19,587.45,30.918421052631583,57.3,0.3684210526315789,381.1,206.35,4.748421052631579,0.21052631578947367,7,-1.4655413137935756,baixo
2236,15,2418.85,161.25666666666666,248.05,0.3333333333333333,1567.08,851.77,2.7266666666666666,0.4,3,-1.135094041989956,medio
2237,26,340.0,13.076923076923077,24.35,0.2692307692307692,143.67,196.33,5.591923076923077,0.38461538461538464,8,2.0200838779879877,alto
2238,15,1123.9,74.92666666666668,113.3,0.3333333333333333,1288.9,-165.0,4.430000000000001,0.4,4,-1.8297565708145587,baixo
2239,17,228.35,13.43235294117647,22.4,0.35294117647058826,89.38,138.97,5.4941176470588236,0.47058823529411764,6,-0.11223646925341502,medio
2240,16,5450.4,340.65,496.3,0.375,2143.75,3306.65,3.975,0.3125,3,0.822422166906152,alto
2241,27,393.75,14.583333333333334,24.75,0.3333333333333333,294.51,99.24000000000001,4.53037037037037,0.37037037037037035,6,1.1908332797089034,alto
2242,20,1520.4,76.02000000000001,123.45,0.25,1139.4,381.0,5.845000000000001,0.35,7,0.4481006389662308,medio
2243,23,7837.35,340.754347826087,497.65,0.34782608695652173,4745.8099999999995,3091.54,4.109565217391304,0.2608695652173913,5,2.6817365873115095,alto
2244,22,1887.35,85.78863636363636,123.6,0.22727272727272727,742.31,1145.04,3.877727272727273,0.45454545454545453,8,2.7738008854095444,alto
2245,20,880.7,44.035000000000004,67.7,0.2,1312.08,-431.37999999999994,7.274000000000001,0.2,5,-2.4677720095082365,baixo
2246,22,1876.25,85.2840909090909,122.5,0.4090909090909091,1271.58,604.67,4.232272727272727,0.45454545454545453,5,1.1621209517973505,alto
2247,18,3764.15,209.11944444444444,309.15,0.2777777777777778,2484.7,1279.45,4.749444444444444,0.4444444444444444,6,1.8249149867154384,alto
2248,23,3587.05,155.95869565217393,243.45,0.34782608695652173,2023.1,1563.95,5.380869565217391,0.2608695652173913,6,1.0372666315121921,alto
2249,16,3383.9,211.49375,318.0,0.5,3672.84,-288.9399999999998,3.790625,0.3125,5,-1.0971463538265869,medio
2250,18,684.4,38.02222222222222,60.8,0.2222222222222222,412.41999999999996,271.98,4.691111111111111,0.2222222222222222,12,0.7038971523335553,medio
2251,25,4290.3,171.612,247.1,0.52,4536.38,-246.08000000000007,3.0036,0.28,7,1.2482170162692374,alto
2252,24,309.7,12.904166666666667,24.5,0.4583333333333333,233.91,75.79,3.499166666666667,0.3333333333333333,5,-0.28717889460731727,medio
2253,23,327.25,14.228260869565217,23.65,0.43478260869565216,222.52,104.72999999999999,4.151304347826087,0.2608695652173913,4,-1.5952601750362623,baixo
2254,22,7881.1,358.2318181818182,470.05,0.4090909090909091,7268.379999999999,612.7199999999999,6.415454545454545,0.5454545454545454,5,3.8851732877484646,alto
2255,22,1736.8,78.94545454545454,116.55,0.2727272727272727,1555.42,181.38000000000005,7.868181818181818,0.3181818181818182,3,-1.2445815777463625,baixo
2256,18,651.55,36.19722222222222,62.85,0.6666666666666666,1399.3899999999999,-747.84,3.3855555555555554,0.2777777777777778,3,-3.3015291931243724,baixo
2257,15,5374.35,358.29,492.25,0.26666666666666666,2253.83,3120.52,5.632666666666666,0.5333333333333333,4,3.0976732216639657,alto
2258,22,15838.35,719.9250000000001,982.95,0.4090909090909091,17322.629999999997,-1484.2800000000002,3.0090909090909093,0.36363636363636365,4,3.1460070347380253,alto
2259,17,1264.25,74.36764705882354,122.15,0.4117647058823529,1261.73,2.5200000000000102,3.698823529411765,0.23529411764705882,6,-1.9345444180546034,baixo
2260,25,2135.5,85.42,123.1,0.28,1294.08,841.42,3.7944,0.36,6,1.5295216852355495,alto
2261,17,225.2,13.24705882352941,24.3,0.23529411764705882,114.14,111.06,4.708235294117648,0.29411764705882354,6,-1.755564560762655,baixo
2262,22,689.55,31.343181818181815,66.05,0.4090909090909091,711.88,-22.329999999999988,5.115454545454545,0.2727272727272727,3,-2.099914414407852,baixo
2263,18,573.8,31.877777777777776,64.6,0.4444444444444444,885.17,-311.37,3.839444444444444,0.3888888888888889,3,-2.0748306064730864,baixo
2264,29,4630.85,159.6844827586207,245.5,0.3793103448275862,3947.65,683.2,6.291724137931035,0.3448275862068966,5,2.272983395609547,alto
2265,26,1012.55,38.94423076923077,69.85,0.4230769230769231,959.64,52.90999999999999,5.207692307692308,0.2692307692307692,8,1.058143517923278,alto
2266,15,1337.95,89.19666666666667,118.25,0.3333333333333333,1054.68,283.27,4.5360000000000005,0.4,4,-1.4932610149693772,baixo
2267,19,3040.1,160.00526315789475,249.9,0.3684210526315789,2050.38,989.7199999999999,5.807894736842105,0.3684210526315789,5,0.41525999006597913,medio
2268,27,133.45,4.942592592592592,9.85,0.25925925925925924,93.3,40.15,4.816666666666667,0.37037037037037035,7,1.533378193701894,alto
2269,16,534.3,33.39375,64.95,0.375,522.18,12.120000000000005,5.039375,0.3125,4,-2.604589195583989,baixo
2270,17,709.4,41.72941176470588,68.0,0.23529411764705882,592.71,116.69,5.4288235294117655,0.47058823529411764,5,-0.36948077109192146,medio
2271,20,773.25,38.6625,69.5,0.4,516.0899999999999,257.16,5.199,0.4,4,-0.7351203228595535,medio
2272,23,113.8,4.947826086956522,9.95,0.391304347826087,66.7,47.1,2.96304347826087,0.21739130434782608,3,-2.5310919335860085,baixo
2273,19,1603.4,84.38947368421053,124.05,0.5263157894736842,1803.8799999999999,-200.48000000000002,3.7315789473684213,0.3684210526315789,4,-1.178459638491926,medio
2274,18,78.4,4.355555555555556,9.1,0.2777777777777778,62.18,16.220000000000002,5.431666666666667,0.5,4,-0.6254795980151537,medio
2275,25,4145.05,165.80200000000002,249.6,0.4,4347.01,-201.95999999999992,3.9495999999999998,0.24,6,0.4224311590344394,medio
2276,23,1708.8,74.29565217391304,116.65,0.5652173913043478,1592.39,116.41,2.9669565217391303,0.34782608695652173,3,-0.813755007347576,medio
2277,19,231.85,12.202631578947368,21.55,0.42105263157894735,133.4,98.45,4.432631578947368,0.10526315789473684,7,-2.6224406461939096,baixo
2278,20,4135.65,206.78249999999997,313.25,0.4,3641.73,493.92,3.1475,0.25,5,-0.39381333165227794,medio
2279,23,245.20000000000002,10.660869565217393,24.6,0.2608695652173913,291.9,-46.7,5.728260869565218,0.13043478260869565,5,-2.462664679744678,baixo
2280,18,623.15,34.61944444444444,54.5,0.2777777777777778,495.35,127.80000000000001,6.705,0.5555555555555556,5,0.5949496485713328,medio
2281,22,1716.1,78.00454545454545,123.1,0.45454545454545453,1757.54,-41.43999999999994,3.8763636363636365,0.18181818181818182,3,-2.6268544582244786,baixo
2282,27,2260.15,83.70925925925927,123.95,0.37037037037037035,6987.64,-4727.49,5.830740740740741,0.48148148148148145,8,1.0077580863933893,alto
2283,22,1981.8,90.08181818181818,124.3,0.22727272727272727,1858.6100000000001,123.18999999999991,5.716363636363636,0.36363636363636365,5,0.1010835770381458,medio
2284,21,3144.75,149.75,244.45,0.3333333333333333,4227.77,-1083.0200000000002,5.213809523809523,0.14285714285714285,5,-2.3885471371017966,baixo
2285,20,1346.15,67.3075,107.5,0.4,1321.38,24.769999999999982,5.657,0.35,4,-1.1222894701844193,medio
2286,23,999.4,43.452173913043474,68.7,0.2608695652173913,1043.3600000000001,-43.96,4.106086956521739,0.34782608695652173,7,0.6499850258251697,medio
2287,17,11535.3,678.5470588235294,997.2,0.4117647058823529,14039.89,-2504.59,4.215882352941176,0.29411764705882354,2,-0.32312325302422296,medio
2288,15,606.5,40.43333333333333,62.7,0.4666666666666667,592.37,14.130000000000006,4.842666666666667,0.26666666666666666,4,-3.2016819072167464,baixo
2289,18,2835.7,157.5388888888889,243.1,0.4444444444444444,6491.52,-3655.8199999999997,6.881666666666667,0.16666666666666666,6,-3.7140943743879546,baixo
2290,21,7496.15,356.9595238095238,498.35,0.19047619047619047,2264.0299999999997,5232.12,5.4261904761904765,0.2857142857142857,9,5.473215580179328,alto
2291,24,4835.35,201.4729166666667,306.4,0.4166666666666667,3331.87,1503.48,3.189583333333333,0.375,3,1.2740488535448566,alto
2292,20,854.15,42.707499999999996,69.8,0.25,910.75,-56.599999999999945,5.417,0.35,6,-0.4542839172486399,medio
2293,21,14894.55,709.2642857142857,963.9,0.3333333333333333,10537.02,4357.530000000001,4.216666666666667,0.3333333333333333,4,5.673046331817355,alto
2294,17,185.1,10.888235294117647,21.45,0.29411764705882354,100.26,84.84,5.0188235294117645,0.35294117647058826,6,-1.2433402001013085,baixo
2295,22,14461.35,657.334090909091,997.35,0.3181818181818182,5419.77,9041.58,3.3640909090909092,0.2727272727272727,5,7.909609142250462,alto
2296,27,18243.7,675.6925925925926,992.45,0.37037037037037035,15344.24,2899.46,5.4003703703703705,0.14814814814814814,4,4.3036615072395925,alto
2297,18,3561.45,197.85833333333332,305.75,0.6666666666666666,4546.2300000000005,-984.78,4.074999999999999,0.4444444444444444,2,-1.2171794457967888,baixo
2298,19,4017.4,211.4421052631579,300.25,0.15789473684210525,696.49,3320.91,5.61,0.3684210526315789,6,2.448640896459321,alto
2299,19,841.5,44.28947368421053,67.35,0.47368421052631576,1292.41,-450.90999999999997,2.9342105263157894,0.2631578947368421,5,-2.1180566368461022,baixo
2300,24,904.4,37.68333333333333,69.55,0.4166666666666667,746.54,157.85999999999999,5.634166666666666,0.4166666666666667,6,1.1359198033889972,alto
2301,26,1012.9499999999999,38.95961538461538,65.35,0.2692307692307692,345.09000000000003,667.86,5.571923076923077,0.34615384615384615,7,1.6539319422128471,alto
2302,17,216.15,12.714705882352941,24.3,0.47058823529411764,106.86,109.29,3.11,0.23529411764705882,5,-2.7429425785923724,baixo
2303,18,3197.45,177.6361111111111,244.2,0.3888888888888889,2916.57,280.88000000000005,3.4183333333333334,0.3333333333333333,3,-1.2682012035834924,baixo
2304,17,234.7,13.805882352941175,22.35,0.47058823529411764,252.57,-17.870000000000005,4.705882352941177,0.47058823529411764,2,-1.9544472692482993,baixo
2305,10,394.8,39.480000000000004,67.3,0.5,498.76,-103.96000000000001,5.2700000000000005,0.4,2,-4.042439089869787,baixo
2306,10,426.75,42.675,68.95,0.1,73.26,353.49,3.7380000000000004,0.3,7,-2.4976484556396907,baixo
2307,16,1207.25,75.453125,122.75,0.3125,1294.1200000000001,-86.86999999999995,5.221875,0.4375,8,0.546653401667772,medio
2308,21,871.5500000000001,41.50238095238095,69.9,0.38095238095238093,1056.03,-184.48,4.084761904761905,0.2857142857142857,5,-1.3396346947066742,baixo
2309,20,769.5,38.475,67.05,0.5,1153.95,-384.45000000000005,5.089,0.4,4,-1.0773205112445285,medio
2310,17,268.2,15.776470588235293,24.8,0.47058823529411764,271.96999999999997,-3.769999999999998,4.03529411764706,0.17647058823529413,3,-4.205052982587127,baixo
2311,29,9536.4,328.8413793103448,494.7,0.3103448275862069,6177.79,3358.6099999999997,5.38448275862069,0.3448275862068966,10,7.061757490687947,alto
2312,23,284.95,12.389130434782608,23.95,0.17391304347826086,131.10000000000002,153.85,5.449565217391305,0.43478260869565216,13,3.9850696455421533,alto
2313,24,1067.25,44.46875,69.9,0.125,151.24,916.01,6.755416666666666,0.25,14,3.5715780686390337,alto
2314,14,1156.05,82.575,117.3,0.35714285714285715,751.1800000000001,404.87,6.524285714285715,0.5714285714285714,5,0.32278553091365225,medio
2315,24,1846.8,76.95,123.95,0.2916666666666667,1128.54,718.26,5.785416666666666,0.25,7,0.6077532647722423,medio
2316,19,1488.55,78.34473684210526,121.1,0.3684210526315789,1568.77,-80.22,5.049473684210526,0.15789473684210525,4,-3.097454858237389,baixo
2317,16,2629.45,164.340625,223.8,0.1875,1536.91,1092.54,6.04875,0.5625,6,2.057605175447129,alto
2318,19,2729.5,143.6578947368421,247.45,0.3684210526315789,3527.4700000000003,-797.97,5.381052631578947,0.42105263157894735,4,-0.6022762255219738,medio
2319,18,730.65,40.59166666666667,68.25,0.5,548.92,181.73,5.371666666666666,0.3888888888888889,2,-2.193157476985464,baixo
2320,21,4530.65,215.74523809523808,304.35,0.47619047619047616,4742.48,-211.82999999999998,3.5576190476190472,0.38095238095238093,3,-0.15623931656151585,medio
2321,12,59.05,4.920833333333333,10.0,0.25,36.849999999999994,22.2,4.315833333333333,0.3333333333333333,6,-2.6187140955757884,baixo
2322,29,10409.5,358.94827586206895,497.8,0.3793103448275862,13599.740000000002,-3190.24,4.468620689655173,0.3448275862068966,4,1.1473895824484475,alto
2323,21,3269.95,155.71190476190475,236.85,0.5714285714285714,5694.57,-2424.62,4.596190476190476,0.14285714285714285,3,-3.9410328081731696,baixo
2324,12,536.25,44.6875,67.0,0.5,375.55,160.7,3.5666666666666664,0.08333333333333333,2,-6.3378280447395205,baixo
2325,14,216.1,15.435714285714285,24.15,0.21428571428571427,193.85,22.24999999999999,4.78,0.07142857142857142,5,-4.953540221135588,baixo
2326,16,2925.2999999999997,182.83124999999998,318.15,0.1875,1724.5800000000002,1200.72,4.506875,0.375,6,0.5135549777329211,medio
2327,28,4999.6,178.55714285714288,296.65,0.35714285714285715,4556.44,443.1600000000002,4.867142857142857,0.32142857142857145,7,2.716397326267707,alto
2328,20,692.05,34.6025,65.75,0.2,211.14,480.90999999999997,4.086,0.15,10,-0.3072625946457541,medio
2329,18,1537.15,85.39722222222223,124.45,0.3333333333333333,606.9300000000001,930.22,3.4144444444444444,0.16666666666666666,6,-1.7744107883381954,baixo
2330,23,3752.85,163.16739130434783,227.0,0.391304347826087,2125.29,1627.56,4.638260869565217,0.30434782608695654,5,1.081277212136037,alto
2331,20,629.0,31.45,67.15,0.6,862.37,-233.37,5.01,0.5,3,-0.5637164803231913,medio
2332,16,570.25,35.640625,66.6,0.375,2300.3700000000003,-1730.12,7.1575,0.5,4,-1.7858948007826987,baixo
2333,15,2440.75,162.71666666666667,246.4,0.3333333333333333,3787.04,-1346.29,4.207333333333334,0.3333333333333333,3,-2.907664671316479,baixo
2334,14,625.3,44.66428571428571,69.55,0.21428571428571427,203.44,421.86,6.377142857142857,0.5,8,0.7330720975684197,medio
2335,22,1603.25,72.875,121.5,0.2727272727272727,1728.78,-125.52999999999997,5.410909090909091,0.3181818181818182,6,-0.12838855240190672,medio
2336,26,749.1999999999999,28.815384615384612,70.0,0.3076923076923077,988.75,-239.55000000000004,5.673846153846155,0.3076923076923077,6,0.3068918532125261,medio
2337,19,3346.7,176.14210526315787,241.6,0.21052631578947367,2068.23,1278.4699999999998,3.125263157894737,0.3157894736842105,6,0.6349098989260042,medio
2338,18,86.55,4.808333333333334,9.45,0.3333333333333333,49.34,37.21,2.9183333333333334,0.16666666666666666,4,-3.6848489839083083,baixo
2339,31,2453.65,79.15,120.0,0.2903225806451613,1507.3799999999999,946.27,4.85516129032258,0.2903225806451613,9,3.564841929868143,alto
2340,25,873.9,34.955999999999996,68.5,0.24,614.02,259.88,5.3412,0.28,8,1.0159031603286275,alto
2341,27,5679.15,210.33888888888887,309.05,0.4444444444444444,5320.19,358.96000000000015,5.013703703703704,0.37037037037037035,4,1.7967896079900592,alto
2342,20,301.55,15.0775,24.2,0.4,390.0,-88.44999999999999,4.464,0.45,4,-0.6201999491665162,medio
2343,13,368.8,28.36923076923077,56.95,0.38461538461538464,516.5699999999999,-147.76999999999998,4.252307692307692,0.5384615384615384,3,-1.7530546182990245,baixo
2344,18,3054.1,169.67222222222222,248.0,0.5555555555555556,3859.2,-805.0999999999999,4.5183333333333335,0.4444444444444444,3,-0.8755389859631346,medio
2345,17,1430.6499999999999,84.15588235294116,123.1,0.35294117647058826,1696.73,-266.08000000000004,4.799411764705883,0.23529411764705882,6,-2.0098230516388407,baixo
2346,18,211.7,11.761111111111111,22.75,0.2777777777777778,80.28,131.42,4.663333333333333,0.4444444444444444,6,-0.14479708124196322,medio
2347,11,129.35,11.759090909090908,22.7,0.7272727272727273,220.39,-91.04,2.82,0.09090909090909091,2,-6.8526299685925505,baixo
2348,17,87.6,5.152941176470588,9.7,0.5294117647058824,173.34,-85.74000000000001,4.601764705882353,0.35294117647058826,5,-1.8138515112067164,baixo
2349,20,6926.85,346.34250000000003,495.85,0.4,8043.26,-1116.4100000000003,5.727,0.3,4,-0.2672336654902961,medio
2350,19,3094.1,162.84736842105264,248.3,0.3684210526315789,1679.9,1414.2,4.653684210526316,0.47368421052631576,5,1.6310047996540857,alto
2351,21,80.25,3.8214285714285716,8.0,0.5714285714285714,93.53,-13.279999999999994,2.8533333333333335,0.42857142857142855,3,-1.0717284936943838,medio
2352,22,15551.45,706.8840909090909,997.0,0.36363636363636365,21662.43,-6110.9800000000005,4.276818181818182,0.4090909090909091,4,1.0169758470626329,alto
2353,15,1153.75,76.91666666666667,124.95,0.3333333333333333,626.78,526.97,5.100666666666667,0.13333333333333333,4,-3.9072931315893165,baixo
2354,18,11199.45,622.1916666666667,985.25,0.5555555555555556,21371.219999999998,-10171.77,4.634444444444444,0.2777777777777778,2,-4.7118482778031785,baixo
2355,12,1615.45,134.62083333333334,222.5,0.5,1692.28,-76.82999999999998,4.635833333333333,0.3333333333333333,3,-3.0988343230727704,baixo
2356,17,12542.45,737.7911764705883,980.7,0.47058823529411764,23208.22,-10665.77,4.825294117647059,0.35294117647058826,3,-3.268485192925174,baixo
2357,18,90.35,5.019444444444444,9.6,0.3888888888888889,160.2,-69.85000000000001,4.957222222222223,0.16666666666666666,2,-4.6210040150705165,baixo
2358,26,17958.55,690.7134615384615,989.75,0.38461538461538464,10841.06,7117.49,4.437307692307693,0.38461538461538464,5,9.045101041105177,alto
2359,21,1763.9,83.9952380952381,125.0,0.14285714285714285,280.42,1483.48,6.190476190476191,0.3333333333333333,13,3.8013589035294033,alto
2360,20,610.2,30.51,60.35,0.3,198.65,411.55,4.3285,0.25,4,-2.09239427445506,baixo
2361,26,18039.65,693.8326923076924,953.15,0.34615384615384615,34605.46000000001,-16565.809999999998,5.2215384615384615,0.34615384615384615,7,-2.991046586517486,baixo
2362,18,1513.95,84.10833333333333,124.8,0.5555555555555556,2369.67,-855.72,5.82,0.3888888888888889,2,-2.4445748073418647,baixo
2363,21,127.95,6.092857142857143,9.9,0.5238095238095238,177.29999999999998,-49.35,5.251428571428572,0.38095238095238093,4,-1.0739734921294597,medio
2364,12,967.25,80.60416666666667,117.25,0.3333333333333333,541.75,425.5,4.1225,0.5,4,-1.2269016042742371,baixo
2365,13,4606.0,354.3076923076923,496.45,0.46153846153846156,7210.639999999999,-2604.6400000000003,5.417692307692307,0.38461538461538464,3,-2.231477943976921,baixo
2366,28,9663.25,345.11607142857144,490.35,0.25,5379.58,4283.67,5.363928571428572,0.4642857142857143,8,7.662153009345442,alto
2367,23,7321.15,318.3108695652174,478.95,0.34782608695652173,5658.49,1662.66,4.454782608695653,0.5217391304347826,5,4.173357196346112,alto
2368,25,1099.7,43.988,67.45,0.4,1036.49,63.20999999999998,4.4584,0.36,4,-0.050142983147812625,medio
2369,19,272.4,14.336842105263157,23.95,0.47368421052631576,354.69,-82.29,4.220000000000001,0.5789473684210527,3,-0.09741346718953592,medio
2370,21,7390.55,351.93095238095236,497.2,0.23809523809523808,3270.08,4120.47,5.37047619047619,0.2857142857142857,8,4.4075520509441315,alto
2371,19,836.7,44.03684210526316,69.45,0.2631578947368421,687.8,148.9,5.118421052631579,0.3684210526315789,6,-0.3901123444219561,medio
2372,15,599.05,39.93666666666666,69.85,0.4666666666666667,492.83,106.22000000000001,2.5633333333333335,0.3333333333333333,3,-2.9818075358430813,baixo
2373,24,290.9,12.120833333333332,24.35,0.3333333333333333,179.69,111.21,4.247916666666667,0.3333333333333333,7,0.6069690607426462,medio
2374,23,3884.75,168.90217391304347,249.6,0.391304347826087,3869.51,15.240000000000038,3.6743478260869566,0.34782608695652173,8,1.9861066972669543,alto
2375,17,81.65,4.802941176470589,8.75,0.29411764705882354,51.6,30.050000000000004,4.092352941176471,0.23529411764705882,9,-1.0781044683346637,medio
2376,27,418.65,15.505555555555555,24.95,0.2962962962962963,143.63,275.02,3.2944444444444447,0.2962962962962963,7,1.047915778155401,alto
2377,30,1241.65,41.388333333333335,69.85,0.4,1102.15,139.5,4.007666666666667,0.36666666666666664,5,1.5944925606360143,alto
2378,30,4698.9,156.63,246.35,0.43333333333333335,7728.91,-3030.0100000000007,5.599,0.36666666666666664,8,2.025488360313143,alto
2379,14,2421.85,172.9892857142857,247.35,0.42857142857142855,3481.69,-1059.8399999999997,3.4864285714285717,0.21428571428571427,6,-2.685366546403432,baixo
2380,18,6553.5,364.0833333333333,493.15,0.2777777777777778,2495.25,4058.25,4.428333333333334,0.3888888888888889,7,4.297115333938406,alto
2381,17,3752.6,220.74117647058824,319.0,0.35294117647058826,3030.3599999999997,722.2400000000002,5.211176470588235,0.47058823529411764,3,0.30486780222345966,medio
2382,21,4585.3,218.34761904761905,319.05,0.2857142857142857,4122.43,462.87,5.4523809523809526,0.19047619047619047,4,-1.0958237641912985,medio
2383,21,700.65,33.364285714285714,69.45,0.38095238095238093,532.61,168.04000000000002,3.412380952380952,0.19047619047619047,4,-2.526943572031872,baixo
2384,23,308.9,13.430434782608694,24.5,0.4782608695652174,618.47,-309.57,5.187391304347826,0.34782608695652173,4,-1.019068516058002,medio
2385,17,245.15,14.420588235294119,23.9,0.6470588235294118,298.91,-53.76,2.9458823529411764,0.4117647058823529,4,-1.630964003922697,baixo
2386,21,105.15,5.007142857142857,9.8,0.23809523809523808,39.36,65.79,7.334761904761905,0.47619047619047616,6,0.7386323085864919,medio
2387,20,663.2,33.160000000000004,63.65,0.35,617.81,45.39000000000001,5.112,0.3,6,-0.9269182793983786,medio
2388,25,369.3,14.772,24.8,0.4,553.69,-184.39,5.0804,0.32,5,-0.3114629038880994,medio
2389,21,759.1999999999999,36.15238095238095,64.8,0.3333333333333333,906.8499999999999,-147.64999999999998,4.422857142857143,0.19047619047619047,4,-2.675471047919472,baixo
2390,19,4093.45,215.44473684210524,297.25,0.47368421052631576,3921.64,171.81000000000006,4.895263157894736,0.42105263157894735,2,-0.4731405326472655,medio
2391,19,6450.65,339.5078947368421,492.45,0.2631578947368421,4451.58,1999.0699999999997,5.713684210526316,0.3157894736842105,6,2.143318327114563,alto
2392,19,245.45,12.918421052631578,23.95,0.3684210526315789,418.98,-173.53,5.843684210526316,0.47368421052631576,6,0.19479923907124475,medio
2393,17,3323.9,195.5235294117647,318.3,0.47058823529411764,2054.35,1269.55,3.2305882352941175,0.23529411764705882,4,-1.3073355855872022,baixo
2394,19,13661.95,719.0500000000001,986.65,0.42105263157894735,12856.49,805.4599999999998,5.222631578947369,0.6842105263157895,6,7.521202242205131,alto
2395,16,11206.65,700.415625,951.3,0.5625,13635.77,-2429.12,6.775,0.5,3,1.982395839201536,alto
2396,21,97.55,4.645238095238095,9.6,0.14285714285714285,9.78,87.77,6.154761904761905,0.47619047619047616,10,2.5092676683523427,alto
2397,24,14550.2,606.2583333333333,959.7,0.2916666666666667,9524.68,5025.52,5.357500000000001,0.5,4,7.527224334798378,alto
2398,18,3475.75,193.09722222222223,248.75,0.4444444444444444,2059.27,1416.48,2.8761111111111113,0.3888888888888889,3,-0.04602482845073741,medio
2399,22,7084.5,322.02272727272725,498.45,0.3181818181818182,4333.139999999999,2751.36,4.266818181818182,0.4090909090909091,8,4.835724127166993,alto
2400,26,8867.7,341.06538461538463,478.25,0.2692307692307692,4180.42,4687.28,5.4399999999999995,0.4230769230769231,8,7.0206430819772905,alto
2401,22,3458.3,157.19545454545457,249.4,0.4090909090909091,2561.12,897.1800000000001,3.311363636363636,0.3181818181818182,4,0.11522255097423922,medio
2402,24,965.8,40.24166666666667,66.6,0.20833333333333334,1111.5,-145.70000000000002,4.52875,0.2916666666666667,8,0.7203638727163104,medio
2403,30,839.35,27.978333333333335,62.35,0.4,689.74,149.60999999999999,3.7820000000000005,0.3,4,0.45238355655760126,medio
2404,22,3657.0,166.22727272727272,244.5,0.3181818181818182,1613.83,2043.17,4.138181818181819,0.2727272727272727,9,2.569030061188824,alto
2405,21,770.9,36.70952380952381,67.5,0.38095238095238093,782.15,-11.250000000000028,5.0219047619047625,0.3333333333333333,4,-1.281883814734183,baixo
2406,15,449.15,29.94333333333333,62.9,0.3333333333333333,480.5,-31.350000000000016,5.166666666666667,0.4,4,-2.0686625399184804,baixo
2407,12,1770.75,147.5625,201.05,0.3333333333333333,1484.8899999999999,285.86000000000007,3.733333333333334,0.25,6,-2.264284787971162,baixo
2408,27,2288.85,84.77222222222223,122.3,0.4074074074074074,2132.85,156.00000000000003,3.9870370370370374,0.37037037037037035,3,0.38347975528240913,medio
2409,24,3854.5,160.60416666666666,235.3,0.3333333333333333,2104.5,1750.0,5.935416666666668,0.25,8,2.17265936750458,alto
2410,14,2048.25,146.30357142857142,208.9,0.2857142857142857,798.4,1249.85,4.373571428571429,0.2857142857142857,4,-1.8640949835722085,baixo
2411,13,4217.15,324.3961538461538,465.1,0.3076923076923077,2398.6800000000003,1818.47,4.256153846153846,0.6153846153846154,4,2.480853810760272,alto
2412,20,1744.15,87.20750000000001,123.5,0.35,1442.19,301.9599999999999,5.6,0.5,8,2.3066830561611154,alto
2413,14,4907.8,350.5571428571429,476.5,0.42857142857142855,4177.57,730.2299999999999,5.245,0.21428571428571427,3,-1.8319542521321113,baixo
2414,29,2415.55,83.2948275862069,124.8,0.3793103448275862,1591.2599999999998,824.29,4.270344827586207,0.27586206896551724,4,0.7453642120536575,medio
2415,21,13978.4,665.6380952380953,945.55,0.14285714285714285,2306.7799999999997,11671.619999999999,4.082380952380952,0.2857142857142857,11,11.902139200800475,alto
2416,16,670.7,41.91875,64.95,0.25,185.91,484.79,7.36,0.5625,3,-0.4298414195944975,medio
2417,26,1016.3000000000001,39.088461538461544,67.4,0.34615384615384615,855.56,160.74000000000004,4.337307692307692,0.4230769230769231,5,1.2139470622352735,alto
2418,21,281.3,13.395238095238096,24.95,0.42857142857142855,141.29000000000002,140.01,3.7695238095238093,0.19047619047619047,6,-1.7986911771561087,baixo
2419,31,2620.2,84.52258064516128,122.85,0.2903225806451613,1601.71,1018.49,4.566451612903226,0.3225806451612903,6,2.61659151645287,alto
2420,25,2195.2,87.80799999999999,125.0,0.4,2291.04,-95.84000000000007,5.1012,0.4,6,1.4168142095038188,alto
2421,13,2770.8,213.13846153846154,292.3,0.6923076923076923,5528.88,-2758.08,3.9853846153846155,0.3076923076923077,1,-4.875636522610332,baixo
2422,31,1313.3,42.36451612903225,68.0,0.3548387096774194,1305.56,7.740000000000023,4.389354838709677,0.3548387096774194,4,1.2058176023809857,alto
2423,21,1614.2,76.86666666666667,118.7,0.38095238095238093,1555.71,58.489999999999995,3.0333333333333337,0.38095238095238093,4,-0.529069111107171,medio
2424,16,198.95,12.434375,24.45,0.375,121.33000000000001,77.61999999999999,3.25875,0.0625,4,-5.019420419851022,baixo
2425,21,3744.55,178.31190476190477,299.0,0.38095238095238093,2221.63,1522.92,4.019047619047619,0.23809523809523808,4,-0.36932418827434554,medio
2426,15,1309.75,87.31666666666666,123.95,0.3333333333333333,816.14,493.61,5.4719999999999995,0.5333333333333333,3,-0.605358900663947,medio
2427,19,1628.85,85.72894736842105,123.7,0.3157894736842105,1873.4299999999998,-244.58000000000004,5.739473684210526,0.47368421052631576,5,0.21832322462565146,medio
2428,30,396.75,13.225,23.1,0.3,183.35,213.4,5.140333333333333,0.3333333333333333,7,2.013083937625579,alto
2429,14,74.5,5.321428571428571,9.55,0.21428571428571427,34.11,40.39,4.9192857142857145,0.5714285714285714,7,0.4776017796356502,medio
2430,19,730.45,38.444736842105264,69.9,0.3157894736842105,334.35,396.1,4.012105263157895,0.3684210526315789,8,0.5834305869188963,medio
2431,24,957.05,39.87708333333333,69.6,0.3333333333333333,351.45,605.6,3.44,0.4166666666666667,3,0.0678452987204291,medio
2432,22,1859.2,84.50909090909092,124.65,0.5454545454545454,3848.11,-1988.9099999999999,4.744090909090909,0.4090909090909091,3,-1.5211303770673803,baixo
2433,21,97.5,4.642857142857143,9.2,0.2857142857142857,97.7,-0.1999999999999993,3.567619047619048,0.42857142857142855,4,-0.6187568074274127,medio
2434,25,17416.15,696.6460000000001,987.4,0.52,21854.38,-4438.2300000000005,3.6195999999999997,0.36,4,2.054667743085768,alto
2435,25,4690.7,187.628,291.2,0.4,3664.42,1026.28,3.2372,0.4,6,2.7007562817428985,alto
2436,21,730.05,34.76428571428571,68.9,0.23809523809523808,1051.26,-321.21000000000004,4.54,0.38095238095238093,7,0.3002015140306277,medio
2437,26,2205.05,84.8096153846154,123.0,0.34615384615384615,1632.1,572.9499999999999,5.1753846153846155,0.46153846153846156,5,2.102620563818618,alto
2438,21,875.2,41.67619047619048,68.25,0.5238095238095238,626.5899999999999,248.61,3.68,0.42857142857142855,2,-1.112134926890021,medio
2439,17,1526.2,89.7764705882353,123.9,0.35294117647058826,1469.23,56.97000000000003,5.056470588235294,0.4117647058823529,4,-1.0529552784667553,medio
2440,31,6488.45,209.30483870967743,320.0,0.25806451612903225,3553.56,2934.89,5.352258064516128,0.2903225806451613,9,5.518179656227067,alto
2441,20,746.2,37.31,68.45,0.3,361.43,384.77,4.4510000000000005,0.3,4,-1.598727641202658,baixo
2442,24,3441.25,143.38541666666666,242.3,0.20833333333333334,954.47,2486.7799999999997,3.6425,0.2916666666666667,7,2.3893465206757996,alto
2443,23,981.55,42.676086956521736,64.95,0.30434782608695654,788.94,192.60999999999999,4.691304347826087,0.34782608695652173,4,-0.5507520899956578,medio
2444,25,1747.75,69.91,123.3,0.44,1933.3300000000002,-185.58000000000007,4.6596,0.36,3,-0.4441027378605283,medio
2445,26,9244.75,355.5673076923077,499.9,0.4230769230769231,10441.21,-1196.4600000000003,4.715,0.23076923076923078,5,0.8999901726939197,alto
2446,17,592.0,34.8235294117647,58.2,0.4117647058823529,935.7900000000001,-343.79,3.576470588235294,0.23529411764705882,4,-3.2717196737926644,baixo
2447,18,3344.45,185.80277777777778,309.8,0.4444444444444444,4033.8,-689.3499999999999,6.989444444444445,0.6666666666666666,4,1.7865532265430413,alto
2448,16,11353.95,709.621875,985.8,0.25,7538.5199999999995,3815.43,4.49125,0.5625,7,7.701515050580676,alto
2449,18,2892.15,160.675,245.75,0.3888888888888889,1614.15,1278.0,5.761111111111111,0.4444444444444444,5,1.0500176738674667,alto
2450,25,4297.0,171.88,241.4,0.24,5398.28,-1101.28,4.9944,0.48,11,4.401302676718792,alto
2451,20,317.8,15.89,24.05,0.25,100.75,217.05,5.0840000000000005,0.2,5,-2.317148613965644,baixo
2452,19,112.1,5.8999999999999995,9.8,0.10526315789473684,27.990000000000002,84.11,4.825263157894737,0.3157894736842105,16,3.231027145827423,alto
2453,24,860.55,35.856249999999996,67.9,0.4583333333333333,666.55,194.0,3.53375,0.4166666666666667,5,0.7021717226586375,medio
2454,15,1380.9,92.06,124.05,0.26666666666666666,1031.8899999999999,349.01,3.591333333333333,0.26666666666666666,8,-0.9066104465815559,medio
2455,29,4549.9,156.89310344827584,249.45,0.3448275862068966,8396.25,-3846.35,6.964827586206896,0.41379310344827586,6,0.9233420756792404,alto
2456,26,1962.05,75.46346153846153,124.35,0.34615384615384615,1225.76,736.29,5.8015384615384615,0.4230769230769231,8,3.0914534910796663,alto
2457,23,1709.1,74.30869565217391,121.7,0.5217391304347826,1236.17,472.92999999999995,3.5643478260869568,0.4782608695652174,4,1.0188574057702742,alto
2458,19,1583.6499999999999,83.35,113.85,0.3684210526315789,2653.92,-1070.27,6.2163157894736845,0.5789473684210527,5,0.7338406872050092,medio
2459,22,3636.2,165.28181818181818,247.25,0.3181818181818182,2226.69,1409.51,4.551818181818182,0.2727272727272727,6,0.904744397584975,alto
2460,21,105.1,5.004761904761905,8.8,0.3333333333333333,165.44,-60.339999999999996,4.522380952380952,0.42857142857142855,4,-0.6482177664194141,medio
2461,18,3139.15,174.39722222222224,245.25,0.3888888888888889,5343.73,-2204.58,5.955555555555556,0.3333333333333333,5,-1.7303971324617688,baixo
2462,26,1027.6,39.52307692307692,64.85,0.38461538461538464,697.94,329.65999999999997,3.3861538461538463,0.34615384615384615,7,1.478117260722982,alto
2463,27,145.55,5.390740740740741,10.0,0.2962962962962963,65.52,80.03,4.725925925925925,0.25925925925925924,5,-0.3476168878651363,medio
2464,32,5554.9,173.590625,248.4,0.46875,5549.42,5.480000000000075,4.668125,0.4375,6,3.9756899798408445,alto
2465,22,8002.2,363.73636363636365,471.15,0.36363636363636365,11134.37,-3132.170000000001,5.818636363636363,0.36363636363636365,4,-0.18357924830150865,medio
2466,18,1483.7,82.42777777777778,123.3,0.3333333333333333,1998.07,-514.3700000000001,4.313888888888889,0.5,5,0.07085192620157699,medio
2467,25,4622.6,184.90400000000002,306.1,0.44,5378.28,-755.68,4.656000000000001,0.48,6,2.4728492506858837,alto
2468,18,1558.65,86.59166666666667,123.35,0.4444444444444444,1076.69,481.96,3.5533333333333332,0.2222222222222222,4,-2.3728081486325285,baixo
2469,13,4739.65,364.5884615384615,485.6,0.3076923076923077,3532.2,1207.4499999999998,5.318461538461539,0.15384615384615385,4,-1.8227022698498772,baixo
2470,14,54.35,3.882142857142857,7.45,0.21428571428571427,13.3,41.050000000000004,6.150714285714286,0.2857142857142857,6,-2.606876087313233,baixo
2471,19,311.05,16.371052631578948,24.65,0.42105263157894735,273.52,37.52999999999999,5.253157894736842,0.21052631578947367,3,-3.4169169660880696,baixo
2472,14,2479.75,177.125,314.15,0.5,4921.860000000001,-2442.11,4.3185714285714285,0.35714285714285715,3,-3.395130870399583,baixo
2473,22,879.7,39.98636363636364,69.15,0.4090909090909091,1063.4,-183.69999999999996,5.445909090909091,0.2727272727272727,5,-1.2453822089212396,baixo
2474,24,8798.35,366.59791666666666,494.7,0.4583333333333333,5996.45,2801.9,4.770416666666667,0.375,3,3.1015922625166734,alto
2475,20,1715.85,85.79249999999999,120.4,0.45,2182.6,-466.74999999999994,4.757,0.3,4,-1.717141518769081,baixo
2476,13,4057.85,312.14230769230767,454.75,0.46153846153846156,7657.61,-3599.7599999999998,4.5284615384615385,0.38461538461538464,3,-3.0507217124250796,baixo
2477,14,2033.2,145.22857142857143,215.3,0.5,1737.94,295.26,4.673571428571429,0.5,3,-0.843156333736844,medio
2478,18,1530.35,85.01944444444445,120.4,0.2222222222222222,840.13,690.22,7.187777777777778,0.6111111111111112,5,1.7532928051655852,alto
2479,25,5085.15,203.40599999999998,311.1,0.16,2104.05,2981.1,4.23,0.24,9,3.693860309419966,alto
2480,17,2302.65,135.45000000000002,216.75,0.23529411764705882,2328.17,-25.519999999999982,6.210588235294118,0.47058823529411764,4,-0.23970380204557595,medio
2481,21,666.3,31.728571428571428,65.4,0.3333333333333333,737.82,-71.51999999999998,5.261904761904762,0.19047619047619047,5,-2.2251365911867875,baixo
2482,16,600.55,37.534375,68.45,0.3125,261.94,338.61,4.634375,0.5,4,-0.6736636362974413,medio
2483,21,4257.65,202.74523809523808,299.9,0.3333333333333333,2421.4,1836.25,3.879047619047619,0.5238095238095238,4,2.600044835935559,alto
2484,20,3981.6,199.07999999999998,300.5,0.3,3417.42,564.1800000000001,4.6015,0.4,6,1.4139519223589556,alto
2485,28,4503.1,160.82500000000002,248.5,0.42857142857142855,7543.59,-3040.49,5.079642857142857,0.32142857142857145,5,-0.13747283910809321,medio
2486,16,198.95,12.434375,24.2,0.25,47.75,151.20000000000002,4.866875,0.3125,7,-1.3540062672545117,baixo
2487,18,12114.3,673.0166666666667,970.1,0.2777777777777778,9152.37,2961.9300000000007,4.765555555555555,0.4444444444444444,4,5.034227496118107,alto
2488,18,1585.5,88.08333333333333,118.05,0.3888888888888889,1436.63,148.86999999999998,3.611666666666667,0.3888888888888889,7,0.31839557987903006,medio
2489,17,228.29999999999998,13.42941176470588,24.15,0.47058823529411764,172.85999999999999,55.44,2.728823529411765,0.35294117647058826,4,-2.122178641220315,baixo
2490,24,5022.0,209.25,317.05,0.4166666666666667,3300.25,1721.75,3.78125,0.375,4,1.8839665968858652,alto
2491,24,5891.2,245.46666666666667,320.0,0.2916666666666667,7450.99,-1559.7900000000002,4.491666666666666,0.3333333333333333,5,0.4460538503770123,medio
2492,13,55.65,4.280769230769231,9.15,0.38461538461538464,74.39,-18.74,3.9061538461538463,0.5384615384615384,4,-1.4100948652121343,baixo
2493,14,2780.3,198.59285714285716,244.85,0.5714285714285714,5646.21,-2865.91,4.3757142857142854,0.07142857142857142,3,-6.1069539357977085,baixo
2494,19,245.8,12.936842105263159,24.15,0.2631578947368421,114.09,131.70999999999998,4.54421052631579,0.2631578947368421,9,-0.26304958934701705,medio
2495,23,977.05,42.4804347826087,68.75,0.391304347826087,888.88,88.17,4.370869565217391,0.2608695652173913,6,-0.528686951391961,medio
2496,19,864.8,45.51578947368421,66.75,0.3684210526315789,586.3199999999999,278.48,3.878947368421053,0.2631578947368421,3,-2.602784033517275,baixo
2497,25,919.35,36.774,67.45,0.4,671.62,247.73000000000002,3.9004000000000003,0.36,3,-0.442165786080647,medio
2498,24,781.65,32.56875,67.6,0.5416666666666666,1143.6100000000001,-361.96000000000004,3.21625,0.4583333333333333,3,-0.11239751328566161,medio
2499,19,1510.3,79.48947368421052,122.9,0.47368421052631576,1703.69,-193.39,4.991052631578947,0.2631578947368421,3,-2.6194378392916464,baixo
2500,26,130.9,5.0346153846153845,9.35,0.46153846153846156,134.38,-3.4799999999999973,3.969615384615385,0.2692307692307692,6,-0.08616811366016675,medio
2501,21,3597.15,171.29285714285714,241.95,0.5714285714285714,3038.83,558.3199999999999,3.404285714285714,0.14285714285714285,2,-2.689114698244406,baixo
2502,19,2897.15,152.48157894736843,237.5,0.2631578947368421,1345.4,1551.75,5.446315789473684,0.3684210526315789,9,2.423499561267201,alto
2503,22,106.3,4.831818181818182,9.9,0.45454545454545453,81.06,25.240000000000002,3.5295454545454548,0.2727272727272727,3,-2.25729244086874,baixo
2504,23,121.7,5.291304347826087,9.9,0.34782608695652173,113.56,8.140000000000002,5.312608695652174,0.30434782608695654,4,-1.3072441732461937,baixo
2505,23,3544.25,154.09782608695653,244.15,0.30434782608695654,4425.79,-881.5400000000002,5.015652173913043,0.6086956521739131,4,2.05163017917336,alto
2506,23,1696.25,73.75,121.25,0.2608695652173913,972.07,724.18,4.13304347826087,0.43478260869565216,11,3.830133377991569,alto
2507,20,7268.65,363.4325,479.95,0.15,3879.47,3389.1800000000003,6.2885,0.4,7,4.487657499567868,alto
2508,23,15946.85,693.341304347826,971.55,0.30434782608695654,7802.25,8144.599999999999,4.607826086956522,0.391304347826087,6,9.438878650039314,alto
2509,19,7037.15,370.37631578947367,480.7,0.42105263157894735,6074.88,962.2700000000001,3.096315789473684,0.10526315789473684,5,-0.5765051846243676,medio
2510,24,5007.05,208.62708333333333,312.85,0.5,4117.55,889.5,3.9866666666666664,0.4166666666666667,3,1.3813159567616862,alto
2511,19,256.1,13.478947368421053,24.6,0.3684210526315789,149.19,106.91,3.4973684210526317,0.2631578947368421,4,-2.474304306615086,baixo
2512,19,213.75,11.25,24.3,0.15789473684210525,128.09,85.66000000000001,6.582105263157895,0.21052631578947367,6,-2.1055385447918256,baixo
2513,23,761.6,33.11304347826087,63.5,0.391304347826087,603.06,158.54,5.020434782608696,0.391304347826087,6,0.6468943532650471,medio
2514,22,7892.15,358.73409090909087,467.15,0.3181818181818182,4488.87,3403.28,4.026363636363636,0.36363636363636365,5,3.6948178350188066,alto
2515,15,4948.6,329.9066666666667,487.15,0.7333333333333333,6247.86,-1299.26,2.880666666666667,0.4666666666666667,2,-0.9417045198527496,medio
2516,19,118.45,6.234210526315789,9.75,0.3684210526315789,45.05,73.39999999999999,4.062631578947368,0.3157894736842105,6,-1.1759859830275885,medio
2517,24,815.05,33.96041666666667,63.9,0.25,174.16,640.89,7.40375,0.375,9,2.30380227192911,alto
2518,11,2178.25,198.02272727272728,313.9,0.2727272727272727,1047.07,1131.18,4.525454545454545,0.5454545454545454,5,0.592480204724966,medio
2519,17,10874.95,639.7029411764706,985.95,0.4117647058823529,9971.27,903.68,4.923529411764706,0.47058823529411764,6,4.608852486762971,alto
2520,24,953.65,39.735416666666666,69.2,0.4166666666666667,1780.78,-827.1299999999999,4.827083333333333,0.4166666666666667,5,0.1863379771402005,medio
2521,15,2499.4,166.62666666666667,246.1,0.13333333333333333,418.81,2080.59,4.692666666666667,0.4666666666666667,9,2.8117189360566917,alto
2522,14,481.35,34.38214285714286,62.2,0.2857142857142857,177.69,303.65999999999997,2.7521428571428572,0.35714285714285715,5,-2.038934088546342,baixo
2523,22,3795.9,172.54090909090908,246.4,0.45454545454545453,3445.9900000000002,349.90999999999985,5.302727272727273,0.13636363636363635,4,-1.7463671221355024,baixo
2524,21,292.45,13.926190476190476,24.55,0.47619047619047616,368.47999999999996,-76.03,6.003809523809524,0.3333333333333333,5,-1.0329098026297667,medio
2525,26,5460.75,210.02884615384616,314.05,0.3076923076923077,6194.52,-733.77,4.9557692307692305,0.4230769230769231,9,3.6778309367984194,alto
2526,24,1789.6,74.56666666666666,116.95,0.2916666666666667,1248.0700000000002,541.53,4.662083333333333,0.375,6,1.2096836061182072,alto
2527,19,6057.05,318.7921052631579,497.75,0.3684210526315789,5940.4800000000005,116.57000000000016,5.586842105263158,0.3684210526315789,6,1.4856721603146976,alto
2528,19,6151.6,323.7684210526316,474.75,0.47368421052631576,4350.26,1801.34,5.175789473684211,0.47368421052631576,3,2.0646666567970025,alto
2529,19,1370.65,72.13947368421053,122.2,0.3684210526315789,1746.6799999999998,-376.03,4.516315789473684,0.47368421052631576,4,-0.38550943963806894,medio
2530,25,4280.95,171.238,248.65,0.24,1211.53,3069.42,4.324,0.36,8,4.185310388551872,alto
2531,20,1688.65,84.4325,123.75,0.35,972.92,715.73,4.7805,0.45,7,1.606005121964683,alto
2532,27,2283.75,84.58333333333333,124.2,0.4444444444444444,2217.79,65.95999999999995,3.917037037037037,0.14814814814814814,3,-1.714757171459783,baixo
2533,22,100.0,4.545454545454546,10.0,0.45454545454545453,85.28,14.72,3.517272727272727,0.3181818181818182,4,-1.4053595505176186,baixo
2534,23,134.35,5.841304347826087,9.7,0.30434782608695654,103.04,31.310000000000002,3.6165217391304343,0.391304347826087,6,0.39140066154543707,medio
2535,24,343.05,14.293750000000001,24.1,0.5,389.11,-46.06,3.7358333333333333,0.4166666666666667,4,-0.014300200195428547,medio
2536,21,3607.15,171.76904761904763,245.7,0.38095238095238093,2295.66,1311.49,4.303809523809524,0.5238095238095238,11,5.190345746131808,alto
2537,19,1446.45,76.12894736842105,124.7,0.42105263157894735,1177.6299999999999,268.82000000000005,6.061578947368421,0.47368421052631576,7,1.3056940069069745,alto
2538,21,320.4,15.257142857142856,24.8,0.38095238095238093,300.27,20.13,5.677142857142857,0.3333333333333333,5,-0.9726470775413532,medio
2539,13,455.9,35.06923076923077,66.8,0.5384615384615384,1002.0500000000001,-546.1500000000001,4.319230769230769,0.23076923076923078,2,-5.196136496238572,baixo
2540,24,305.3,12.720833333333333,22.25,0.25,200.98000000000002,104.32,5.12,0.3333333333333333,8,1.047804471474218,alto
2541,20,3434.7,171.73499999999999,246.35,0.35,1599.33,1835.3700000000001,3.6189999999999998,0.2,4,-0.8239301636286412,medio
2542,18,3148.15,174.89722222222224,247.1,0.5555555555555556,4676.38,-1528.2299999999998,5.401666666666667,0.6666666666666666,5,1.7060560957718027,alto
2543,21,4758.2,226.58095238095237,315.45,0.2857142857142857,3025.9100000000003,1732.29,4.604761904761905,0.2857142857142857,7,1.8346560788785506,alto
2544,21,4210.0,200.47619047619048,310.8,0.2857142857142857,2053.89,2156.11,4.885238095238096,0.38095238095238093,7,2.7581766167734667,alto
2545,22,4224.8,192.03636363636363,309.05,0.2727272727272727,2920.15,1304.65,4.502727272727273,0.45454545454545453,5,2.2695270361677267,alto
2546,15,2608.15,173.87666666666667,246.05,0.4666666666666667,2230.48,377.67,4.207333333333334,0.2,3,-3.1442366521255494,baixo
2547,22,3828.6,174.02727272727273,243.75,0.2727272727272727,3797.7400000000002,30.86000000000007,4.404545454545454,0.5,5,1.8877776763794103,alto
2548,14,4578.65,327.0464285714285,498.95,0.42857142857142855,3679.8599999999997,898.7900000000001,4.951428571428572,0.35714285714285715,4,-0.14673550915370448,medio
2549,23,1027.65,44.6804347826087,68.9,0.2608695652173913,940.2,87.44999999999999,6.496956521739131,0.5217391304347826,6,1.8915462680712387,alto
2550,19,691.0,36.36842105263158,64.2,0.2631578947368421,1896.3799999999999,-1205.3799999999999,8.208947368421052,0.5263157894736842,8,1.1741422842705491,alto
2551,22,893.2,40.6,68.4,0.22727272727272727,481.98,411.21999999999997,3.772272727272727,0.2727272727272727,7,-0.04432899390085643,medio
2552,18,631.7,35.09444444444445,68.9,0.6111111111111112,833.29,-201.59,5.176666666666667,0.16666666666666666,4,-3.6030710935352843,baixo
2553,18,760.8,42.266666666666666,68.75,0.3888888888888889,1152.13,-391.33,5.550000000000001,0.5555555555555556,6,0.8121679535727098,alto
2554,23,1712.45,74.45434782608696,113.5,0.391304347826087,1395.26,317.19000000000005,5.546521739130435,0.4782608695652174,5,1.3774736529999596,alto
2555,12,2472.25,206.02083333333334,307.55,0.3333333333333333,1081.58,1390.67,6.238333333333333,0.4166666666666667,3,-1.058773499954564,medio
2556,19,1536.95,80.8921052631579,120.8,0.3684210526315789,1609.01,-72.06000000000006,5.053157894736842,0.3684210526315789,4,-1.134321470716201,medio
2557,20,772.85,38.6425,62.3,0.4,437.4,335.45,4.963,0.45,5,0.20774866669128755,medio
2558,18,12411.75,689.5416666666666,980.55,0.16666666666666666,2622.63,9789.12,4.713888888888889,0.16666666666666666,7,7.535307645336546,alto
2559,22,3656.55,166.2068181818182,241.8,0.2727272727272727,2054.41,1602.14,4.9363636363636365,0.3181818181818182,7,1.8729633777018921,alto
2560,17,6722.0,395.4117647058824,497.3,0.29411764705882354,3313.12,3408.88,4.843529411764706,0.11764705882352941,12,3.644602149634943,alto
2561,10,6458.35,645.835,993.85,0.7,12736.24,-6277.89,3.867,0.3,2,-4.067380076811861,baixo
2562,22,1875.75,85.26136363636364,119.3,0.45454545454545453,977.89,897.86,5.205,0.4090909090909091,6,1.3389753857834714,alto
2563,25,1910.1,76.404,123.6,0.48,1554.72,355.38000000000005,3.492,0.28,4,-0.40924317991583686,medio
2564,21,797.3,37.96666666666666,66.2,0.42857142857142855,730.15,67.15,4.705238095238095,0.42857142857142855,2,-1.234107812892252,baixo
2565,17,790.55,46.502941176470586,69.8,0.5882352941176471,2063.3,-1272.75,3.7364705882352944,0.4117647058823529,2,-2.9383427107124374,baixo
2566,10,1947.05,194.70499999999998,237.3,0.2,379.09,1567.96,6.455,0.6,4,0.6402596842340618,medio
2567,14,4846.2,346.15714285714284,470.3,0.35714285714285715,2440.0,2406.2,3.415714285714286,0.14285714285714285,6,-0.30932087020653354,medio
2568,20,120.6,6.029999999999999,9.45,0.1,13.48,107.12,4.3175,0.3,13,2.0015027888263535,alto
2569,17,592.25,34.838235294117645,65.25,0.29411764705882354,497.49,94.75999999999999,4.797058823529412,0.23529411764705882,7,-1.7175148512015659,baixo
2570,20,3384.65,169.23250000000002,247.0,0.35,4277.23,-892.5800000000002,5.677,0.25,9,0.37223825832788693,medio
2571,11,394.85,35.89545454545455,62.3,0.0,0.0,394.85,5.235454545454545,0.45454545454545453,11,0.8881560502832648,alto
2572,26,5019.45,193.05576923076922,287.1,0.3076923076923077,6219.32,-1199.87,3.873076923076923,0.3076923076923077,8,1.8089231628617388,alto
2573,17,6457.55,379.8558823529412,495.9,0.23529411764705882,2371.46,4086.09,6.337647058823529,0.4117647058823529,8,4.84783826941573,alto
2574,13,2430.75,186.98076923076923,239.3,0.46153846153846156,2187.06,243.68999999999994,2.89,0.3076923076923077,3,-2.580189752328719,baixo
2575,19,3138.25,165.17105263157896,249.2,0.3157894736842105,2595.09,543.16,5.058421052631579,0.2631578947368421,8,0.5640423401208954,medio
2576,22,3389.15,154.05227272727274,228.15,0.22727272727272727,1743.4,1645.75,5.681363636363636,0.5454545454545454,8,4.348421654090096,alto
2577,28,955.6,34.128571428571426,64.2,0.35714285714285715,933.3299999999999,22.270000000000017,5.155714285714285,0.42857142857142855,8,2.9260237988633184,alto
2578,19,12060.0,634.7368421052631,925.95,0.42105263157894735,10017.64,2042.3600000000001,4.550526315789474,0.3684210526315789,5,4.245287655991489,alto
2579,22,1734.3500000000001,78.83409090909092,120.2,0.3181818181818182,1487.0600000000002,247.29000000000002,4.683181818181819,0.5454545454545454,5,1.7660610161846066,alto
2580,19,732.4,38.54736842105263,69.45,0.47368421052631576,1188.11,-455.7099999999999,4.57578947368421,0.21052631578947367,2,-3.96656738627929,baixo
2581,19,1702.65,89.61315789473684,124.85,0.2631578947368421,1209.86,492.79,3.926315789473684,0.42105263157894735,4,-0.28880152841245754,medio
2582,30,1234.7,41.156666666666666,69.75,0.4666666666666667,1763.6799999999998,-528.9800000000001,4.524333333333333,0.4,3,0.664350294766995,medio
2583,18,1452.95,80.71944444444445,122.95,0.5555555555555556,3302.58,-1849.6299999999999,4.172222222222222,0.2222222222222222,4,-3.652115637454652,baixo
2584,25,17614.2,704.568,985.4,0.2,10118.98,7495.22,5.3191999999999995,0.08,8,7.629470947137495,alto
2585,15,2485.75,165.71666666666667,242.6,0.4666666666666667,3078.27,-592.52,6.463333333333334,0.4666666666666667,3,-1.2570365047872099,baixo
2586,19,250.85,13.202631578947368,23.85,0.42105263157894735,384.39,-133.54,3.4757894736842108,0.3157894736842105,3,-2.5590176650997156,baixo
2587,19,597.85,31.46578947368421,68.2,0.5263157894736842,798.79,-200.94000000000003,4.334736842105263,0.15789473684210525,4,-3.4845760117474773,baixo
2588,21,3352.5,159.64285714285714,249.15,0.23809523809523808,2464.24,888.26,5.939047619047619,0.5238095238095238,8,3.560837276025177,alto
2589,21,3241.3,154.34761904761905,247.75,0.38095238095238093,1966.98,1274.32,4.5061904761904765,0.2857142857142857,5,0.21293556512746437,medio
2590,15,577.45,38.49666666666667,62.85,0.2,119.74000000000001,457.71,3.469333333333333,0.2,7,-2.272977024994565,baixo
2591,16,224.5,14.03125,24.05,0.375,133.59,90.91,5.3325000000000005,0.5625,3,-0.8312573448750529,medio
2592,25,5026.349999999999,201.05399999999997,314.5,0.4,5665.91,-639.56,4.3872,0.28,6,0.8016302337646118,alto
2593,26,9515.95,365.99807692307695,489.65,0.5,11028.949999999999,-1513.0,3.7719230769230765,0.15384615384615385,3,-0.786360649660405,medio
2594,25,1881.25,75.25,114.45,0.44,1818.8700000000001,62.379999999999995,3.5444,0.24,5,-0.5013487692084565,medio
2595,20,111.6,5.58,9.7,0.2,41.78,69.82,5.252000000000001,0.5,6,0.7402310634191782,medio
2596,22,1797.85,81.72045454545454,121.3,0.13636363636363635,280.09000000000003,1517.76,3.933181818181818,0.4090909090909091,9,2.96504051941557,alto
2597,16,2655.3,165.95625,246.15,0.125,384.95,2270.35,5.273125,0.5,8,2.9989624612249544,alto
2598,13,427.45,32.88076923076923,65.1,0.5384615384615384,484.72,-57.27000000000002,3.100769230769231,0.5384615384615384,3,-1.6738861706046655,baixo
2599,17,5813.5,341.97058823529414,493.85,0.35294117647058826,3475.8900000000003,2337.61,3.9682352941176466,0.4117647058823529,6,2.777072905074826,alto
2600,14,1229.8,87.84285714285714,124.25,0.21428571428571427,734.65,495.15,4.630714285714285,0.2857142857142857,5,-2.2275020418360274,baixo
2601,23,3884.6,168.89565217391305,249.45,0.43478260869565216,9119.710000000001,-5235.110000000001,5.842173913043479,0.2608695652173913,4,-3.3668905360673613,baixo
2602,20,4430.85,221.54250000000002,318.45,0.55,5575.29,-1144.44,4.877,0.35,2,-1.5616317203757968,baixo
2603,20,3307.45,165.3725,244.5,0.45,3405.2799999999997,-97.82999999999984,3.7674999999999996,0.25,6,-0.5531665874820503,medio
2604,26,10287.05,395.6557692307692,488.7,0.38461538461538464,10072.710000000001,214.34000000000006,4.240769230769231,0.34615384615384615,8,4.310829469837081,alto
2605,19,13020.65,685.2973684210526,999.7,0.15789473684210525,4604.93,8415.72,5.083684210526316,0.2631578947368421,6,7.449744583756345,alto
2606,23,906.3,39.404347826086955,69.25,0.30434782608695654,804.71,101.59000000000003,6.243478260869565,0.30434782608695654,6,-0.14183980670580804,medio
2607,24,945.3,39.387499999999996,68.9,0.375,831.78,113.52000000000001,3.8275,0.16666666666666666,4,-2.0618545861770943,baixo
2608,20,764.6,38.230000000000004,69.4,0.35,301.15999999999997,463.44,3.601,0.25,6,-1.1309104368779388,medio
2609,16,2909.95,181.871875,261.95,0.3125,2013.4699999999998,896.48,6.595625,0.25,6,-0.807323001579056,medio
2610,24,891.7,37.15416666666667,68.7,0.375,1357.43,-465.72999999999996,5.993333333333333,0.2916666666666667,3,-1.6727628440746292,baixo
2611,24,5117.4,213.225,307.1,0.25,5082.2300000000005,35.170000000000016,4.66625,0.3333333333333333,7,1.952100104723413,alto
2612,15,655.45,43.69666666666667,66.45,0.3333333333333333,2049.91,-1394.46,6.510000000000001,0.26666666666666666,3,-4.367991204980897,baixo
2613,19,1536.95,80.8921052631579,120.85,0.2631578947368421,1012.33,524.6199999999999,5.911578947368421,0.3684210526315789,8,0.9441641900807073,alto
2614,20,1527.6,76.38,123.15,0.35,1346.27,181.32999999999998,3.176,0.3,5,-0.9972815549878673,medio
2615,18,85.7,4.761111111111111,9.3,0.3333333333333333,71.31,14.390000000000002,5.23,0.3333333333333333,4,-2.160478574364745,baixo
2616,26,2030.0,78.07692307692308,122.95,0.5,2031.65,-1.649999999999963,4.803076923076923,0.34615384615384615,5,0.6869781802248983,medio
2617,27,4680.75,173.36111111111111,244.25,0.25925925925925924,1842.6,2838.15,3.547777777777778,0.37037037037037035,8,4.620751156541095,alto
2618,22,7420.9,337.31363636363636,489.0,0.36363636363636365,8227.69,-806.7899999999998,3.1990909090909088,0.22727272727272727,6,0.49325458611528217,medio
2619,14,1124.65,80.33214285714287,120.2,0.5714285714285714,1276.29,-151.64,2.7642857142857147,0.14285714285714285,2,-5.261271265794669,baixo
2620,17,240.4,14.141176470588235,23.65,0.29411764705882354,115.14,125.26,3.4088235294117646,0.11764705882352941,7,-2.9287189682116743,baixo
2621,16,2245.4,140.3375,234.9,0.5625,3052.52,-807.1200000000001,3.4543749999999998,0.25,4,-2.8793829759931384,baixo
2622,23,1653.4,71.88695652173914,113.75,0.34782608695652173,1018.0699999999999,635.33,3.567391304347826,0.43478260869565216,5,1.1279136978053008,alto
2623,21,3148.1,149.90952380952382,241.45,0.3333333333333333,2724.82,423.28,3.506190476190476,0.38095238095238093,5,0.6083566267558429,medio
2624,18,754.75,41.93055555555556,64.8,0.3888888888888889,358.05,396.7,3.0794444444444444,0.2777777777777778,4,-2.2135345811763094,baixo
2625,27,1039.6,38.5037037037037,66.65,0.4074074074074074,2135.87,-1096.27,5.207777777777778,0.48148148148148145,3,0.42388187644577546,medio
2626,22,1717.45,78.06590909090909,122.15,0.5,1642.09,75.36000000000003,3.369090909090909,0.2727272727272727,6,-0.4050186093255972,medio
2627,14,617.0,44.07142857142857,68.0,0.42857142857142855,514.81,102.19,4.87,0.2857142857142857,2,-4.05895109708381,baixo
2628,25,5075.4,203.016,304.65,0.4,2869.38,2206.02,3.3212,0.24,5,1.517897936232483,alto
2629,18,758.85,42.15833333333333,69.5,0.2777777777777778,861.9,-103.04999999999997,5.457777777777777,0.3888888888888889,5,-1.012589108492633,medio
2630,24,271.25,11.302083333333334,23.2,0.375,241.85999999999999,29.39,5.122916666666666,0.5,3,0.33322524102824014,medio
2631,18,2860.55,158.91944444444445,243.3,0.4444444444444444,2321.93,538.62,5.0311111111111115,0.2222222222222222,3,-2.284753621690948,baixo
2632,19,871.3,45.857894736842105,69.55,0.3157894736842105,355.98,515.32,4.900526315789474,0.21052631578947367,5,-2.079173006621999,baixo
2633,21,116.95,5.569047619047619,9.9,0.2857142857142857,91.59,25.36,5.750952380952381,0.38095238095238093,7,0.283201063218361,medio
2634,16,525.1,32.81875,69.95,0.3125,655.3299999999999,-130.23000000000002,6.217499999999999,0.1875,5,-3.396439005503738,baixo
2635,20,6700.35,335.01750000000004,482.45,0.45,4209.32,2491.03,3.5965000000000003,0.25,3,0.6700833998025455,medio
2636,20,1617.95,80.89750000000001,124.9,0.4,2149.09,-531.14,4.6325,0.25,4,-2.246125007699966,baixo
2637,17,87.89999999999999,5.170588235294117,9.65,0.17647058823529413,17.36,70.54,6.5335294117647065,0.4117647058823529,9,0.5731641332654736,medio
2638,16,674.95,42.184375,67.35,0.375,326.07,348.88,5.141875,0.375,2,-2.669510666165339,baixo
2639,21,1492.8,71.08571428571429,120.55,0.38095238095238093,1121.46,371.34000000000003,5.085238095238095,0.42857142857142855,5,0.4767838589414911,medio
2640,17,77.25,4.544117647058823,9.2,0.47058823529411764,139.57999999999998,-62.330000000000005,5.088235294117647,0.47058823529411764,3,-1.6015179524587935,baixo
2641,16,2902.3,181.39375,248.9,0.5625,2270.4300000000003,631.87,3.90125,0.3125,3,-1.6959928116760528,baixo
2642,22,7782.55,353.7522727272727,489.7,0.36363636363636365,7867.13,-84.57999999999993,4.348181818181818,0.2727272727272727,6,1.4093774669073906,alto
2643,17,2567.5,151.02941176470588,234.2,0.35294117647058826,1094.8,1472.7,5.4805882352941175,0.47058823529411764,8,2.4251359582005168,alto
2644,32,1165.4,36.41875,69.1,0.375,1213.6100000000001,-48.209999999999944,4.6171875,0.4375,3,1.681011524890888,alto
2645,15,2579.55,171.97,241.6,0.4,1768.3600000000001,811.1899999999999,4.916666666666667,0.4,2,-1.523207119949426,baixo
2646,21,3223.4,153.4952380952381,248.3,0.47619047619047616,3859.19,-635.7899999999998,4.096190476190476,0.2857142857142857,3,-1.6885659839614702,baixo
2647,18,3075.6,170.86666666666667,247.35,0.3333333333333333,2101.54,974.0600000000002,5.1066666666666665,0.3333333333333333,6,0.3745565727321637,medio
2648,21,3129.9,149.04285714285714,245.85,0.2857142857142857,1527.84,1602.06,4.765238095238095,0.2857142857142857,4,-0.08983581978431321,medio
2649,25,3836.6,153.464,229.8,0.4,3211.22,625.3800000000001,3.9307999999999996,0.24,5,0.3366571798310629,medio
2650,25,833.1,33.324,67.05,0.48,906.83,-73.73000000000002,3.596,0.4,4,0.17246226944606574,medio
2651,11,2011.05,182.82272727272726,230.6,0.2727272727272727,687.95,1323.1000000000001,2.958181818181818,0.36363636363636365,6,-0.6464380484923815,medio
2652,16,1159.05,72.440625,107.4,0.4375,693.87,465.18,4.749375000000001,0.25,5,-2.230790292658477,baixo
2653,16,631.25,39.453125,68.1,0.5625,434.7,196.54999999999998,2.3475,0.1875,4,-3.617464217182203,baixo
2654,18,3847.85,213.76944444444445,306.6,0.3888888888888889,2376.44,1471.41,5.202222222222222,0.3888888888888889,5,1.0063102976399958,alto
2655,25,4730.55,189.222,307.75,0.32,4992.46,-261.9100000000001,4.9604,0.4,9,3.348368408482632,alto
2656,16,179.3,11.20625,22.1,0.375,101.15,78.14999999999999,3.7925,0.25,5,-2.8583142663062295,baixo
2657,20,316.0,15.8,24.9,0.4,310.76,5.240000000000007,6.6865,0.45,4,-0.5654416285170367,medio
2658,19,1521.8,80.09473684210526,121.15,0.3157894736842105,885.99,635.81,4.166842105263158,0.3684210526315789,5,-0.3233380428417346,medio
2659,17,2683.9,157.8764705882353,229.3,0.5882352941176471,3609.77,-925.87,3.6182352941176474,0.29411764705882354,3,-2.6311635962832227,baixo
2660,19,245.05,12.897368421052633,24.45,0.47368421052631576,254.19,-9.139999999999993,3.844736842105263,0.3157894736842105,3,-2.495023026145353,baixo
2661,21,13584.7,646.8904761904762,968.95,0.42857142857142855,7495.42,6089.28,4.470000000000001,0.42857142857142855,4,7.041632496339849,alto
2662,19,12794.25,673.3815789473684,979.1,0.5263157894736842,9566.3,3227.95,2.772105263157895,0.21052631578947367,2,2.364455395784888,alto
2663,19,1482.25,78.01315789473684,123.9,0.3684210526315789,2004.21,-521.96,3.9842105263157896,0.15789473684210525,4,-3.334450227958407,baixo
2664,17,1315.5,77.38235294117646,124.9,0.17647058823529413,310.94,1004.56,3.37,0.23529411764705882,7,-0.9409950589026703,medio
2665,20,301.0,15.05,22.55,0.4,288.91999999999996,12.079999999999997,4.968999999999999,0.35,4,-1.4890669957795855,baixo
2666,14,2336.1,166.8642857142857,230.7,0.5714285714285714,2402.54,-66.44000000000005,2.564285714285714,0.2857142857142857,3,-2.8621896927169463,baixo
2667,24,1123.0,46.791666666666664,68.6,0.20833333333333334,449.99,673.01,4.040416666666666,0.5416666666666666,12,5.267179570364565,alto
2668,24,4009.5,167.0625,237.0,0.4166666666666667,4604.950000000001,-595.4499999999999,4.85625,0.6666666666666666,3,2.6111799331685352,alto
2669,22,4852.8,220.5818181818182,314.6,0.3181818181818182,2907.92,1944.8799999999999,5.373181818181818,0.4090909090909091,6,2.827599417955834,alto
2670,26,4183.6,160.90769230769232,238.7,0.3076923076923077,2844.8999999999996,1338.7,4.236538461538462,0.3076923076923077,6,2.0555350209735006,alto
2671,21,78.45,3.7357142857142858,9.25,0.23809523809523808,34.11,44.34,4.6780952380952385,0.42857142857142855,7,0.7197464145711412,medio
2672,18,3332.1,185.11666666666667,310.6,0.2777777777777778,1831.46,1500.64,4.831666666666667,0.2777777777777778,5,-0.20011310210952798,medio
2673,15,3018.2,201.2133333333333,316.35,0.6,2447.85,570.35,3.65,0.4,2,-1.4496975028449421,baixo
2674,22,732.45,33.29318181818182,68.55,0.36363636363636365,417.52,314.93,6.700909090909092,0.36363636363636365,3,-1.0690164898609469,medio
2675,14,618.5,44.17857142857143,67.6,0.5,649.93,-31.43000000000002,2.9371428571428573,0.35714285714285715,2,-3.4705721284589055,baixo
2676,17,1372.25,80.72058823529412,119.35,0.6470588235294118,1707.39,-335.14,4.2041176470588235,0.29411764705882354,3,-2.8488650128630413,baixo
2677,13,184.9,14.223076923076924,24.15,0.3076923076923077,100.4,84.5,6.59,0.5384615384615384,4,-1.2867412404662089,baixo
2678,22,3674.65,167.02954545454546,245.9,0.4090909090909091,3693.59,-18.940000000000065,5.718181818181819,0.4090909090909091,6,1.4152021876498488,alto
2679,21,1778.95,84.71190476190476,119.5,0.47619047619047616,1480.61,298.3399999999999,3.6000000000000005,0.42857142857142855,4,0.09151348646792545,medio
2680,18,248.05,13.780555555555557,24.75,0.3333333333333333,244.20000000000002,3.85000000000001,3.223888888888889,0.3333333333333333,4,-2.1039381734144356,baixo
2681,21,1431.3,68.15714285714286,113.65,0.38095238095238093,2213.9300000000003,-782.6300000000001,5.230952380952381,0.38095238095238093,4,-1.0359890921434498,medio
2682,24,1996.5,83.1875,124.75,0.4166666666666667,1576.1399999999999,420.36,4.422083333333333,0.4583333333333333,5,1.5327442539158276,alto
2683,21,3695.0,175.95238095238096,248.6,0.47619047619047616,3648.1400000000003,46.85999999999989,3.5685714285714285,0.23809523809523808,8,0.591590653986515,medio
2684,20,281.6,14.080000000000002,24.25,0.3,181.84,99.75999999999999,3.6085000000000003,0.15,7,-1.9722600619872677,baixo
2685,23,6998.1,304.26521739130436,461.6,0.34782608695652173,7415.38,-417.2800000000002,6.065217391304348,0.34782608695652173,6,1.8081711195601915,alto
2686,20,6520.95,326.0475,487.8,0.25,3815.6800000000003,2705.27,3.846,0.25,6,2.043203669498082,alto
2687,13,187.8,14.446153846153846,21.35,0.23076923076923078,57.41,130.39,5.777692307692307,0.38461538461538464,5,-2.2390627339659095,baixo
2688,20,1708.85,85.4425,116.55,0.4,1339.88,368.97,4.199,0.2,5,-1.7572374593771667,baixo
2689,18,10435.75,579.7638888888889,990.45,0.3888888888888889,9144.69,1291.06,3.155555555555556,0.16666666666666666,3,0.5022318804450621,medio
2690,23,4286.8,186.38260869565218,291.25,0.391304347826087,5383.1900000000005,-1096.3899999999999,3.3052173913043474,0.34782608695652173,5,0.1948075223415509,medio
2691,18,1443.25,80.18055555555556,122.0,0.16666666666666666,334.37,1108.8799999999999,4.417777777777777,0.2222222222222222,5,-1.6435127219097991,baixo
2692,20,1711.35,85.5675,124.3,0.35,1124.09,587.26,3.775,0.25,5,-1.179345407624032,medio
2693,17,691.7,40.688235294117646,68.6,0.35294117647058826,634.99,56.70999999999999,5.3876470588235295,0.23529411764705882,4,-3.018515260056402,baixo
2694,20,541.8,27.089999999999996,58.0,0.3,662.94,-121.14000000000003,4.064500000000001,0.3,9,0.2638663639586946,medio
2695,26,4530.7,174.2576923076923,242.4,0.23076923076923078,1259.26,3271.44,3.8734615384615383,0.19230769230769232,6,2.110486751715735,alto
2696,13,1988.45,152.9576923076923,201.0,0.3076923076923077,1757.0500000000002,231.4,4.474615384615385,0.3076923076923077,7,-1.059676233715131,medio
2697,18,1485.55,82.53055555555555,116.25,0.3888888888888889,766.07,719.48,4.197777777777778,0.2222222222222222,4,-2.2745855611273234,baixo
2698,20,290.45,14.522499999999999,23.2,0.3,543.01,-252.56000000000003,6.5409999999999995,0.45,6,0.1695043223062329,medio
2699,22,2002.55,91.02499999999999,124.3,0.36363636363636365,1396.04,606.51,4.371818181818182,0.5,7,2.502509316278072,alto
2700,26,8727.0,335.65384615384613,462.8,0.4230769230769231,14661.34,-5934.34,5.93923076923077,0.38461538461538464,5,-0.335993091643069,medio
2701,14,4928.9,352.0642857142857,450.95,0.42857142857142855,3631.4700000000003,1297.4299999999998,3.843571428571429,0.21428571428571427,5,-0.6394736495344735,medio
2702,15,100.64999999999999,6.709999999999999,9.35,0.26666666666666666,40.68,59.97,4.083333333333333,0.5333333333333333,8,0.8106963301451002,alto
2703,26,1953.55,75.13653846153846,124.15,0.2692307692307692,1348.58,604.97,4.062692307692307,0.4230769230769231,6,2.1387014710388494,alto
2704,13,393.3,30.253846153846155,57.65,0.23076923076923078,123.87,269.43,4.491538461538462,0.38461538461538464,5,-2.056277059982873,baixo
2705,15,2496.15,166.41,245.4,0.4666666666666667,2876.3500000000004,-380.19999999999993,3.608,0.4,3,-1.7541754381946426,baixo
2706,29,126.05,4.346551724137931,9.6,0.3793103448275862,119.14,6.91,3.846551724137931,0.41379310344827586,5,1.4793531397493098,alto
2707,12,1029.1,85.75833333333333,120.85,0.3333333333333333,489.15000000000003,539.95,3.7325,0.16666666666666666,6,-3.3234967696065016,baixo
2708,17,2777.5,163.38235294117646,243.4,0.29411764705882354,1881.21,896.2900000000001,3.6547058823529412,0.17647058823529413,5,-1.8291465081481415,baixo
2709,25,3667.1,146.684,249.45,0.32,2362.04,1305.06,4.6008,0.44,9,4.256716673839802,alto
2710,21,1601.05,76.24047619047619,120.35,0.42857142857142855,1027.72,573.33,3.570952380952381,0.42857142857142855,4,0.17925964905206138,medio
2711,17,2594.35,152.60882352941175,233.65,0.5294117647058824,2523.39,70.95999999999995,4.895294117647059,0.23529411764705882,5,-1.7994896543651708,baixo
2712,16,603.7,37.73125,52.2,0.3125,698.04,-94.33999999999997,6.861875,0.4375,4,-1.4786555257158835,baixo
2713,22,4211.05,191.41136363636363,312.0,0.22727272727272727,3004.12,1206.9299999999998,3.9154545454545455,0.2727272727272727,5,0.5367674392593739,medio
2714,21,803.1,38.24285714285715,69.25,0.2857142857142857,1248.49,-445.38999999999993,5.321904761904762,0.42857142857142855,7,0.6972783399766297,medio
2715,27,368.05,13.631481481481481,24.85,0.5185185185185185,860.7,-492.65,5.148148148148148,0.25925925925925924,5,-0.5951248401421342,medio
2716,17,2763.45,162.55588235294115,233.3,0.23529411764705882,1985.38,778.07,5.591176470588235,0.4117647058823529,6,0.7123370913777691,medio
2717,16,10508.1,656.75625,893.0,0.3125,10796.01,-287.90999999999985,4.243125,0.375,4,2.107040697865606,alto
2718,21,3458.35,164.68333333333334,243.4,0.5714285714285714,3808.45,-350.1000000000001,5.697619047619047,0.5238095238095238,2,0.2954080339648195,medio
2719,18,2713.95,150.77499999999998,239.6,0.5555555555555556,6376.5199999999995,-3662.57,5.167777777777777,0.3333333333333333,2,-3.988910862909359,baixo
2720,19,3651.25,192.17105263157896,297.5,0.3684210526315789,1871.77,1779.48,4.2631578947368425,0.2631578947368421,4,-0.3544904082018062,medio
2721,15,2396.25,159.75,244.95,0.4666666666666667,1397.99,998.26,3.3286666666666664,0.5333333333333333,3,0.1618171218830331,medio
2722,12,519.7,43.30833333333334,66.65,0.25,388.11,131.59,5.239166666666667,0.4166666666666667,8,-0.6469804727718117,medio
2723,22,3717.45,168.975,248.45,0.5,7450.360000000001,-3732.91,4.839545454545455,0.2727272727272727,2,-3.5635969721392384,baixo
2724,27,2046.75,75.80555555555556,119.8,0.4074074074074074,2029.56,17.189999999999998,4.317407407407408,0.37037037037037035,5,1.1286734615290523,alto
2725,25,867.8,34.711999999999996,67.55,0.4,700.87,166.93,4.4024,0.16,5,-1.462763779691606,baixo
2726,18,92.85,5.158333333333333,10.0,0.2777777777777778,81.37,11.480000000000004,6.482222222222223,0.3888888888888889,10,0.9951606364282349,alto
2727,31,2227.4,71.85161290322581,116.85,0.41935483870967744,1565.1200000000001,662.28,4.145483870967742,0.3870967741935484,4,2.054200525491737,alto
2728,18,86.05,4.780555555555555,9.25,0.1111111111111111,36.83,49.220000000000006,6.946666666666666,0.3333333333333333,9,0.059974280526948115,medio
2729,21,3502.8,166.8,234.9,0.38095238095238093,7360.58,-3857.7799999999997,6.332857142857144,0.38095238095238093,5,-1.5499414456384968,baixo
2730,24,3744.35,156.01458333333332,247.15,0.25,2236.46,1507.8899999999999,5.319583333333333,0.25,6,1.1316728381061354,alto
2731,15,1140.25,76.01666666666667,117.65,0.6666666666666666,2504.19,-1363.94,4.425333333333333,0.4666666666666667,1,-3.1656421529871484,baixo
2732,18,2988.1,166.00555555555556,242.05,0.3888888888888889,3780.5099999999998,-792.41,5.546111111111111,0.4444444444444444,5,-0.013333327099181447,medio
2733,17,2698.75,158.75,239.0,0.17647058823529413,1717.47,981.2800000000002,6.633529411764705,0.47058823529411764,12,3.9786705003382825,alto
2734,26,1994.15,76.69807692307693,116.35,0.34615384615384615,1327.82,666.3299999999999,4.446923076923077,0.34615384615384615,4,0.5920355503275703,medio
2735,17,11072.4,651.3176470588235,996.9,0.35294117647058826,8464.15,2608.25,4.680588235294117,0.5294117647058824,6,6.136974662283566,alto
2736,20,3232.95,161.64749999999998,240.65,0.4,2487.62,745.3299999999999,2.8975,0.25,7,0.30953054075522224,medio
2737,20,3514.2,175.70999999999998,247.25,0.25,1258.05,2256.15,4.487,0.35,5,1.2505315040218454,alto
2738,18,1497.1,83.17222222222222,113.4,0.2222222222222222,438.95,1058.15,5.955,0.5,9,2.672962250252408,alto
2739,21,1523.0,72.52380952380952,116.35,0.3333333333333333,995.97,527.03,4.639047619047619,0.2857142857142857,5,-0.7478599468193385,medio
2740,24,953.2,39.71666666666667,68.05,0.20833333333333334,398.89,554.31,4.247083333333333,0.3333333333333333,7,1.0325277063678029,alto
2741,20,83.6,4.18,8.55,0.3,49.04,34.56,5.8605,0.35,7,-0.23092538696138945,medio
2742,19,3189.05,167.84473684210528,245.8,0.42105263157894735,4232.31,-1043.26,5.405789473684211,0.2631578947368421,4,-2.021903862103712,baixo
2743,20,1627.65,81.38250000000001,119.7,0.4,1917.92,-290.2700000000001,5.4115,0.2,4,-2.575847655428167,baixo
2744,16,236.35,14.771875,24.85,0.5,436.82,-200.47,4.154375,0.25,3,-3.8625133735890955,baixo
2745,22,920.5,41.84090909090909,69.35,0.36363636363636365,1279.52,-359.02,5.156363636363636,0.3181818181818182,3,-1.7873504181312623,baixo
2746,19,1492.15,78.53421052631579,123.05,0.21052631578947367,656.17,835.98,5.015789473684211,0.3157894736842105,5,-0.7130444454169905,medio
2747,20,1779.1,88.955,124.9,0.3,1651.3700000000001,127.72999999999995,4.7295,0.4,8,1.3040561288612569,alto
2748,27,6294.9,233.14444444444442,316.5,0.48148148148148145,10738.59,-4443.6900000000005,4.538518518518519,0.3333333333333333,4,-0.9394093037270602,medio
2749,14,72.65,5.189285714285715,9.15,0.35714285714285715,32.78,39.87,3.6228571428571428,0.07142857142857142,4,-5.455134769137279,baixo
2750,21,4438.55,211.3595238095238,309.4,0.23809523809523808,1630.97,2807.58,4.317619047619048,0.38095238095238093,7,3.1793060950159253,alto
2751,19,6841.65,360.08684210526314,499.05,0.47368421052631576,12340.13,-5498.48,4.197368421052632,0.5789473684210527,4,-0.1527598236817651,medio
2752,23,4475.45,194.58478260869563,288.8,0.17391304347826086,1520.6799999999998,2954.77,5.160434782608696,0.34782608695652173,15,6.807456457002547,alto
2753,24,5225.05,217.71041666666667,316.5,0.375,3954.24,1270.81,4.105833333333334,0.25,7,1.8711285438610081,alto
2754,24,2194.25,91.42708333333333,124.1,0.3333333333333333,2650.26,-456.01000000000005,4.3637500000000005,0.2916666666666667,4,-0.8533153843835972,medio
2755,14,607.05,43.36071428571428,69.45,0.5,974.0699999999999,-367.0199999999999,7.049285714285714,0.5,2,-2.337241866045858,baixo
2756,22,3210.45,145.92954545454543,248.55,0.4090909090909091,1952.6000000000001,1257.85,4.058181818181819,0.18181818181818182,5,-0.5877959343689041,medio
2757,18,2751.1,152.83888888888887,238.85,0.2777777777777778,1262.08,1489.02,4.695555555555555,0.4444444444444444,7,1.988876614446972,alto
2758,20,653.65,32.6825,69.5,0.3,476.78,176.87,4.7415,0.45,5,0.08242772172911772,medio
2759,24,8086.75,336.9479166666667,485.0,0.3333333333333333,7887.97,198.77999999999975,5.37,0.4166666666666667,5,2.7791220972692803,alto
2760,19,666.55,35.08157894736842,69.7,0.3684210526315789,668.88,-2.3299999999999788,3.775263157894737,0.47368421052631576,4,-0.44226564009661207,medio
2761,11,133.05,12.095454545454546,24.0,0.36363636363636365,129.7,3.3500000000000014,5.5209090909090905,0.09090909090909091,3,-6.359797537980203,baixo
2762,17,2963.4,174.31764705882352,249.7,0.5882352941176471,5049.28,-2085.88,3.9317647058823533,0.29411764705882354,2,-3.5746037260463526,baixo
2763,24,1065.8,44.40833333333333,69.4,0.4583333333333333,1360.73,-294.93000000000006,4.13,0.16666666666666666,6,-1.3635607135165349,baixo
2764,14,90.2,6.442857142857143,10.0,0.5,66.49,23.71,3.150714285714286,0.21428571428571427,2,-5.0185345471728064,baixo
2765,23,114.3,4.969565217391304,9.85,0.43478260869565216,101.16,13.14,4.491739130434783,0.391304347826087,5,-0.06462212944236134,medio
2766,26,361.4,13.899999999999999,25.0,0.2692307692307692,244.3,117.1,5.868076923076923,0.3076923076923077,9,1.7147177060827663,alto
2767,19,1411.15,74.27105263157895,106.9,0.2631578947368421,837.54,573.61,4.371052631578947,0.42105263157894735,5,0.08880184546816772,medio
2768,27,141.3,5.233333333333333,10.0,0.3333333333333333,101.56,39.74,6.942592592592592,0.5185185185185185,10,4.222313889591763,alto
2769,18,752.95,41.830555555555556,68.7,0.3888888888888889,426.04999999999995,326.90000000000003,4.826666666666666,0.3888888888888889,6,-0.34603836198876337,medio
2770,17,268.45,15.791176470588235,24.2,0.5882352941176471,300.9,-32.45000000000002,3.17,0.29411764705882354,3,-3.1353756285135805,baixo
2771,13,193.64999999999998,14.896153846153844,24.75,0.6153846153846154,156.47,37.18,2.3192307692307694,0.6923076923076923,3,-0.3290053830597328,medio
2772,17,3017.75,177.51470588235293,246.55,0.5294117647058824,5139.65,-2121.9,4.149411764705882,0.4117647058823529,2,-2.4869011153078073,baixo
2773,20,4324.75,216.2375,316.5,0.35,6239.4400000000005,-1914.69,6.2565,0.5,4,0.2564234799577443,medio
2774,17,2947.65,173.39117647058825,249.45,0.23529411764705882,1664.7099999999998,1282.94,5.26235294117647,0.29411764705882354,6,-0.029572436906964372,medio
2775,25,327.5,13.1,24.5,0.4,228.89000000000001,98.61,5.3608,0.28,5,-0.5414521933910151,medio
2776,17,557.9,32.817647058823525,69.85,0.23529411764705882,502.1,55.80000000000001,5.687647058823529,0.4117647058823529,6,-0.5652772088942164,medio
2777,21,7421.8,353.4190476190476,487.6,0.38095238095238093,7662.08,-240.27999999999997,4.123333333333333,0.2857142857142857,3,-0.10101722444012723,medio
2778,23,637.95,27.73695652173913,66.2,0.30434782608695654,593.16,44.79000000000002,5.126956521739131,0.13043478260869565,7,-1.4156800761223032,baixo
2779,18,1468.8,81.6,118.2,0.2777777777777778,1577.85,-109.05000000000001,4.045,0.3888888888888889,4,-1.1844010734919441,medio
2780,15,2814.85,187.65666666666667,244.7,0.3333333333333333,1309.5,1505.35,4.048666666666667,0.2,8,-0.24831168517986524,medio
2781,10,342.5,34.25,63.35,0.3,213.74,128.76,4.906000000000001,0.4,5,-2.633732570146481,baixo
2782,16,54.3,3.39375,8.2,0.375,63.79,-9.489999999999998,6.34,0.375,4,-2.2464524506905184,baixo
2783,18,194.9,10.827777777777778,23.1,0.3333333333333333,168.38,26.519999999999996,5.25,0.5,4,-0.5754156455423054,medio
2784,18,759.1,42.172222222222224,67.3,0.3888888888888889,361.29,397.81,3.886666666666667,0.2222222222222222,3,-3.1639159104819834,baixo
2785,14,1226.95,87.63928571428572,117.0,0.14285714285714285,380.15999999999997,846.79,5.314285714285715,0.42857142857142855,6,-0.28442928208894946,medio
2786,19,4004.2,210.7473684210526,301.7,0.42105263157894735,6376.16,-2371.96,4.805789473684211,0.3157894736842105,4,-1.9469905000075685,baixo
2787,21,3497.15,166.53095238095239,249.75,0.38095238095238093,3632.62,-135.4699999999999,4.487619047619048,0.2857142857142857,4,-0.8925558197076574,medio
2788,20,1583.45,79.1725,122.95,0.45,1754.61,-171.15999999999997,4.494,0.25,3,-2.507102985856392,baixo
2789,23,4667.55,202.93695652173915,315.45,0.4782608695652174,4021.63,645.9200000000001,4.944347826086957,0.43478260869565216,7,2.9171517362139947,alto
2790,20,225.2,11.26,24.65,0.45,550.81,-325.61,5.313000000000001,0.3,3,-2.596013186963482,baixo
2791,20,3312.1,165.605,238.0,0.15,1663.75,1648.35,5.707,0.3,13,3.9198216397030423,alto
2792,30,4833.5,161.11666666666667,248.2,0.36666666666666664,4500.92,332.5800000000001,4.935666666666666,0.2,9,2.746595658481838,alto
2793,16,1107.0,69.1875,122.55,0.4375,686.89,420.11,3.533125,0.3125,4,-2.141205017369104,baixo
2794,24,867.1,36.12916666666667,67.0,0.2916666666666667,326.14,540.96,4.697500000000001,0.4583333333333333,5,1.272608407719235,alto
2795,19,680.5,35.81578947368421,66.1,0.2631578947368421,353.34000000000003,327.15999999999997,6.009473684210526,0.2631578947368421,6,-1.3226606388469568,baixo
2796,12,977.75,81.47916666666667,115.55,0.4166666666666667,817.85,159.9,4.3175,0.25,4,-3.6672262942392324,baixo
2797,29,1088.25,37.525862068965516,69.8,0.20689655172413793,510.75,577.5,6.340000000000001,0.3103448275862069,7,1.9379557690499605,alto
2798,19,621.95,32.73421052631579,61.7,0.47368421052631576,472.09000000000003,149.86,3.7689473684210526,0.47368421052631576,4,-0.3775746175914956,medio
2799,22,1794.75,81.57954545454545,120.7,0.36363636363636365,2133.62,-338.87,4.75,0.3181818181818182,3,-1.5028595066295718,baixo
2800,17,2594.0,152.58823529411765,247.75,0.29411764705882354,1590.75,1003.25,4.772941176470589,0.4117647058823529,6,0.7633091775995928,alto
2801,18,3679.85,204.4361111111111,308.85,0.2777777777777778,1755.3799999999999,1924.47,6.41611111111111,0.3333333333333333,4,0.23009656757240707,medio
2802,21,4916.25,234.10714285714286,317.2,0.2857142857142857,2591.95,2324.3,4.714761904761905,0.23809523809523808,7,1.7619713897143336,alto
2803,12,4739.75,394.9791666666667,490.9,0.5,5429.18,-689.4300000000003,2.6233333333333335,0.16666666666666666,3,-3.1673765578857793,baixo
2804,10,778.1,77.81,124.35,0.5,1615.93,-837.8299999999999,5.827,0.3,2,-5.090381116024938,baixo
2805,19,281.75,14.828947368421053,25.0,0.21052631578947367,59.68,222.07,6.04,0.3684210526315789,7,-0.11210384449719776,medio
2806,25,144.15,5.766,9.2,0.36,204.89999999999998,-60.75000000000001,4.4304,0.48,6,1.6078935017878035,alto
2807,22,1728.3,78.55909090909091,116.7,0.3181818181818182,1505.1200000000001,223.18000000000012,6.540454545454545,0.3181818181818182,7,0.5364162837770774,medio
2808,25,143.5,5.74,10.0,0.44,114.57,28.929999999999996,6.4012,0.44,4,0.4058022767911673,medio
2809,23,91.0,3.9565217391304346,9.65,0.43478260869565216,84.08,6.9200000000000035,4.0517391304347825,0.43478260869565216,6,0.766365764177924,alto
2810,20,1764.9,88.245,123.1,0.4,2050.39,-285.49000000000007,5.035,0.45,6,0.6599283877340663,medio
2811,18,11686.45,649.2472222222223,980.55,0.2777777777777778,8919.53,2766.9199999999996,5.256111111111111,0.3333333333333333,10,6.384477501049687,alto
2812,21,105.05,5.002380952380952,9.95,0.5238095238095238,245.67000000000002,-140.62,4.515714285714286,0.19047619047619047,3,-3.326710311675307,baixo
2813,34,23025.4,677.2176470588236,999.95,0.35294117647058826,13821.6,9203.8,4.183529411764706,0.4411764705882353,5,12.37447103062215,alto
2814,23,4933.95,214.5195652173913,307.8,0.5217391304347826,4322.45,611.5,3.149130434782609,0.17391304347826086,3,-1.1882454781496832,medio
2815,20,1498.1,74.905,120.7,0.3,689.3199999999999,808.78,4.619,0.25,5,-1.1351052797841963,medio
2816,27,350.7,12.988888888888889,24.4,0.25925925925925924,119.14999999999999,231.54999999999998,3.475185185185185,0.2962962962962963,7,1.0074798393693771,alto
2817,26,152.75,5.875,10.0,0.3076923076923077,81.34,71.41,3.588076923076923,0.46153846153846156,4,0.8519430346966111,alto
2818,21,833.7,39.7,68.45,0.38095238095238093,1295.79,-462.09,4.963333333333334,0.42857142857142855,5,-0.18228076771093882,medio
2819,17,5620.9,330.6411764705882,455.0,0.17647058823529413,1121.24,4499.66,4.396470588235294,0.29411764705882354,8,3.6436956981349775,alto
2820,26,5171.25,198.89423076923077,310.7,0.38461538461538464,5761.77,-590.52,4.767307692307693,0.4230769230769231,4,1.475418380731261,alto
2821,31,6263.7,202.05483870967743,313.65,0.16129032258064516,1525.19,4738.51,4.630645161290323,0.3870967741935484,14,9.520712250579928,alto
2822,15,517.7,34.513333333333335,65.75,0.2,108.5,409.2,8.076,0.4666666666666667,5,-0.7480074767157319,medio
2823,23,3883.15,168.83260869565217,241.9,0.34782608695652173,3020.44,862.7100000000002,3.819565217391304,0.34782608695652173,8,2.4359159535165387,alto
2824,21,7088.25,337.5357142857143,468.85,0.3333333333333333,6469.21,619.0400000000002,3.977142857142857,0.38095238095238093,6,2.445408128510227,alto
2825,22,288.4,13.109090909090908,24.7,0.45454545454545453,330.03000000000003,-41.63,3.863181818181818,0.2727272727272727,6,-0.914707758412128,medio
2826,24,340.75,14.197916666666666,24.95,0.3333333333333333,290.8,49.94999999999999,4.055416666666667,0.25,6,-0.62004293989964,medio
2827,13,1094.7,84.20769230769231,119.8,0.3076923076923077,640.92,453.78,4.383076923076923,0.3076923076923077,5,-2.2959056528904265,baixo
2828,17,1287.95,75.76176470588236,121.25,0.23529411764705882,338.71,949.24,4.951764705882353,0.35294117647058826,5,-0.7774640106096365,medio
2829,13,2022.5,155.57692307692307,248.85,0.46153846153846156,1436.01,586.49,3.3853846153846154,0.23076923076923078,4,-2.8833492005414314,baixo
2830,16,5535.4,345.9625,478.65,0.3125,3084.24,2451.16,4.85875,0.375,9,3.622956383320571,alto
2831,15,703.6,46.906666666666666,65.5,0.4666666666666667,1042.31,-338.71,3.2866666666666666,0.4666666666666667,4,-1.5003735423505897,baixo
2832,29,10351.75,356.9568965517241,483.15,0.3448275862068966,9405.63,946.12,4.641034482758621,0.3448275862068966,7,4.652540639866299,alto
2833,24,4125.5,171.89583333333334,249.25,0.125,1741.03,2384.4700000000003,6.389166666666667,0.375,12,5.501635087237515,alto
2834,26,9061.5,348.5192307692308,494.75,0.4230769230769231,20971.22,-11909.72,4.900384615384615,0.3076923076923077,4,-4.571934611195851,baixo
2835,26,17202.3,661.626923076923,992.05,0.3076923076923077,14706.31,2495.99,4.521538461538461,0.3076923076923077,7,6.560574511968719,alto
2836,18,3074.05,170.78055555555557,243.9,0.4444444444444444,2497.39,576.6600000000001,4.457222222222223,0.4444444444444444,3,-0.13372868720820064,medio
2837,15,634.55,42.30333333333333,68.8,0.6,1261.75,-627.2,3.2520000000000002,0.4,3,-2.740463807474648,baixo
2838,17,6712.05,394.8264705882353,499.25,0.17647058823529413,2425.83,4286.22,6.322941176470588,0.29411764705882354,7,3.532138547893722,alto
2839,14,163.55,11.682142857142859,23.85,0.5714285714285714,275.24,-111.69000000000001,3.5614285714285714,0.35714285714285715,4,-2.8563802785307706,baixo
2840,29,9031.6,311.4344827586207,480.1,0.4827586206896552,7084.44,1947.16,2.8155172413793106,0.3793103448275862,4,3.867668661917259,alto
2841,23,1889.9,82.16956521739131,120.7,0.34782608695652173,1209.16,680.74,3.4847826086956526,0.43478260869565216,6,1.6632474144775395,alto
2842,24,1890.7,78.77916666666667,123.3,0.375,3743.5899999999997,-1852.8900000000003,5.503333333333333,0.20833333333333334,4,-2.45107329246243,baixo
2843,15,1263.3,84.22,123.4,0.2,935.19,328.1099999999999,5.612666666666667,0.26666666666666666,9,-0.5313674962785228,medio
2844,21,7245.75,345.0357142857143,485.9,0.42857142857142855,7288.66,-42.90999999999997,4.137619047619047,0.42857142857142855,5,2.144093807280394,alto
2845,20,220.6,11.03,22.25,0.4,149.36,71.24,5.073,0.4,4,-1.0242834409703498,medio
2846,20,3459.7,172.98499999999999,245.95,0.45,3467.92,-8.220000000000056,3.8609999999999998,0.3,3,-1.3131478569992143,baixo
2847,22,325.7,14.804545454545455,24.95,0.3181818181818182,165.62,160.07999999999998,3.8754545454545455,0.45454545454545453,3,-0.4404073781853908,medio
2848,24,323.2,13.466666666666667,24.9,0.75,680.76,-357.56,3.6487499999999997,0.4583333333333333,2,-0.6820284769757226,medio
2849,21,4489.0,213.76190476190476,304.7,0.2857142857142857,6561.02,-2072.02,5.223333333333334,0.42857142857142855,6,0.6018956371541325,medio
2850,16,1336.15,83.509375,124.15,0.3125,700.78,635.37,3.1643749999999997,0.125,10,-1.0149061733367588,medio
2851,21,829.95,39.52142857142857,68.0,0.5714285714285714,1889.2,-1059.25,3.4580952380952383,0.3333333333333333,2,-2.700072539980986,baixo
2852,18,2920.75,162.26388888888889,250.0,0.4444444444444444,3568.75,-648.0,4.22,0.3888888888888889,4,-0.9150183769721834,medio
2853,11,921.5,83.77272727272727,120.05,0.45454545454545453,1471.7,-550.1999999999998,6.663636363636363,0.2727272727272727,3,-4.483555027582054,baixo
2854,22,8016.55,364.38863636363635,499.25,0.45454545454545453,7266.25,750.3000000000001,4.345,0.4090909090909091,6,3.183655956368105,alto
2855,31,5331.2,171.9741935483871,246.8,0.41935483870967744,3784.09,1547.11,3.7687096774193547,0.3548387096774194,6,3.7974231752855387,alto
2856,19,6283.6,330.71578947368425,471.2,0.3684210526315789,4132.43,2151.17,3.7215789473684207,0.3684210526315789,7,3.0892340033477947,alto
2857,27,923.0,34.18518518518518,68.3,0.2222222222222222,263.55,659.45,5.513703703703704,0.2962962962962963,12,3.582684347774213,alto
2858,9,334.8,37.2,68.0,0.3333333333333333,1099.99,-765.1899999999999,5.402222222222223,0.2222222222222222,5,-4.951703634725799,baixo
2859,12,945.2,78.76666666666667,120.25,0.5,1183.0,-237.7999999999999,4.263333333333333,0.6666666666666666,4,-0.055173525271598134,medio
2860,19,1682.85,88.57105263157894,124.5,0.5263157894736842,1386.3899999999999,296.46000000000004,3.1642105263157894,0.21052631578947367,2,-3.2222701129193876,baixo
2861,22,788.05,35.820454545454545,67.3,0.3181818181818182,270.4,517.65,3.9545454545454546,0.3181818181818182,7,0.39842437645548384,medio
2862,21,1637.55,77.97857142857143,120.35,0.42857142857142855,1231.98,405.57000000000005,4.297142857142857,0.3333333333333333,5,-0.33572267191306415,medio
2863,13,501.5,38.57692307692308,65.05,0.15384615384615385,143.55,357.95,4.073076923076924,0.46153846153846156,5,-1.2425986640557602,baixo
2864,15,176.6,11.773333333333333,23.2,0.26666666666666666,40.870000000000005,135.73,4.13,0.2,6,-3.0685319632023433,baixo
2865,19,215.0,11.31578947368421,22.5,0.3684210526315789,183.51000000000002,31.49,5.720526315789473,0.3684210526315789,7,-0.23756959607464898,medio
2866,22,106.5,4.840909090909091,9.95,0.3181818181818182,59.96,46.54,4.748636363636364,0.45454545454545453,8,1.6324318948478376,alto
2867,25,1171.1,46.843999999999994,69.05,0.4,966.9100000000001,204.19,2.7196,0.12,5,-1.7282182982849088,baixo
2868,21,291.0,13.857142857142858,24.5,0.6190476190476191,258.92,32.08,3.3519047619047617,0.38095238095238093,2,-1.8579390310708679,baixo
2869,23,136.45,5.932608695652173,9.85,0.34782608695652173,117.66,18.79,5.322608695652174,0.30434782608695654,4,-1.2971671292655653,baixo
2870,19,2650.3,139.48947368421054,223.95,0.21052631578947367,1076.1799999999998,1574.1200000000001,5.643684210526316,0.3157894736842105,8,1.4202003225044606,alto
2871,20,7278.3,363.915,483.8,0.3,5454.23,1824.07,3.6825,0.2,5,0.9344776555428573,alto
2872,23,124.7,5.421739130434783,10.0,0.2608695652173913,86.48,38.22,4.637391304347826,0.34782608695652173,10,1.7527218130436584,alto
2873,25,1000.6,40.024,69.35,0.44,725.98,274.62,3.7248,0.56,5,2.31942300017815,alto
2874,14,1139.45,81.38928571428572,121.0,0.5714285714285714,2268.49,-1129.04,5.048571428571428,0.42857142857142855,3,-2.698400137146015,baixo
2875,13,174.45000000000002,13.41923076923077,24.6,0.46153846153846156,172.89000000000001,1.5600000000000058,4.622307692307692,0.15384615384615385,5,-4.442495124663313,baixo
2876,17,2857.8,168.1058823529412,246.45,0.17647058823529413,821.01,2036.79,5.158235294117647,0.35294117647058826,7,1.317328844396436,alto
2877,22,3434.95,156.1340909090909,237.95,0.36363636363636365,5526.110000000001,-2091.16,4.8959090909090905,0.36363636363636365,5,-0.6203972047991412,medio
2878,20,3145.4,157.27,248.9,0.4,5563.16,-2417.76,6.2395,0.3,9,-0.05951075611184714,medio
2879,32,11226.35,350.8234375,490.35,0.4375,9226.66,1999.6899999999998,4.258125,0.46875,4,5.663776608076321,alto
2880,18,86.85,4.824999999999999,9.8,0.4444444444444444,48.34,38.51,4.964444444444444,0.4444444444444444,5,-0.6823129669441863,medio
2881,16,183.35,11.459375,22.6,0.4375,167.85000000000002,15.5,5.453125,0.5,3,-1.4653522027737105,baixo
2882,19,1724.95,90.78684210526316,124.55,0.3157894736842105,1407.75,317.20000000000005,7.194736842105263,0.3684210526315789,6,0.021401219770474572,medio
2883,16,526.35,32.896875,68.45,0.5625,510.25,16.100000000000023,5.0737499999999995,0.4375,2,-2.3340072312231253,baixo
2884,20,719.05,35.9525,67.1,0.3,638.37,80.67999999999999,3.9295,0.25,4,-2.230699510513041,baixo
2885,19,283.9,14.942105263157893,22.95,0.5789473684210527,358.06,-74.16,4.604210526315789,0.21052631578947367,4,-3.0457439232824077,baixo
2886,19,717.2,37.747368421052634,68.8,0.2631578947368421,196.62,520.58,3.749473684210526,0.3157894736842105,9,0.5998169652640095,medio
2887,22,322.25,14.647727272727273,24.9,0.4090909090909091,358.77,-36.519999999999996,5.101818181818182,0.4090909090909091,5,-0.08435571674311493,medio
2888,23,886.3,38.53478260869565,69.45,0.30434782608695654,633.13,253.17000000000002,4.043913043478261,0.391304347826087,5,0.29416563790302025,medio
2889,18,2809.25,156.06944444444446,236.2,0.3888888888888889,1956.4,852.85,4.500555555555556,0.3333333333333333,6,0.20820632747668952,medio
2890,23,258.6,11.243478260869566,22.35,0.391304347826087,182.69,75.91000000000001,4.920869565217392,0.43478260869565216,4,-0.027498175921370827,medio
2891,17,3570.75,210.0441176470588,309.65,0.4117647058823529,5195.49,-1624.74,4.819411764705882,0.29411764705882354,4,-2.202717715876025,baixo
2892,22,312.5,14.204545454545455,24.5,0.2727272727272727,350.89,-38.38999999999999,7.364545454545455,0.36363636363636365,7,0.37318942415163403,medio
2893,16,3091.45,193.215625,308.85,0.25,1838.42,1253.03,5.01125,0.25,5,-0.9800845804420719,medio
2894,19,273.8,14.410526315789474,24.4,0.5263157894736842,358.21,-84.40999999999998,4.212631578947369,0.5263157894736842,5,0.2973809723026819,medio
2895,15,199.4,13.293333333333333,23.6,0.4,247.87,-48.47,5.122,0.4,4,-2.1924713189707203,baixo
2896,12,1944.6,162.04999999999998,235.35,0.08333333333333333,646.21,1298.39,4.968333333333334,0.08333333333333333,6,-3.1633017059882,baixo
2897,25,148.7,5.9479999999999995,9.9,0.48,195.22,-46.52,4.5972,0.36,4,-0.3705277007042253,medio
2898,18,3372.2,187.34444444444443,289.7,0.2777777777777778,3389.14,-16.940000000000083,5.5761111111111115,0.4444444444444444,5,0.545716331627733,medio
2899,19,3257.0,171.42105263157896,244.75,0.47368421052631576,3128.99,128.01,4.795789473684211,0.42105263157894735,3,-0.35935734879039494,medio
2900,19,3615.05,190.2657894736842,312.45,0.3684210526315789,3131.36,483.68999999999994,4.031578947368421,0.2631578947368421,7,0.2649749565453414,medio
2901,29,2202.65,75.95344827586207,122.45,0.2413793103448276,742.97,1459.68,4.64551724137931,0.4827586206896552,9,5.141978381333114,alto
2902,18,616.85,34.269444444444446,66.45,0.3888888888888889,860.92,-244.06999999999996,4.7972222222222225,0.3333333333333333,5,-1.6541427730703309,baixo
2903,17,214.75,12.632352941176471,24.95,0.5294117647058824,211.31,3.439999999999997,4.319411764705883,0.11764705882352941,3,-4.7652912145196025,baixo
2904,19,14033.1,738.5842105263158,974.8,0.21052631578947367,5536.37,8496.73,4.241052631578947,0.15789473684210525,8,7.770015935080921,alto
2905,20,6636.0,331.8,483.6,0.4,9524.710000000001,-2888.7099999999996,6.970000000000001,0.5,4,0.5350778199977337,medio
2906,21,301.55,14.359523809523811,23.45,0.23809523809523808,110.80000000000001,190.75,3.79,0.42857142857142855,7,0.8707329689963507,alto
2907,26,5492.4,211.24615384615385,319.75,0.4230769230769231,4755.14,737.26,3.7973076923076925,0.38461538461538464,4,1.911360582716188,alto
2908,15,574.8000000000001,38.32000000000001,64.95,0.3333333333333333,796.26,-221.46,5.820000000000001,0.3333333333333333,3,-3.167052876945791,baixo
2909,19,209.2,11.010526315789473,23.25,0.47368421052631576,198.41,10.79,5.021052631578947,0.42105263157894735,5,-0.6460845416854786,medio
2910,17,1384.7,81.45294117647059,124.6,0.29411764705882354,342.06,1042.64,4.411764705882353,0.23529411764705882,6,-1.333079570877656,baixo
2911,18,2915.45,161.96944444444443,230.4,0.3888888888888889,3226.33,-310.88000000000005,3.8261111111111115,0.3333333333333333,3,-1.690560209067818,baixo
2912,16,2740.25,171.265625,245.15,0.4375,2755.95,-15.699999999999932,4.656875,0.375,3,-1.5335391981129187,baixo
2913,21,602.5,28.69047619047619,69.65,0.47619047619047616,449.82,152.68,4.424761904761905,0.2857142857142857,3,-2.1294848869725485,baixo
2914,15,2244.25,149.61666666666667,220.3,0.4666666666666667,4493.39,-2249.14,6.2780000000000005,0.4666666666666667,2,-2.688538485106755,baixo
2915,17,10129.8,595.8705882352941,960.1,0.4117647058823529,14439.51,-4309.709999999999,4.64764705882353,0.11764705882352941,4,-2.598349928780953,baixo
2916,19,89.2,4.6947368421052635,9.9,0.3684210526315789,196.88000000000002,-107.67999999999999,4.834736842105263,0.21052631578947367,4,-3.1341547872018323,baixo
2917,19,3061.5,161.1315789473684,243.25,0.3684210526315789,1557.68,1503.82,3.9599999999999995,0.2631578947368421,4,-0.7148081169591847,medio
2918,13,2020.0,155.3846153846154,240.0,0.23076923076923078,532.59,1487.4099999999999,4.583076923076923,0.3076923076923077,6,-0.8159589406868616,medio
2919,15,2297.4,153.16,242.95,0.26666666666666666,642.81,1654.59,7.323333333333333,0.5333333333333333,7,2.2265941080594827,alto
2920,18,288.05,16.00277777777778,24.2,0.16666666666666666,68.47,219.57999999999998,3.406111111111111,0.3333333333333333,7,-0.652915932194916,medio
2921,18,1365.25,75.84722222222223,123.65,0.3888888888888889,1379.8899999999999,-14.639999999999944,5.109444444444445,0.6666666666666666,5,1.8278579867851414,alto
2922,24,1835.45,76.47708333333334,123.85,0.375,2199.37,-363.9200000000001,4.760416666666667,0.2916666666666667,8,0.8540651127679841,alto
2923,19,3614.4,190.23157894736843,309.9,0.21052631578947367,951.26,2663.14,4.310526315789474,0.2631578947368421,9,2.303477370266436,alto
2924,17,95.1,5.594117647058823,10.0,0.35294117647058826,75.99000000000001,19.110000000000003,3.918823529411765,0.29411764705882354,5,-2.297509061994245,baixo
2925,18,1460.85,81.15833333333333,119.95,0.2222222222222222,508.83,952.02,5.098888888888889,0.4444444444444444,7,1.2096983400320889,alto
2926,25,5542.05,221.68200000000002,310.8,0.32,8053.93,-2511.88,5.0927999999999995,0.36,5,0.24623613711467113,medio
2927,16,3429.85,214.365625,310.3,0.4375,5366.19,-1936.3400000000001,4.3375,0.5,3,-1.1044793733835805,medio
2928,21,802.95,38.23571428571429,69.45,0.3333333333333333,1217.0,-414.04999999999995,5.5528571428571425,0.47619047619047616,4,-0.16811479991009826,medio
2929,15,3136.35,209.09,303.6,0.3333333333333333,3328.06,-191.71,4.128,0.2,4,-2.763797471003615,baixo
2930,21,3636.15,173.15,247.95,0.5238095238095238,5280.29,-1644.1399999999999,3.1514285714285717,0.38095238095238093,4,-0.7703754519058197,medio
2931,18,79.14999999999999,4.397222222222222,9.6,0.3888888888888889,76.08,3.0699999999999976,4.872777777777777,0.2222222222222222,5,-2.7531849839060047,baixo
2932,26,126.8,4.8769230769230765,9.9,0.34615384615384615,126.56,0.24000000000000377,4.434615384615385,0.3076923076923077,4,-0.6113520804585398,medio
2933,26,277.2,10.661538461538461,22.75,0.34615384615384615,138.15,139.04999999999998,3.601923076923077,0.38461538461538464,8,1.9730080304263877,alto
2934,13,1077.4,82.87692307692308,122.8,0.23076923076923078,589.46,487.94,3.7284615384615383,0.3076923076923077,5,-2.286923836880346,baixo
2935,21,724.0,34.476190476190474,60.15,0.47619047619047616,1393.46,-669.46,5.650952380952381,0.3333333333333333,4,-1.6469991637629677,baixo
2936,21,3884.05,184.9547619047619,313.1,0.19047619047619047,1022.37,2861.6800000000003,4.24,0.38095238095238093,9,3.906857146380653,alto
2937,19,273.95,14.418421052631578,24.05,0.2631578947368421,154.25,119.7,5.331052631578947,0.3684210526315789,5,-1.050049777974316,medio
2938,27,1089.95,40.36851851851852,69.45,0.37037037037037035,1032.17,57.779999999999994,5.887407407407408,0.4074074074074074,7,2.1283328871952936,alto
2939,16,3183.65,198.978125,284.9,0.4375,4224.72,-1041.0700000000002,4.30875,0.3125,4,-2.023368185260753,baixo
2940,13,515.95,39.68846153846154,69.75,0.3076923076923077,677.23,-161.28,7.37,0.23076923076923078,4,-4.079092648713716,baixo
2941,21,3483.65,165.88809523809525,246.9,0.2857142857142857,2838.16,645.49,4.537619047619048,0.2857142857142857,5,-0.04167275802660919,medio
2942,32,5432.35,169.7609375,237.7,0.34375,3736.52,1695.83,4.38625,0.21875,3,1.5092782993708933,alto
2943,24,3684.45,153.51874999999998,245.6,0.3333333333333333,4598.87,-914.4200000000001,5.51125,0.4166666666666667,6,1.3642456862111212,alto
2944,20,745.05,37.2525,68.05,0.35,939.9,-194.85,4.242,0.4,5,-0.5446398888266057,medio
2945,25,1814.55,72.582,111.75,0.28,1835.23,-20.67999999999995,6.1972000000000005,0.6,6,3.1960325673427343,alto
2946,29,1074.7,37.05862068965517,62.9,0.3793103448275862,1007.62,67.07999999999998,3.874137931034483,0.27586206896551724,5,0.4648458587698564,medio
2947,26,5289.4,203.43846153846152,302.45,0.2692307692307692,4634.6,654.7999999999997,5.055000000000001,0.2692307692307692,5,1.1901644414038244,alto
2948,29,1183.55,40.81206896551724,68.45,0.2413793103448276,668.94,514.61,6.267931034482759,0.5172413793103449,6,3.394595996998789,alto
2949,18,3081.8,171.2111111111111,243.45,0.3888888888888889,3783.35,-701.5500000000001,4.151666666666667,0.3333333333333333,3,-1.8344642834084388,baixo
2950,22,1655.65,75.25681818181819,110.3,0.3181818181818182,3029.99,-1374.34,5.08,0.4090909090909091,5,-0.377608951391203,medio
2951,24,1975.25,82.30208333333333,125.0,0.25,1181.29,793.96,5.253333333333333,0.4583333333333333,7,2.6058749898757547,alto
2952,15,72.3,4.819999999999999,9.95,0.3333333333333333,43.28,29.02,3.896,0.4,4,-2.2096764904677504,baixo
2953,16,1226.65,76.665625,122.85,0.25,502.84,723.81,4.679375,0.375,5,-0.9116474458461573,medio
2954,15,86.35,5.756666666666666,9.9,0.4666666666666667,55.26,31.089999999999996,4.229333333333333,0.3333333333333333,3,-3.257214164256101,baixo
2955,20,6891.15,344.5575,484.7,0.4,4100.98,2790.17,4.789,0.35,3,1.8168458109330103,alto
2956,15,1091.8,72.78666666666666,117.6,0.4666666666666667,1816.02,-724.2199999999999,3.646,0.4,3,-2.5819947765231825,baixo
2957,17,2814.4,165.5529411764706,246.2,0.23529411764705882,1079.19,1735.21,3.4635294117647057,0.47058823529411764,7,2.2243153590477505,alto
2958,26,898.15,34.544230769230765,69.75,0.34615384615384615,771.54,126.60999999999997,3.848076923076923,0.3076923076923077,5,0.1005517638211762,medio
2959,25,4814.1,192.56400000000002,311.4,0.2,1173.02,3641.08,5.5604,0.24,6,2.6487443472612417,alto
2960,13,2849.85,219.21923076923076,306.25,0.3076923076923077,1928.48,921.37,5.022307692307693,0.46153846153846156,4,-0.13903878351320165,medio
2961,17,705.85,41.52058823529412,69.35,0.6470588235294118,1374.6499999999999,-668.8,5.305294117647058,0.5882352941176471,2,-1.0245489062481652,medio
2962,22,88.25,4.011363636363637,9.85,0.2727272727272727,56.36,31.89,4.8500000000000005,0.5454545454545454,4,0.6957484232806799,medio
2963,19,3587.75,188.82894736842104,303.3,0.2631578947368421,2855.65,732.1,3.93,0.2631578947368421,5,-0.49366102508888154,medio
2964,26,304.65,11.717307692307692,23.6,0.3076923076923077,139.11,165.54,5.104230769230769,0.34615384615384615,6,0.7589809203549438,alto
2965,27,4321.45,160.0537037037037,245.3,0.3333333333333333,4869.200000000001,-547.7500000000001,5.486296296296296,0.3333333333333333,6,1.507787834549559,alto
2966,14,2238.45,159.8892857142857,248.6,0.5,2108.04,130.40999999999997,5.073571428571428,0.35714285714285715,5,-1.2662895274848143,baixo
2967,16,457.85,28.615625,65.65,0.375,905.29,-447.44,5.546875,0.25,3,-3.8983582790688605,baixo
2968,14,2561.25,182.94642857142858,249.45,0.6428571428571429,3624.01,-1062.76,3.1092857142857144,0.35714285714285715,3,-2.6221295944897562,baixo
2969,17,2609.5,153.5,244.05,0.5294117647058824,3135.79,-526.2900000000001,4.934117647058823,0.29411764705882354,2,-2.889368454023413,baixo
2970,13,1867.2,143.63076923076923,220.55,0.38461538461538464,1182.8200000000002,684.38,6.264615384615384,0.6153846153846154,4,0.6328678215204004,medio
2971,18,676.75,37.59722222222222,69.8,0.4444444444444444,651.34,25.409999999999997,3.901666666666667,0.2222222222222222,4,-2.952941762519759,baixo
2972,17,1520.65,89.45,123.85,0.47058823529411764,2356.07,-835.4200000000001,4.049411764705883,0.4117647058823529,4,-1.529360540946132,baixo
2973,19,3594.95,189.2078947368421,313.05,0.3684210526315789,3012.8199999999997,582.13,4.655263157894737,0.2631578947368421,8,0.750353358365538,medio
2974,21,3554.9,169.28095238095239,239.5,0.2857142857142857,3126.41,428.49,4.4523809523809526,0.19047619047619047,7,-0.13105468793910058,medio
2975,28,4670.85,166.81607142857143,249.45,0.35714285714285715,7332.18,-2661.3300000000004,6.225357142857143,0.2857142857142857,4,-0.664417703254484,medio
2976,19,3208.4,168.86315789473684,240.0,0.3157894736842105,1195.75,2012.65,3.6605263157894736,0.10526315789473684,9,0.35469474607036044,medio
2977,23,16320.35,709.5804347826087,998.3,0.43478260869565216,25055.46,-8735.11,4.792173913043478,0.4782608695652174,5,0.9434751665525656,alto
2978,19,7021.15,369.53421052631575,471.65,0.3684210526315789,5621.7699999999995,1399.3799999999999,4.830000000000001,0.3684210526315789,5,2.076502966888101,alto
2979,18,269.3,14.961111111111112,24.85,0.2222222222222222,49.83,219.47,4.639444444444445,0.2777777777777778,10,0.1486628760766603,medio
2980,19,594.6,31.294736842105266,68.4,0.3157894736842105,295.34000000000003,299.26,3.2110526315789474,0.42105263157894735,3,-1.2337852883160443,baixo
2981,21,4642.35,221.06428571428575,285.4,0.2857142857142857,2842.44,1799.9099999999999,6.498095238095239,0.38095238095238093,4,1.3896727489158291,alto
2982,21,7807.8,371.8,491.9,0.2857142857142857,4495.6,3312.2,3.5914285714285716,0.47619047619047616,6,4.990623733844219,alto
2983,18,1332.55,74.03055555555555,116.2,0.3888888888888889,1679.22,-346.66999999999996,6.589444444444444,0.5,3,-0.7786223722485932,medio
2984,22,264.45,12.020454545454545,22.1,0.3181818181818182,539.85,-275.4,3.4254545454545453,0.36363636363636365,7,0.2322106763244168,medio
2985,20,12730.9,636.545,953.65,0.5,23125.26,-10394.36,4.195,0.4,2,-3.1561563269734987,baixo
2986,19,4104.25,216.01315789473685,319.65,0.3157894736842105,4119.76,-15.510000000000105,4.8589473684210525,0.21052631578947367,9,0.5725367518377222,medio
2987,17,704.1,41.41764705882353,64.15,0.5294117647058824,848.69,-144.58999999999997,2.7441176470588236,0.11764705882352941,4,-4.205261815332985,baixo
2988,21,740.2,35.24761904761905,64.55,0.3333333333333333,778.78,-38.58,7.257619047619047,0.47619047619047616,4,0.010797819325737867,medio
2989,20,101.9,5.095000000000001,9.45,0.3,84.27,17.629999999999995,4.975,0.35,4,-1.5547043799139457,baixo
2990,20,3633.2,181.66,248.9,0.3,3903.94,-270.74000000000024,5.7945,0.45,5,0.8709979492323463,alto
2991,23,7919.0,344.30434782608694,497.6,0.30434782608695654,10839.76,-2920.7599999999993,4.801304347826087,0.4782608695652174,7,2.396936957188509,alto
2992,23,3803.15,165.35434782608695,234.8,0.30434782608695654,3618.98,184.17000000000002,6.288695652173914,0.391304347826087,6,1.5716062549778715,alto
2993,19,2997.3,157.7526315789474,238.35,0.3684210526315789,5313.639999999999,-2316.34,5.608421052631579,0.21052631578947367,3,-3.693538133855239,baixo
2994,19,241.1,12.689473684210526,24.45,0.5263157894736842,278.42,-37.32,4.512105263157895,0.3684210526315789,3,-2.026116479357165,baixo
2995,20,3311.6,165.57999999999998,244.1,0.35,1938.3300000000002,1373.27,5.609,0.4,5,1.1726827412105973,alto
2996,22,3857.45,175.33863636363637,244.4,0.18181818181818182,658.03,3199.42,4.797272727272727,0.4090909090909091,15,7.1457313426770295,alto
2997,23,1873.15,81.44130434782609,122.65,0.43478260869565216,2450.52,-577.3699999999999,5.641304347826087,0.43478260869565216,6,0.9897549649676689,alto
2998,21,4708.25,224.20238095238096,319.95,0.2857142857142857,2513.11,2195.14,4.470952380952381,0.2857142857142857,12,4.266008516444394,alto
2999,30,2656.3,88.54333333333334,122.55,0.43333333333333335,2250.39,405.91,3.333666666666667,0.3,5,1.4461971717887918,alto
3000,16,3580.6,223.7875,318.65,0.5625,4490.5,-909.9000000000001,4.105,0.3125,3,-2.2231083381900487,baixo
3001,18,661.3,36.73888888888889,69.1,0.5555555555555556,1118.03,-456.73,4.167777777777777,0.3333333333333333,2,-3.0712099688221897,baixo
3002,14,2884.9,206.06428571428572,312.95,0.35714285714285715,2594.27,290.63000000000005,4.39,0.42857142857142855,4,-0.644755712916509,medio
3003,25,4557.35,182.294,244.95,0.36,5128.53,-571.1799999999998,4.4984,0.4,5,1.374861716541399,alto
3004,13,578.75,44.51923076923077,69.05,0.38461538461538464,501.87,76.88000000000001,4.496923076923077,0.38461538461538464,4,-2.500664446371069,baixo
3005,17,3142.3,184.84117647058824,243.95,0.35294117647058826,1825.4699999999998,1316.8300000000002,6.729411764705882,0.4117647058823529,6,1.1521353666147531,alto
3006,20,769.8,38.489999999999995,68.45,0.25,582.67,187.13,6.306,0.35,5,-0.7942017296750316,medio
3007,20,3198.2,159.91,245.05,0.4,2718.33,479.87,3.3255000000000003,0.05,5,-2.5683977235236397,baixo
3008,22,852.95,38.77045454545455,63.6,0.4090909090909091,582.87,270.08,4.662727272727273,0.22727272727272727,4,-1.8721466659269912,baixo
3009,24,15569.7,648.7375000000001,996.95,0.2916666666666667,11539.35,4030.35,5.411666666666666,0.20833333333333334,6,5.482412447447134,alto
3010,23,314.9,13.691304347826087,24.5,0.43478260869565216,233.18,81.72,3.4543478260869565,0.30434782608695654,5,-0.7699132940305361,medio
3011,29,2230.45,76.91206896551724,113.65,0.5172413793103449,2646.23,-415.7800000000001,4.263793103448276,0.3793103448275862,3,0.5560258362707364,medio
3012,18,219.9,12.216666666666667,24.7,0.3888888888888889,128.22,91.68,3.011111111111111,0.2777777777777778,5,-2.139956913483851,baixo
3013,18,4086.45,227.02499999999998,317.25,0.5555555555555556,4234.85,-148.39999999999995,3.828333333333333,0.3333333333333333,3,-1.1560204707194015,medio
3014,23,4631.75,201.3804347826087,319.15,0.21739130434782608,3104.0499999999997,1527.6999999999998,4.312608695652174,0.2608695652173913,8,2.2116698898558584,alto
3015,24,4973.05,207.21041666666667,319.3,0.375,2891.8500000000004,2081.2,4.928333333333334,0.5,7,4.534605280641895,alto
3016,24,936.8,39.03333333333333,68.1,0.25,449.15000000000003,487.65,4.96125,0.2916666666666667,6,0.16783344714154624,medio
3017,25,1968.8,78.752,120.85,0.32,1340.54,628.26,4.506,0.28,5,0.19228625985935632,medio
3018,27,3559.85,131.8462962962963,246.8,0.2222222222222222,1275.03,2284.82,3.9251851851851853,0.25925925925925924,10,3.8969049052325273,alto
3019,24,1945.5,81.0625,121.6,0.5,2011.15,-65.65,3.8920833333333333,0.4583333333333333,3,0.3791457463719765,medio
3020,20,762.55,38.1275,65.8,0.4,814.61,-52.05999999999999,5.911499999999999,0.45,6,0.4386662808765437,medio
3021,26,2335.9,89.8423076923077,123.95,0.38461538461538464,2560.73,-224.82999999999998,5.311153846153847,0.4230769230769231,4,0.9183938861833787,alto
3022,22,5014.3,227.9227272727273,315.25,0.5,5774.2699999999995,-759.97,4.105,0.4090909090909091,3,0.1199127420668239,medio
3023,15,3152.1,210.14,313.45,0.3333333333333333,5566.56,-2414.4599999999996,6.270666666666667,0.3333333333333333,3,-3.148489049261802,baixo
3024,15,3254.3,216.95333333333335,319.95,0.4,3130.31,123.99000000000007,3.7513333333333336,0.4666666666666667,3,-0.5233295539703509,medio
3025,16,1145.0,71.5625,101.4,0.25,487.53000000000003,657.47,4.15625,0.1875,8,-1.389890527023929,baixo
3026,18,1588.05,88.225,124.35,0.5555555555555556,1586.37,1.6799999999999624,2.964444444444444,0.16666666666666666,3,-3.569379662649813,baixo
3027,22,265.65,12.075,22.3,0.36363636363636365,261.48,4.170000000000002,6.597272727272728,0.3181818181818182,4,-1.359089317774382,baixo
3028,18,3137.25,174.29166666666666,249.6,0.5555555555555556,4859.58,-1722.33,4.966666666666667,0.3333333333333333,3,-2.3556141986732855,baixo
3029,14,5036.4,359.74285714285713,455.65,0.21428571428571427,1183.58,3852.82,4.560714285714286,0.2857142857142857,5,1.4298286519128824,alto
3030,11,1960.6,178.23636363636362,248.25,0.09090909090909091,1136.99,823.61,4.34909090909091,0.09090909090909091,8,-2.57750436883615,baixo
3031,14,2019.6,144.25714285714284,241.05,0.5714285714285714,1876.76,142.83999999999995,4.008571428571428,0.07142857142857142,3,-4.882659677057808,baixo
3032,21,87.4,4.161904761904762,9.8,0.3333333333333333,111.74000000000001,-24.339999999999993,5.6866666666666665,0.3333333333333333,7,-0.1919925156503834,medio
3033,23,974.9,42.38695652173913,68.95,0.30434782608695654,829.52,145.38,5.8017391304347825,0.391304347826087,7,1.1441583716412533,alto
3034,26,136.70000000000002,5.2576923076923086,9.65,0.23076923076923078,154.34,-17.639999999999997,5.7907692307692304,0.34615384615384615,5,0.17678451050325322,medio
3035,19,1717.25,90.38157894736842,120.75,0.3157894736842105,1702.32,14.930000000000035,3.8299999999999996,0.42105263157894735,6,0.343314987362484,medio
3036,22,327.95,14.906818181818181,24.9,0.5454545454545454,470.24,-142.29000000000002,4.3945454545454545,0.2727272727272727,2,-2.717256088227956,baixo
3037,18,3216.95,178.71944444444443,244.35,0.5,4613.05,-1396.1,4.720555555555555,0.2777777777777778,3,-2.6640453591874174,baixo
3038,22,3777.2,171.6909090909091,249.65,0.5,5696.1,-1918.8999999999999,4.532727272727272,0.22727272727272727,4,-2.1194504109684584,baixo
3039,18,695.5,38.638888888888886,67.9,0.2777777777777778,331.93,363.57,5.946111111111112,0.5,4,-0.20472164967482587,medio
3040,28,1056.55,37.73392857142857,69.35,0.4642857142857143,1598.74,-542.19,3.266428571428572,0.39285714285714285,4,0.5601785244000257,medio
3041,13,1172.8,90.21538461538461,124.9,0.3076923076923077,426.6,746.2,4.340769230769231,0.07692307692307693,4,-4.66741074506869,baixo
3042,25,2139.55,85.58200000000001,118.6,0.2,1024.95,1114.6,4.1419999999999995,0.28,8,1.8188383372702561,alto
3043,28,1036.65,37.02321428571429,69.05,0.42857142857142855,996.55,40.099999999999994,5.667857142857143,0.35714285714285715,5,0.9757154696055252,alto
3044,19,3812.15,200.63947368421054,306.85,0.3684210526315789,3273.75,538.4,4.935789473684211,0.47368421052631576,3,0.5453122558564745,medio
3045,11,61.099999999999994,5.554545454545454,9.45,0.18181818181818182,34.05,27.049999999999997,6.27,0.5454545454545454,7,-0.4394899870479154,medio
3046,24,1941.65,80.90208333333334,117.9,0.5,1815.69,125.96,3.4391666666666665,0.4583333333333333,2,0.03948668167293101,medio
3047,22,1647.4,74.88181818181819,118.85,0.2727272727272727,919.1099999999999,728.29,5.067272727272727,0.4090909090909091,5,0.7370035408280001,medio
3048,8,753.55,94.19375,122.95,0.5,615.92,137.62999999999997,2.3675,0.25,4,-4.487600738072389,baixo
3049,23,119.69999999999999,5.2043478260869565,9.65,0.4782608695652174,116.29,3.41,6.086956521739131,0.34782608695652173,5,-0.4690841960974464,medio
3050,20,12582.05,629.1025,889.0,0.35,8375.7,4206.349999999999,4.073,0.4,3,4.990764973108556,alto
3051,25,954.2,38.168,62.95,0.56,945.04,9.160000000000025,3.6648,0.32,3,-0.9281586692095785,medio
3052,17,673.15,39.59705882352941,65.4,0.47058823529411764,524.13,149.01999999999998,2.57,0.29411764705882354,2,-3.3153034404010127,baixo
3053,16,2412.3,150.76875,239.0,0.5,1908.37,503.92999999999995,3.89,0.375,2,-1.8390212081548412,baixo
3054,25,8682.25,347.29,486.45,0.36,9453.15,-770.8999999999999,3.7212,0.32,5,1.6678316036490624,alto
3055,26,4161.6,160.06153846153848,245.45,0.38461538461538464,2643.0,1518.6,2.6507692307692308,0.2692307692307692,7,2.231003656401855,alto
3056,22,4794.55,217.9340909090909,317.65,0.2727272727272727,2099.69,2694.86,3.3959090909090914,0.09090909090909091,11,2.4757284802256354,alto
3057,19,577.9,30.41578947368421,68.7,0.47368421052631576,547.22,30.680000000000007,3.241578947368421,0.3157894736842105,3,-2.3531698935279266,baixo
3058,19,735.4,38.705263157894734,69.8,0.5263157894736842,515.04,220.35999999999999,3.328421052631579,0.2631578947368421,4,-2.24022459259007,baixo
3059,15,180.65,12.043333333333333,24.95,0.4,140.85999999999999,39.79,4.414,0.26666666666666666,4,-3.383644545537436,baixo
3060,22,106.19999999999999,4.827272727272727,9.95,0.36363636363636365,97.13,9.07,4.468181818181818,0.3181818181818182,6,-0.5256949283868526,medio
3061,19,265.65,13.981578947368419,22.8,0.42105263157894735,205.03,60.620000000000005,5.661052631578947,0.2631578947368421,3,-2.935799265905052,baixo
3062,11,970.6,88.23636363636363,118.3,0.36363636363636365,589.09,381.51,5.453636363636364,0.18181818181818182,3,-4.796020087760381,baixo
3063,25,4271.25,170.85,242.45,0.44,3283.9,987.35,5.2124,0.4,2,0.8030272062501644,alto
3064,25,4944.2,197.768,318.5,0.44,4279.73,664.4699999999999,4.4368,0.28,4,0.5911396751470469,medio
3065,14,66.95,4.7821428571428575,7.5,0.35714285714285715,24.630000000000003,42.32,4.331428571428572,0.35714285714285715,7,-1.5010006411662198,baixo
3066,24,2023.8,84.325,122.7,0.4583333333333333,1785.11,238.69000000000005,4.218333333333334,0.4166666666666667,3,0.17912377552086212,medio
3067,13,532.15,40.934615384615384,68.0,0.3076923076923077,302.99,229.16000000000003,5.701538461538462,0.38461538461538464,5,-2.004087265181934,baixo
3068,21,15806.3,752.6809523809524,988.95,0.23809523809523808,4661.68,11144.62,5.320476190476191,0.19047619047619047,8,10.022549225722713,alto
3069,21,3216.75,153.17857142857142,241.05,0.3333333333333333,2179.79,1036.96,3.485238095238095,0.38095238095238093,5,0.9569474197151313,alto
3070,26,4584.5,176.32692307692307,244.45,0.4230769230769231,4954.93,-370.4300000000002,4.366538461538462,0.34615384615384615,4,0.7275770738748192,medio
3071,21,3821.45,181.9738095238095,300.4,0.14285714285714285,481.94,3339.51,6.356666666666667,0.2857142857142857,6,1.9409353562738176,alto
3072,17,78.45,4.614705882352942,9.95,0.35294117647058826,108.7,-30.250000000000004,4.2047058823529415,0.35294117647058826,7,-0.9073510731412283,medio
3073,17,686.0,40.35294117647059,68.85,0.35294117647058826,921.62,-235.62,3.851764705882353,0.23529411764705882,4,-3.17614980516376,baixo
3074,23,884.05,38.43695652173913,68.9,0.391304347826087,1820.5299999999997,-936.4800000000001,5.539565217391305,0.4782608695652174,6,0.9035737335141381,alto
3075,18,707.05,39.28055555555555,66.95,0.2777777777777778,321.09000000000003,385.96,3.4905555555555554,0.5,7,1.1326832794580577,alto
3076,18,672.05,37.33611111111111,67.15,0.5555555555555556,497.03999999999996,175.01000000000002,4.651111111111111,0.2222222222222222,4,-2.8752533478494864,baixo
3077,18,1460.75,81.15277777777777,123.35,0.2777777777777778,1277.31,183.44000000000005,4.073333333333333,0.2777777777777778,11,1.0259176584908878,alto
3078,23,3816.6,165.9391304347826,241.65,0.391304347826087,2617.56,1199.04,4.031304347826087,0.17391304347826086,4,-0.7704050306412562,medio
3079,24,3653.7,152.23749999999998,246.85,0.2916666666666667,1467.7,2186.0,3.860416666666667,0.20833333333333334,5,0.6413844469523857,medio
3080,15,78.85,5.256666666666666,8.75,0.4,117.85,-39.00000000000001,4.5553333333333335,0.13333333333333333,3,-5.1420850088045285,baixo
3081,30,159.7,5.323333333333333,9.75,0.4,144.72,14.98,4.758333333333334,0.3,5,0.6651281479681224,medio
3082,19,6462.75,340.14473684210526,492.5,0.42105263157894735,4372.110000000001,2090.64,4.090526315789473,0.42105263157894735,5,2.726621198349471,alto
3083,18,1523.85,84.65833333333333,118.6,0.5,1733.3,-209.45,4.649444444444445,0.3888888888888889,4,-1.2166760885581016,baixo
3084,15,206.45,13.763333333333332,23.6,0.6,294.73,-88.28,4.021333333333334,0.4,3,-2.6507480618266257,baixo
3085,22,4268.15,194.00681818181818,290.65,0.09090909090909091,1009.8399999999999,3258.31,6.878636363636364,0.2727272727272727,16,6.488602123951232,alto
3086,29,4931.2,170.0413793103448,248.4,0.27586206896551724,4282.28,648.9200000000003,5.0600000000000005,0.3448275862068966,6,2.766487024266428,alto
3087,24,15597.9,649.9125,987.25,0.2916666666666667,9164.64,6433.26,5.565,0.4166666666666667,6,8.688278412872684,alto
3088,15,2703.3,180.22,275.25,0.4,3442.7200000000003,-739.42,4.640666666666666,0.26666666666666666,5,-2.1986265499137394,baixo
3089,25,330.45,13.218,24.55,0.24,192.38,138.07,5.7156,0.4,14,4.550100751908931,alto
3090,30,4877.7,162.59,246.9,0.26666666666666666,1573.0,3304.7,4.806666666666667,0.3,8,4.817660912590015,alto
3091,19,106.89999999999999,5.626315789473684,9.05,0.15789473684210525,32.47,74.42999999999999,5.442631578947368,0.3157894736842105,9,0.1414606618432087,medio
3092,26,137.8,5.300000000000001,9.6,0.34615384615384615,46.12,91.67999999999999,3.457692307692308,0.15384615384615385,5,-1.5380934425628747,baixo
3093,21,95.25,4.535714285714286,9.95,0.23809523809523808,26.33,68.92,5.338571428571429,0.42857142857142855,7,0.7383182778048745,medio
3094,13,2179.25,167.6346153846154,239.3,0.38461538461538464,3037.29,-858.04,5.569999999999999,0.3076923076923077,3,-3.2988628123129686,baixo
3095,23,1864.75,81.07608695652173,122.3,0.34782608695652173,1607.24,257.51,3.311304347826087,0.34782608695652173,9,1.950105820724585,alto
3096,27,1057.65,39.172222222222224,69.55,0.37037037037037035,1300.4399999999998,-242.79,5.56074074074074,0.3333333333333333,5,0.3966316928485365,medio
3097,21,1515.2,72.15238095238095,123.2,0.23809523809523808,658.15,857.05,7.163809523809523,0.42857142857142855,7,1.6229314400946278,alto
3098,14,4925.8,351.84285714285716,467.2,0.14285714285714285,715.05,4210.75,4.352857142857142,0.42857142857142855,10,5.084667995524054,alto
3099,15,5471.2,364.74666666666667,498.9,0.6,5665.53,-194.32999999999993,2.854,0.2,3,-2.133135017008006,baixo
3100,17,2902.0,170.7058823529412,238.65,0.35294117647058826,2134.34,767.66,5.008235294117647,0.29411764705882354,9,0.999229298479358,alto
3101,18,5910.85,328.3805555555556,473.7,0.2777777777777778,2527.68,3383.17,4.101111111111112,0.5,5,3.836266414895974,alto
3102,20,713.0,35.65,68.5,0.3,180.01,532.99,4.521,0.35,7,0.25072347807570206,medio
3103,24,4000.7999999999997,166.7,246.8,0.4166666666666667,6297.0,-2296.2,4.314583333333333,0.375,5,-0.10369298274299676,medio
3104,17,2585.4,152.08235294117648,249.75,0.23529411764705882,2778.76,-193.36000000000007,5.433529411764706,0.35294117647058826,5,-0.8587440473799536,medio
3105,21,739.75,35.226190476190474,63.5,0.2857142857142857,677.37,62.38000000000001,5.064761904761904,0.2857142857142857,7,-0.3709855114599787,medio
3106,25,5390.150000000001,215.60600000000002,315.55,0.32,2478.2,2911.9500000000003,4.2272,0.24,6,2.420084612625695,alto
3107,24,910.85,37.952083333333334,66.75,0.5416666666666666,527.19,383.65999999999997,3.56625,0.375,4,-0.0071839014058163175,medio
3108,20,118.8,5.9399999999999995,9.9,0.2,176.92000000000002,-58.120000000000005,5.3715,0.35,8,0.1723189626907447,medio
3109,31,2317.5,74.75806451612904,124.7,0.3225806451612903,2492.15,-174.64999999999998,4.51258064516129,0.22580645161290322,6,1.0230157438657475,alto
3110,21,698.25,33.25,69.1,0.38095238095238093,549.62,148.63000000000002,4.214285714285714,0.3333333333333333,4,-1.2207691843582702,baixo
3111,19,306.7,16.142105263157895,23.55,0.47368421052631576,345.13,-38.42999999999999,4.025789473684211,0.3684210526315789,3,-2.0029188996927565,baixo
3112,17,661.0,38.88235294117647,67.8,0.5294117647058824,755.99,-94.99000000000001,3.927647058823529,0.35294117647058826,3,-2.4671081526087177,baixo
3113,23,2080.4,90.45217391304348,124.65,0.30434782608695654,1392.94,687.46,4.805652173913043,0.30434782608695654,7,0.961515310674796,alto
3114,22,3784.55,172.025,247.85,0.5454545454545454,8478.17,-4693.62,5.8968181818181815,0.22727272727272727,3,-4.0318106696401825,baixo
3115,25,335.6,13.424000000000001,23.7,0.24,164.74,170.85999999999999,4.0768,0.2,7,-0.35778010324975607,medio
3116,27,4397.65,162.8759259259259,235.5,0.3333333333333333,2928.05,1469.6,3.8233333333333337,0.37037037037037035,5,2.500269167032013,alto
3117,27,5726.25,212.08333333333334,303.05,0.2962962962962963,6827.610000000001,-1101.3600000000001,5.755925925925926,0.2962962962962963,6,1.2305859757351754,alto
3118,21,1753.65,83.50714285714287,121.55,0.19047619047619047,958.03,795.62,6.0547619047619055,0.19047619047619047,6,-0.96729895533921,medio
3119,28,4587.9,163.85357142857143,242.45,0.32142857142857145,2605.34,1982.56,4.331071428571429,0.42857142857142855,7,4.420984924881685,alto
3120,23,7975.25,346.75,497.65,0.34782608695652173,8418.31,-443.0599999999997,3.6769565217391302,0.2608695652173913,7,1.7257208392584635,alto
3121,21,1787.55,85.12142857142857,122.85,0.47619047619047616,1183.17,604.38,3.9666666666666663,0.42857142857142855,3,-0.1834184959848918,medio
3122,17,1500.95,88.29117647058824,124.25,0.29411764705882354,924.09,576.86,5.38470588235294,0.23529411764705882,4,-2.4141758301955236,baixo
3123,17,258.3,15.194117647058825,24.95,0.5882352941176471,580.5699999999999,-322.27000000000004,3.6788235294117646,0.35294117647058826,3,-2.751072661751202,baixo
3124,25,8908.0,356.32,493.05,0.36,8857.3,50.69999999999976,4.7716,0.2,5,1.060076981580495,alto
3125,18,2847.5,158.19444444444446,241.6,0.3333333333333333,1047.26,1800.24,4.3311111111111105,0.4444444444444444,5,1.3104107568455268,alto
3126,19,3724.1,196.00526315789475,315.5,0.3684210526315789,2650.06,1074.04,2.9678947368421054,0.2631578947368421,4,-0.7028974605402484,medio
3127,25,125.75,5.03,9.65,0.2,97.22,28.530000000000005,4.5536,0.32,7,0.61527469689296,medio
3128,29,5654.05,194.96724137931034,307.55,0.3448275862068966,2878.37,2775.6800000000003,5.381034482758621,0.3103448275862069,5,3.3099087575630914,alto
3129,21,4622.35,220.11190476190478,309.05,0.38095238095238093,3571.85,1050.5,5.069047619047619,0.2857142857142857,5,0.5471043657018972,medio
3130,11,2106.65,191.51363636363638,314.25,0.36363636363636365,1065.24,1041.41,3.1036363636363635,0.2727272727272727,4,-2.4552229011863025,baixo
3131,26,4374.6,168.25384615384615,238.9,0.2692307692307692,1990.02,2384.58,3.810769230769231,0.3076923076923077,5,2.2214950576782253,alto
3132,10,1681.35,168.135,248.1,0.4,2115.2,-433.85,4.163,0.2,3,-4.735157314298219,baixo
3133,23,3586.9,155.95217391304348,235.0,0.5217391304347826,3273.05,313.85,3.9582608695652177,0.2608695652173913,2,-1.388447383508778,baixo
3134,28,4883.25,174.40178571428572,317.35,0.32142857142857145,5036.4400000000005,-153.19000000000017,5.128214285714286,0.2857142857142857,5,1.1608644192134936,alto
3135,17,483.25,28.426470588235293,55.05,0.29411764705882354,445.63,37.62,4.014705882352941,0.23529411764705882,5,-2.6727749265508374,baixo
3136,29,2187.0,75.41379310344827,116.45,0.3448275862068966,1591.9099999999999,595.09,6.185862068965517,0.3448275862068966,4,1.2052111654446058,alto
3137,23,858.45,37.323913043478264,67.45,0.5217391304347826,755.38,103.06999999999996,4.365217391304348,0.30434782608695654,6,-0.15538686311606903,medio
3138,19,1456.5,76.65789473684211,124.95,0.21052631578947367,605.02,851.48,4.400526315789474,0.47368421052631576,6,1.1785620640455998,alto
3139,12,1031.65,85.97083333333335,118.1,0.25,224.35000000000002,807.3,5.341666666666666,0.3333333333333333,5,-2.0835226704049,baixo
3140,20,845.9,42.295,68.55,0.45,898.0,-52.10000000000004,3.6310000000000002,0.2,3,-3.1589611250426883,baixo
3141,27,1066.2,39.48888888888889,67.2,0.4444444444444444,1381.91,-315.71000000000004,5.383703703703704,0.2962962962962963,5,0.018552902243965386,medio
3142,18,11900.0,661.1111111111111,997.25,0.4444444444444444,10107.42,1792.5799999999997,4.749444444444444,0.5,4,4.8431622863189965,alto
3143,17,77.3,4.547058823529412,9.6,0.29411764705882354,93.07,-15.769999999999998,5.300588235294118,0.4117647058823529,6,-0.7980786239318485,medio
3144,18,237.1,13.172222222222222,21.45,0.3333333333333333,401.64,-164.54,6.0505555555555555,0.2222222222222222,4,-3.2221476587165454,baixo
3145,13,4871.1,374.70000000000005,485.05,0.38461538461538464,4049.25,821.8499999999999,4.649230769230769,0.38461538461538464,3,-0.27037622988084176,medio
3146,18,3005.65,166.98055555555555,241.2,0.5,4017.99,-1012.3399999999999,3.637777777777778,0.6111111111111112,2,0.09226128271114264,medio
3147,17,2390.45,140.61470588235292,244.1,0.47058823529411764,2361.09,29.359999999999957,4.311176470588236,0.35294117647058826,4,-1.259776001033493,baixo
3148,21,3821.35,181.96904761904761,244.3,0.38095238095238093,3989.48,-168.13000000000017,4.773333333333333,0.47619047619047616,7,2.2739077720467984,alto
3149,19,86.4,4.5473684210526315,9.55,0.2631578947368421,43.28,43.12,4.734736842105263,0.21052631578947367,7,-1.7339575852157343,baixo
3150,20,262.0,13.1,24.9,0.4,212.74,49.25999999999999,3.655,0.1,6,-2.9072529468327977,baixo
3151,30,2231.35,74.37833333333333,120.75,0.5,2753.08,-521.73,4.245,0.36666666666666664,4,1.0300858562598698,alto
3152,10,435.45,43.545,60.55,0.4,325.39,110.05999999999999,5.067,0.5,4,-2.0978994227460457,baixo
3153,26,858.25,33.00961538461539,69.0,0.38461538461538464,608.57,249.68,4.326923076923077,0.34615384615384615,4,0.06965837821556636,medio
3154,23,3764.7,163.68260869565216,237.1,0.4782608695652174,7956.14,-4191.44,5.975652173913043,0.2608695652173913,3,-3.2886329850425864,baixo
3155,22,3465.9,157.54090909090908,241.25,0.4090909090909091,3202.42,263.48000000000013,4.1440909090909095,0.2727272727272727,5,-0.19787335710587017,medio
3156,17,3707.65,218.0970588235294,316.1,0.4117647058823529,2499.86,1207.79,5.755882352941177,0.5294117647058824,5,1.9677717630733693,alto
3157,18,85.2,4.733333333333333,9.9,0.4444444444444444,57.44,27.759999999999998,4.808888888888889,0.3888888888888889,4,-1.6412924460390668,baixo
3158,24,137.25,5.71875,9.35,0.375,133.12,4.1300000000000034,3.847916666666667,0.25,3,-2.023894480699883,baixo
3159,18,693.8,38.544444444444444,67.25,0.05555555555555555,25.19,668.61,5.496666666666666,0.2222222222222222,10,0.037512536664123575,medio
3160,15,1141.2,76.08,118.2,0.4666666666666667,1288.21,-147.01,3.4153333333333338,0.4666666666666667,3,-1.6378860617047544,baixo
3161,18,2989.3,166.07222222222222,247.7,0.3333333333333333,2325.04,664.26,3.826666666666666,0.2222222222222222,7,-0.4072669199448915,medio
3162,22,1810.3,82.28636363636363,124.8,0.2727272727272727,989.19,821.11,4.151363636363636,0.3181818181818182,4,-0.4412919542560177,medio
3163,25,946.65,37.866,67.45,0.4,443.32,503.33000000000004,4.4248,0.44,6,1.7599278434874943,alto
3164,30,1042.85,34.76166666666666,66.85,0.26666666666666666,468.59000000000003,574.26,4.591333333333334,0.36666666666666664,10,3.9816520518824263,alto
3165,18,240.54999999999998,13.363888888888887,24.4,0.3333333333333333,291.84999999999997,-51.30000000000001,5.328888888888889,0.3333333333333333,5,-1.6957493380515374,baixo
3166,22,940.9,42.768181818181816,69.65,0.4090909090909091,1760.6,-819.6999999999999,4.317727272727272,0.45454545454545453,3,-0.7683373970485139,medio
3167,22,936.0,42.54545454545455,69.75,0.5,730.36,205.64000000000001,3.722272727272727,0.3181818181818182,2,-1.9228365437510109,baixo
3168,18,810.5,45.02777777777778,69.55,0.3888888888888889,712.88,97.62,4.110555555555555,0.2222222222222222,4,-2.863380438300628,baixo
3169,22,3561.95,161.90681818181818,246.25,0.3181818181818182,3905.49,-343.54,5.257272727272727,0.4090909090909091,6,1.2074378860254433,alto
3170,21,4338.0,206.57142857142858,314.65,0.42857142857142855,3472.23,865.7700000000001,3.4285714285714284,0.3333333333333333,5,0.7947540307673943,alto
3171,31,2650.6,85.50322580645161,124.6,0.25806451612903225,1419.41,1231.19,4.459354838709678,0.5161290322580645,4,3.6403323226550883,alto
3172,21,3149.5,149.97619047619048,242.5,0.47619047619047616,5319.24,-2169.74,5.137619047619047,0.38095238095238093,5,-0.7689404179976864,medio
3173,30,2551.2,85.03999999999999,121.5,0.5,2768.85,-217.65000000000003,3.3160000000000003,0.4,7,2.8935601574337015,alto
3174,24,4779.85,199.1604166666667,311.85,0.375,5135.9400000000005,-356.0899999999999,6.546666666666667,0.375,7,2.0315162634549,alto
3175,19,83.15,4.376315789473685,9.0,0.5263157894736842,202.63,-119.47999999999999,5.327368421052632,0.3684210526315789,4,-1.6866828545948795,baixo
3176,20,3739.7,186.98499999999999,247.5,0.2,1178.62,2561.08,5.309,0.25,7,1.4488639516958484,alto
3177,19,6965.8,366.62105263157895,460.0,0.3157894736842105,6678.46,287.3399999999997,5.117368421052632,0.2631578947368421,6,0.9353080244465481,alto
3178,26,5089.45,195.74807692307692,316.55,0.3076923076923077,2796.3,2293.15,5.087307692307693,0.34615384615384615,7,3.5977163980983993,alto
3179,12,3944.2,328.68333333333334,475.95,0.5833333333333334,2929.13,1015.0699999999999,3.108333333333333,0.4166666666666667,3,-0.4132426543101143,medio
3180,24,1849.85,77.07708333333333,121.85,0.4166666666666667,1876.1399999999999,-26.289999999999957,4.909583333333333,0.25,5,-0.6676999785217398,medio
3181,19,102.65,5.402631578947369,10.0,0.3157894736842105,65.07000000000001,37.58,3.5073684210526315,0.15789473684210525,8,-1.7759580270217912,baixo
3182,11,875.8,79.61818181818181,117.3,0.2727272727272727,441.6,434.2,3.1236363636363635,0.36363636363636365,4,-2.7105060044625757,baixo
3183,16,1352.95,84.559375,125.0,0.25,570.26,782.69,4.73375,0.3125,4,-1.8426478491577427,baixo
3184,24,1018.45,42.43541666666667,66.7,0.25,327.71000000000004,690.74,4.727916666666666,0.375,6,1.0675912910702152,alto
3185,23,854.6,37.15652173913043,69.35,0.5652173913043478,1440.82,-586.22,4.127826086956522,0.43478260869565216,7,1.1203093554461603,alto
3186,17,2755.55,162.09117647058824,235.7,0.35294117647058826,2594.77,160.78000000000003,3.9729411764705884,0.35294117647058826,4,-1.0419832894262646,medio
3187,13,1212.7,93.28461538461539,124.6,0.38461538461538464,2009.23,-796.5300000000001,5.457692307692308,0.3076923076923077,2,-4.218787146774049,baixo
3188,16,10329.85,645.615625,972.25,0.3125,5266.8,5063.05,4.061875,0.25,6,4.601535450347749,alto
3189,18,1329.55,73.86388888888888,116.65,0.3333333333333333,1482.1499999999999,-152.59999999999997,3.2816666666666667,0.3888888888888889,5,-0.8204770530041403,medio
3190,26,154.1,5.926923076923076,9.75,0.2692307692307692,64.49,89.61,3.617692307692308,0.38461538461538464,7,1.4737566719009716,alto
3191,13,4526.05,348.15769230769234,497.85,0.5384615384615384,3159.5299999999997,1366.52,4.014615384615384,0.23076923076923078,2,-2.022808255533964,baixo
3192,15,445.9,29.726666666666667,67.15,0.5333333333333333,779.7,-333.8,3.6873333333333336,0.2,4,-4.075041791610277,baixo
3193,21,296.55,14.121428571428572,23.05,0.47619047619047616,376.48,-79.92999999999999,3.340952380952381,0.2857142857142857,3,-2.3534535576311266,baixo
3194,24,3891.1,162.12916666666666,240.75,0.3333333333333333,3548.97,342.1300000000001,4.872083333333333,0.2916666666666667,5,0.49823631623673403,medio
3195,16,2581.65,161.353125,247.3,0.375,2026.94,554.71,4.3825,0.125,5,-2.723261296300976,baixo
3196,20,4483.5,224.175,312.3,0.4,4944.21,-460.71000000000004,5.9405,0.4,5,0.601927123296222,medio
3197,15,2735.85,182.39,313.95,0.26666666666666666,1184.46,1551.39,3.9566666666666666,0.4666666666666667,7,1.7584161918268937,alto
3198,22,310.05,14.093181818181819,24.85,0.2727272727272727,289.95000000000005,20.099999999999977,6.209545454545455,0.2727272727272727,5,-1.3154910806343472,baixo
3199,12,1924.8,160.4,241.2,0.4166666666666667,4469.29,-2544.4900000000002,4.496666666666667,0.4166666666666667,2,-3.9043259825658208,baixo
3200,23,4737.5,205.97826086956522,307.1,0.391304347826087,3693.7700000000004,1043.7300000000002,4.012608695652174,0.34782608695652173,3,0.5862050819490549,medio
3201,21,334.75,15.94047619047619,24.4,0.23809523809523808,137.15,197.6,5.577619047619048,0.47619047619047616,7,1.3243564246339103,alto
3202,19,3068.25,161.48684210526315,249.9,0.47368421052631576,2744.92,323.33,2.856842105263158,0.2631578947368421,3,-1.7799559543335328,baixo
3203,20,249.75,12.4875,24.75,0.35,125.69,124.06,3.7045000000000003,0.3,6,-1.027544240147085,medio
3204,19,6520.65,343.1921052631579,485.6,0.42105263157894735,6922.51,-401.8600000000002,4.097894736842105,0.21052631578947367,4,-0.9583401429508944,medio
3205,19,836.1,44.00526315789474,66.9,0.47368421052631576,842.3,-6.2000000000000135,4.806842105263158,0.47368421052631576,3,-0.8232035169438665,medio
3206,18,3069.75,170.54166666666666,245.5,0.5555555555555556,2638.64,431.11,3.7066666666666666,0.3333333333333333,2,-1.6776197115613112,baixo
3207,25,2041.95,81.678,123.5,0.24,513.79,1528.16,5.834,0.52,7,3.784338561794332,alto
3208,16,1262.4,78.9,122.4,0.5,2129.05,-866.6499999999999,5.9925,0.625,4,0.12355178074533235,medio
3209,16,573.6999999999999,35.856249999999996,68.5,0.3125,1007.8499999999999,-434.15,5.15875,0.3125,8,-1.0632912712859344,medio
3210,21,3357.1,159.86190476190475,249.4,0.3333333333333333,1998.1100000000001,1358.99,5.1590476190476195,0.38095238095238093,8,2.4951857396494326,alto
3211,25,3747.55,149.90200000000002,243.9,0.36,1850.38,1897.17,5.0992,0.4,4,2.0228453656811647,alto
3212,26,4507.95,173.3826923076923,242.9,0.46153846153846156,6280.8,-1772.85,3.523846153846154,0.5,3,0.9403820541231974,alto
3213,13,1144.3,88.02307692307691,116.1,0.46153846153846156,1154.82,-10.520000000000048,6.03923076923077,0.38461538461538464,3,-2.68773997488122,baixo
3214,17,647.75,38.10294117647059,69.95,0.23529411764705882,397.79,249.96,5.34235294117647,0.29411764705882354,4,-2.3912396075777114,baixo
3215,17,2950.6,173.56470588235294,238.65,0.4117647058823529,3357.5,-406.8999999999999,3.7176470588235295,0.35294117647058826,4,-1.2645618557614924,baixo
3216,28,4329.25,154.61607142857142,229.45,0.35714285714285715,4466.96,-137.70999999999978,5.315714285714286,0.21428571428571427,5,0.37413569994462637,medio
3217,15,75.25,5.016666666666667,9.65,0.5333333333333333,95.94000000000001,-20.689999999999998,4.019333333333333,0.6,3,-0.8309116741758285,medio
3218,26,5403.35,207.82115384615386,318.65,0.15384615384615385,1869.17,3534.18,5.403076923076923,0.5769230769230769,8,6.908563475865675,alto
3219,21,13818.7,658.0333333333334,945.55,0.5714285714285714,28426.08,-14607.38,3.889047619047619,0.23809523809523808,2,-6.515501467316499,baixo
3220,24,834.45,34.768750000000004,69.55,0.2916666666666667,421.21999999999997,413.23,7.294583333333333,0.5416666666666666,7,2.844503922243034,alto
3221,23,1819.6,79.11304347826086,121.2,0.4782608695652174,2241.12,-421.52000000000004,5.27391304347826,0.43478260869565216,5,0.6161597949091457,medio
3222,22,251.05,11.411363636363637,24.2,0.36363636363636365,107.38,143.67,3.744090909090909,0.3181818181818182,5,-0.849178099853864,medio
3223,15,588.15,39.21,69.85,0.13333333333333333,100.45000000000002,487.7,4.165333333333333,0.3333333333333333,8,-0.5823086262629107,medio
3224,21,15133.7,720.652380952381,983.0,0.42857142857142855,20813.579999999998,-5679.879999999999,5.6414285714285715,0.38095238095238093,5,1.2977559773960035,alto
3225,20,86.65,4.3325000000000005,7.65,0.45,144.97,-58.31999999999999,6.396,0.5,6,0.6635512742888567,medio
3226,16,587.6,36.725,61.0,0.1875,536.51,51.09000000000001,4.835625,0.4375,10,1.2338585849416481,alto
3227,15,1206.0,80.4,120.15,0.4,776.71,429.29,3.4366666666666665,0.2,3,-3.760829036296226,baixo
3228,16,1388.5,86.78125,112.7,0.3125,520.84,867.66,3.614375,0.625,5,1.5397088414406417,alto
3229,23,3817.95,165.9978260869565,247.05,0.2608695652173913,2731.6400000000003,1086.31,4.5291304347826085,0.391304347826087,15,6.0186387059828546,alto
3230,20,3313.0,165.65,249.25,0.25,986.87,2326.13,3.974,0.4,5,1.6794507050722263,alto
3231,19,292.09999999999997,15.373684210526314,24.6,0.47368421052631576,527.8399999999999,-235.74,5.1147368421052635,0.3157894736842105,5,-1.7176370874777673,baixo
3232,20,274.0,13.7,25.0,0.3,312.08000000000004,-38.08000000000001,6.3265,0.4,4,-1.0639734173747708,medio
3233,21,4513.15,214.91190476190474,318.45,0.5238095238095238,6009.58,-1496.43,4.389047619047619,0.42857142857142855,4,0.03492348144159996,medio
3234,19,805.4,42.38947368421052,63.2,0.2631578947368421,322.44,482.96,5.251052631578947,0.21052631578947367,7,-1.2395380473047917,baixo
3235,19,1513.3,79.64736842105263,109.35,0.3157894736842105,1650.11,-136.80999999999995,4.566842105263158,0.42105263157894735,4,-0.6919892212079541,medio
3236,21,4464.45,212.59285714285713,300.6,0.38095238095238093,9054.22,-4589.77,4.705238095238095,0.47619047619047616,6,-0.3048299628250717,medio
3237,17,3003.2,176.65882352941176,241.45,0.35294117647058826,1517.44,1485.76,4.343529411764706,0.4117647058823529,3,-0.13556753673254407,medio
3238,13,74.35,5.7192307692307685,9.45,0.23076923076923078,70.50999999999999,3.8400000000000043,5.600769230769231,0.38461538461538464,5,-2.3664281722477765,baixo
3239,24,908.25,37.84375,69.3,0.375,582.04,326.21,3.2375000000000003,0.3333333333333333,4,-0.42266053399374026,medio
3240,25,913.85,36.554,67.4,0.32,1048.5,-134.64999999999998,6.377999999999999,0.48,6,1.780745986118649,alto
3241,14,535.95,38.28214285714286,66.75,0.5,613.91,-77.96000000000001,4.128571428571428,0.14285714285714285,4,-4.63110664370649,baixo
3242,20,15625.1,781.255,988.8,0.35,7043.9400000000005,8581.16,4.6155,0.25,9,9.622555682479518,alto
3243,17,1275.95,75.05588235294118,121.8,0.23529411764705882,1114.81,161.14000000000007,7.337647058823529,0.23529411764705882,6,-1.8455227354926098,baixo
3244,14,583.85,41.70357142857143,68.25,0.2857142857142857,229.93,353.92,5.2128571428571435,0.6428571428571429,4,0.23240000781492443,medio
3245,19,3999.95,210.5236842105263,316.2,0.5263157894736842,4406.19,-406.24000000000024,3.513157894736842,0.3684210526315789,3,-0.8591309531284524,medio
3246,15,2692.4,179.49333333333334,248.5,0.3333333333333333,3471.04,-778.6399999999999,3.8653333333333335,0.2,10,-0.6373876193365449,medio
3247,21,258.8,12.323809523809524,24.75,0.38095238095238093,155.72,103.08,3.9095238095238094,0.3333333333333333,6,-0.5084201001214526,medio
3248,28,2114.7,75.52499999999999,124.4,0.32142857142857145,2175.1,-60.39999999999998,5.769285714285714,0.32142857142857145,4,0.41789839429708814,medio
3249,18,625.25,34.736111111111114,68.9,0.2777777777777778,785.04,-159.79,3.7205555555555554,0.4444444444444444,6,-0.1412371991587018,medio
3250,15,576.75,38.45,68.35,0.4666666666666667,742.25,-165.5,4.323333333333333,0.2,3,-4.365880458820858,baixo
3251,27,18450.5,683.3518518518518,999.75,0.2962962962962963,12087.0,6363.5,3.938148148148148,0.37037037037037035,5,8.686445622950595,alto
3252,18,755.3,41.96111111111111,59.2,0.5555555555555556,1528.06,-772.76,4.237777777777778,0.3333333333333333,3,-2.7627853458213942,baixo
3253,24,1992.3,83.0125,123.75,0.4583333333333333,2603.5099999999998,-611.2099999999999,5.8308333333333335,0.3333333333333333,3,-1.0499089220458357,medio
3254,28,1231.4,43.978571428571435,68.9,0.32142857142857145,1162.03,69.37000000000003,4.8374999999999995,0.35714285714285715,6,1.4795499394669445,alto
3255,23,2076.5,90.28260869565217,124.8,0.2608695652173913,1522.37,554.13,5.141304347826087,0.21739130434782608,7,0.08768494812608263,medio
3256,21,794.8,37.84761904761905,64.1,0.38095238095238093,889.06,-94.25999999999999,3.45,0.047619047619047616,6,-3.0719735422293906,baixo
3257,18,6476.15,359.7861111111111,494.25,0.4444444444444444,6132.2,343.9499999999998,4.287222222222223,0.4444444444444444,3,1.0448034893630844,alto
3258,18,3826.9,212.60555555555555,304.35,0.2222222222222222,1802.8899999999999,2024.01,4.293333333333333,0.2777777777777778,9,2.028808869780072,alto
3259,26,989.7,38.065384615384616,69.15,0.5384615384615384,1980.51,-990.8100000000001,4.448846153846154,0.23076923076923078,3,-2.0589375055454155,baixo
3260,17,5860.15,344.7147058823529,485.45,0.35294117647058826,4369.85,1490.3000000000004,4.970588235294118,0.5294117647058824,3,2.109502457836092,alto
3261,13,7816.8,601.2923076923078,911.8,0.3076923076923077,8440.81,-624.0099999999999,4.2446153846153845,0.15384615384615385,3,-1.605377142580839,baixo
3262,18,1339.6,74.42222222222222,122.1,0.3333333333333333,812.21,527.39,4.929444444444445,0.3333333333333333,5,-0.9676029986749083,medio
3263,16,2282.3,142.64375,244.9,0.1875,1027.76,1254.54,6.020625,0.3125,7,0.12932896917838627,medio
3264,21,14862.95,707.7595238095239,971.45,0.47619047619047616,13779.8,1083.15,4.085714285714285,0.5238095238095238,6,6.559985483575838,alto
3265,25,2016.7,80.668,118.85,0.36,1158.95,857.75,5.7872,0.28,3,-0.5533026904354509,medio
3266,19,1635.8,86.09473684210526,122.15,0.3157894736842105,1329.3200000000002,306.47999999999996,3.664736842105263,0.42105263157894735,4,-0.4120347505199733,medio
3267,27,4736.95,175.44259259259258,308.4,0.2962962962962963,2687.86,2049.09,4.381851851851852,0.2962962962962963,4,1.771356897004388,alto
3268,23,3377.55,146.85,234.05,0.43478260869565216,2517.02,860.53,4.050869565217392,0.2608695652173913,6,0.6007610182994453,medio
3269,21,735.0,35.0,69.1,0.6190476190476191,2027.5100000000002,-1292.51,3.964761904761905,0.3333333333333333,2,-2.8551621851079,baixo
3270,16,2766.9,172.93125,234.0,0.375,2111.98,654.9200000000001,5.51875,0.25,3,-2.318356885604916,baixo
3271,20,3258.95,162.9475,245.35,0.5,2144.07,1114.8799999999999,3.0635000000000003,0.55,3,1.519668387238806,alto
3272,19,4042.85,212.78157894736842,307.95,0.2631578947368421,1929.3600000000001,2113.49,5.272105263157894,0.5263157894736842,6,3.272263093458494,alto
3273,24,4297.55,179.06458333333333,248.6,0.5,6490.73,-2193.1800000000003,4.715833333333333,0.3333333333333333,10,1.8538397151189516,alto
3274,21,3352.9,159.66190476190476,241.75,0.3333333333333333,1428.45,1924.45,3.9833333333333334,0.23809523809523808,6,0.5962552390461813,medio
3275,21,1788.8,85.18095238095238,122.6,0.3333333333333333,791.0799999999999,997.72,5.9,0.23809523809523808,6,-0.4092930358458048,medio
3276,16,1316.3,82.26875,124.5,0.4375,2311.18,-994.88,4.531875,0.375,6,-1.3458776874291107,baixo
3277,11,382.7,34.79090909090909,60.3,0.2727272727272727,519.73,-137.03000000000003,7.668181818181818,0.5454545454545454,3,-2.0866933466081177,baixo
3278,17,618.6,36.38823529411765,65.95,0.35294117647058826,980.54,-361.94000000000005,6.9799999999999995,0.35294117647058826,5,-1.7454059432729145,baixo
3279,17,66.7,3.923529411764706,8.45,0.35294117647058826,34.05,32.65,5.798235294117647,0.4117647058823529,3,-2.097734924600113,baixo
3280,17,1371.1,80.65294117647058,122.8,0.4117647058823529,1046.49,324.61,4.5600000000000005,0.17647058823529413,2,-4.023961490719893,baixo
3281,25,9445.9,377.836,499.65,0.4,9627.23,-181.32999999999973,4.1452,0.28,9,3.584153186142798,alto
3282,26,1843.9,70.91923076923078,119.9,0.34615384615384615,1288.24,555.6600000000001,4.758076923076923,0.19230769230769232,7,0.39590259796600136,medio
3283,20,4012.5,200.625,309.15,0.3,5653.29,-1640.79,4.537000000000001,0.2,5,-2.0315237242551927,baixo
3284,25,2102.85,84.11399999999999,118.85,0.24,2075.84,27.010000000000062,4.3308,0.4,6,1.4566381349610298,alto
3285,19,3077.0,161.94736842105263,238.3,0.47368421052631576,1796.22,1280.78,4.402631578947369,0.3157894736842105,4,-0.3423842558885802,medio
3286,13,170.4,13.107692307692307,22.5,0.38461538461538464,168.13,2.27,3.897692307692308,0.23076923076923078,4,-4.175324885992438,baixo
3287,22,2012.7,91.48636363636363,123.35,0.6363636363636364,1566.55,446.15000000000003,2.1663636363636365,0.2727272727272727,4,-0.9962687957596539,medio
3288,17,3184.45,187.3205882352941,272.3,0.5882352941176471,4284.02,-1099.5700000000002,3.708823529411765,0.35294117647058826,2,-2.418552156045131,baixo
3289,18,1486.8,82.6,117.75,0.3888888888888889,937.86,548.94,4.634444444444444,0.5,4,0.19664734745150825,medio
3290,21,742.85,35.37380952380953,70.0,0.3333333333333333,422.41,320.44,4.695714285714286,0.2857142857142857,5,-1.1135777790778085,medio
3291,22,1643.95,74.72500000000001,112.95,0.36363636363636365,3248.67,-1604.72,7.828181818181818,0.5,4,-0.10577805528532713,medio
3292,20,698.05,34.902499999999996,65.3,0.3,337.73,360.32,4.8545,0.35,4,-1.1672592839433462,medio
3293,24,7988.5,332.8541666666667,471.2,0.3333333333333333,7475.08,513.4199999999998,4.3500000000000005,0.4166666666666667,8,4.239183736597023,alto
3294,22,7777.0,353.5,460.7,0.4090909090909091,8930.93,-1153.9299999999998,3.514545454545454,0.3181818181818182,4,0.3778666708642359,medio
3295,21,7607.65,362.2690476190476,447.75,0.3333333333333333,5694.67,1912.98,3.5485714285714285,0.3333333333333333,9,4.18532022590748,alto
3296,16,1205.2,75.325,117.95,0.1875,535.92,669.28,5.686875000000001,0.3125,6,-1.0858027037231124,medio
3297,16,2575.1,160.94375,241.6,0.3125,3697.11,-1122.0099999999998,6.914375,0.3125,9,-0.1266045083952963,medio
3298,23,1109.0,48.21739130434783,68.85,0.4782608695652174,823.78,285.21999999999997,3.4908695652173916,0.4782608695652174,3,0.29899895779438423,medio
3299,28,353.25,12.616071428571429,24.7,0.39285714285714285,203.35,149.9,4.9332142857142856,0.4642857142857143,4,1.4134932757883287,alto
3300,16,597.7,37.35625,67.75,0.375,666.15,-68.45000000000002,3.92125,0.25,5,-2.7560437807519236,baixo
3301,16,3303.85,206.490625,294.85,0.5625,3665.29,-361.44,3.629375,0.1875,3,-3.2034782656286866,baixo
3302,16,785.3,49.08125,70.0,0.4375,1890.6299999999999,-1105.33,4.201875,0.375,2,-3.3946630852499826,baixo
3303,20,892.9,44.644999999999996,66.45,0.5,753.63,139.27,3.2344999999999997,0.4,4,-0.7565419165724268,medio
3304,22,4753.85,216.08409090909092,312.0,0.3181818181818182,3846.84,907.01,6.091363636363636,0.3181818181818182,4,0.5261665503890938,medio
3305,19,3392.6,178.5578947368421,237.8,0.3684210526315789,3389.61,2.990000000000009,3.870526315789474,0.2631578947368421,6,-0.5114622725919236,medio
3306,22,1733.3,78.78636363636363,122.7,0.13636363636363635,853.9300000000001,879.37,8.477727272727272,0.5909090909090909,10,4.72252248213662,alto
3307,21,996.45,47.45,67.45,0.2857142857142857,1370.75,-374.30000000000007,6.563333333333334,0.38095238095238093,6,-0.08096955841450482,medio
3308,20,4252.4,212.61999999999998,302.25,0.5,5045.58,-793.1799999999998,4.192,0.35,4,-0.5557434990276303,medio
3309,17,1411.75,83.04411764705883,124.3,0.5294117647058824,1753.73,-341.97999999999996,2.3023529411764705,0.29411764705882354,5,-1.9557660388397797,baixo
3310,17,615.9,36.22941176470588,69.15,0.5882352941176471,610.1800000000001,5.720000000000013,3.9176470588235293,0.17647058823529413,3,-4.059097409157745,baixo
3311,15,1088.3,72.55333333333333,118.8,0.2,488.26,600.04,4.702,0.13333333333333333,5,-3.458167894299314,baixo
3312,27,2074.25,76.82407407407408,124.8,0.4074074074074074,1339.48,734.77,3.06,0.37037037037037035,5,1.5169644074689845,alto
3313,23,14384.8,625.4260869565217,961.25,0.30434782608695654,10792.599999999999,3592.2000000000003,6.5486956521739135,0.5217391304347826,6,7.7548580837139385,alto
3314,18,100.25,5.569444444444445,9.95,0.16666666666666666,35.55,64.7,4.391666666666667,0.4444444444444444,14,3.299994213205397,alto
3315,17,230.6,13.564705882352941,24.0,0.4117647058823529,234.47,-3.8700000000000045,6.124705882352941,0.5882352941176471,3,-0.4234930557634544,medio
3316,20,854.05,42.7025,68.55,0.4,378.68,475.37,3.2344999999999997,0.25,3,-2.4148453039660716,baixo
3317,13,1011.5,77.8076923076923,115.6,0.38461538461538464,1876.6100000000001,-865.11,3.910769230769231,0.38461538461538464,3,-3.2121918334808237,baixo
3318,33,22024.7,667.4151515151516,991.05,0.5151515151515151,41919.87,-19895.170000000002,4.516060606060606,0.30303030303030304,6,-4.211807243265827,baixo
3319,17,220.3,12.958823529411765,23.75,0.29411764705882354,216.76000000000002,3.54,5.654117647058824,0.47058823529411764,7,0.2529052124916047,medio
3320,21,257.75,12.273809523809524,20.45,0.2857142857142857,74.81,182.94,6.1257142857142854,0.3333333333333333,6,-0.4663323511686528,medio
3321,20,626.2,31.310000000000002,67.65,0.5,585.8,40.399999999999984,3.4810000000000003,0.2,3,-3.1854954500661914,baixo
3322,12,181.0,15.083333333333334,22.05,0.3333333333333333,98.55,82.45,4.860833333333333,0.4166666666666667,4,-2.629000066033374,baixo
3323,21,768.15,36.57857142857143,69.8,0.2857142857142857,222.89,545.26,4.647142857142858,0.42857142857142855,5,0.33145174919367637,medio
3324,16,683.8,42.7375,69.05,0.375,682.01,1.7899999999999965,5.57,0.4375,3,-1.8334498089711713,baixo
3325,20,11931.85,596.5925,982.35,0.4,7032.96,4898.89,2.8609999999999998,0.4,4,5.575114727830746,alto
3326,20,6917.1,345.855,492.75,0.35,5676.57,1240.53,3.836,0.45,5,2.8052281691223975,alto
3327,21,4137.35,197.01666666666668,319.45,0.47619047619047616,2642.47,1494.88,4.227619047619048,0.42857142857142855,6,2.3817377756105316,alto
3328,17,1413.95,83.1735294117647,123.6,0.35294117647058826,1355.42,58.529999999999994,4.053529411764706,0.35294117647058826,4,-1.6400255594652808,baixo
3329,27,358.7,13.285185185185185,24.4,0.4074074074074074,177.10000000000002,181.6,3.161851851851852,0.3333333333333333,7,1.324496868313824,alto
3330,13,203.3,15.63846153846154,24.55,0.3076923076923077,78.52000000000001,124.78,4.943846153846153,0.38461538461538464,7,-1.353103921395793,baixo
3331,23,337.2,14.660869565217391,24.45,0.4782608695652174,320.93,16.270000000000003,5.583478260869565,0.391304347826087,7,0.8845354853656158,alto
3332,17,1344.15,79.06764705882354,121.8,0.29411764705882354,1092.46,251.68999999999994,5.016470588235294,0.29411764705882354,5,-1.6677261633128773,baixo
3333,23,832.0,36.17391304347826,68.6,0.2608695652173913,651.11,180.89,5.666521739130435,0.391304347826087,6,0.6798579025195849,medio
3334,21,3408.75,162.32142857142858,237.4,0.47619047619047616,2581.2,827.55,4.9523809523809526,0.38095238095238093,3,0.027946923311267358,medio
3335,18,571.65,31.758333333333333,66.0,0.5,711.27,-139.62,4.256111111111111,0.16666666666666666,5,-3.1527664668801245,baixo
3336,23,4751.95,206.60652173913041,303.0,0.21739130434782608,2434.85,2317.1,3.791739130434783,0.5217391304347826,10,5.953293365453521,alto
3337,18,2895.25,160.84722222222223,249.6,0.5555555555555556,3557.29,-662.0400000000001,3.8722222222222222,0.3888888888888889,2,-1.8129636280053625,baixo
3338,20,623.7,31.185000000000002,69.1,0.25,332.86,290.84000000000003,3.6635,0.2,7,-1.2918396320186358,baixo
3339,22,3346.0,152.0909090909091,238.55,0.5,3533.69,-187.69000000000005,3.0068181818181823,0.45454545454545453,3,0.320663487142245,medio
3340,21,329.35,15.683333333333334,23.9,0.2857142857142857,257.81,71.53999999999999,4.798571428571428,0.47619047619047616,8,1.6959675175107787,alto
3341,16,3206.55,200.409375,312.85,0.5,4733.63,-1527.08,5.13875,0.5625,3,-0.4068717781497382,medio
3342,19,13278.9,698.8894736842105,995.4,0.3684210526315789,13681.43,-402.5300000000004,5.32,0.42105263157894735,6,4.313899938046777,alto
3343,19,2836.1,149.26842105263157,228.2,0.47368421052631576,3180.64,-344.53999999999996,2.9505263157894737,0.05263157894736842,3,-4.160244834457135,baixo
3344,19,3837.05,201.95000000000002,313.45,0.21052631578947367,1832.54,2004.51,8.478947368421052,0.42105263157894735,5,1.7287467119368003,alto
3345,24,906.3,37.762499999999996,69.05,0.5416666666666666,1950.16,-1043.86,5.157916666666667,0.375,3,-1.2073406505680526,baixo
3346,27,4960.7,183.7296296296296,318.3,0.4074074074074074,5278.31,-317.61,3.1622222222222223,0.3333333333333333,5,1.3528246339607148,alto
3347,24,775.0,32.291666666666664,67.2,0.375,774.2,0.8000000000000043,5.0,0.4166666666666667,3,-0.305765451512078,medio
3348,36,6048.4,168.0111111111111,249.15,0.3055555555555556,4263.03,1785.3700000000001,4.730833333333333,0.3333333333333333,12,7.460765533738011,alto
3349,18,1314.9,73.05000000000001,116.3,0.5,1618.04,-303.14000000000004,3.3183333333333334,0.3888888888888889,3,-1.7867963027581923,baixo
3350,25,4131.85,165.274,246.7,0.36,4086.2999999999997,45.550000000000125,5.9684,0.4,6,2.025651528786545,alto
3351,24,3657.35,152.38958333333332,247.35,0.375,3382.79,274.55999999999983,3.970416666666667,0.2916666666666667,4,-0.04513048877994397,medio
3352,26,1112.0,42.76923076923077,67.55,0.34615384615384615,710.54,401.46,4.995384615384615,0.38461538461538464,6,1.4529201847420694,alto
3353,18,203.45,11.302777777777777,20.0,0.2777777777777778,84.89999999999999,118.55000000000001,3.92,0.4444444444444444,7,0.2855694332845613,medio
3354,23,134.85,5.863043478260869,9.8,0.30434782608695654,237.58,-102.72999999999999,7.095652173913043,0.5217391304347826,5,1.0826973798582884,alto
3355,15,5643.1,376.2066666666667,459.95,0.26666666666666666,1908.42,3734.68,5.6946666666666665,0.3333333333333333,9,3.905063403093615,alto
3356,28,17321.35,618.6196428571428,981.1,0.32142857142857145,11294.58,6026.77,4.674285714285714,0.32142857142857145,5,7.834295374528505,alto
3357,24,1787.4,74.47500000000001,120.2,0.25,1144.21,643.19,6.12875,0.5,7,2.8560454288725654,alto
3358,25,4207.6,168.304,246.4,0.56,10270.66,-6063.0599999999995,5.1668,0.32,4,-2.8175762129683566,baixo
3359,22,7839.55,356.34318181818185,482.45,0.3181818181818182,5007.96,2831.59,5.028181818181818,0.3181818181818182,7,3.836179845943061,alto
3360,36,6059.05,168.30694444444444,246.65,0.4166666666666667,5864.25,194.79999999999995,4.549166666666667,0.3611111111111111,6,4.231643550387374,alto
3361,19,4187.8,220.4105263157895,319.55,0.2631578947368421,2199.5299999999997,1988.27,5.7905263157894735,0.2631578947368421,5,0.3913686283167681,medio
3362,24,126.1,5.254166666666666,9.45,0.4166666666666667,87.55,38.55,4.434583333333333,0.25,5,-1.1280817880514733,medio
3363,29,1055.2,36.38620689655173,62.4,0.13793103448275862,151.82,903.38,4.253103448275862,0.3793103448275862,9,3.619905532427664,alto
3364,21,1381.7,65.79523809523809,121.05,0.23809523809523808,1059.19,322.50999999999993,6.187619047619047,0.38095238095238093,7,0.8560228327873205,alto
3365,17,6041.0,355.3529411764706,498.75,0.4117647058823529,10712.41,-4671.410000000001,6.03764705882353,0.35294117647058826,3,-2.7183441053116755,baixo
3366,15,1187.65,79.17666666666668,116.85,0.3333333333333333,674.81,512.84,3.643333333333333,0.4,3,-1.880679584885024,baixo
3367,20,6426.15,321.3075,457.8,0.4,4568.64,1857.5099999999998,5.6450000000000005,0.35,4,1.601471626067415,alto
3368,19,3134.8,164.98947368421054,248.75,0.05263157894736842,102.68,3032.12,6.8715789473684215,0.42105263157894735,16,6.8640927759987385,alto
3369,19,1474.35,77.59736842105262,124.1,0.6842105263157895,1377.97,96.37999999999998,3.632631578947368,0.2631578947368421,3,-2.478509466670293,baixo
3370,23,4910.15,213.48478260869564,317.45,0.2608695652173913,1973.9,2936.25,5.137391304347826,0.391304347826087,6,3.365477345248147,alto
3371,14,482.95,34.496428571428574,64.85,0.2857142857142857,340.7,142.25,5.584285714285714,0.5714285714285714,5,-0.14799670228950523,medio
3372,16,1087.8,67.9875,115.25,0.375,640.33,447.47,6.6725,0.375,4,-1.558627524846239,baixo
3373,24,2105.9,87.74583333333334,119.9,0.375,2299.42,-193.51999999999992,4.9870833333333335,0.3333333333333333,5,0.08535938975534973,medio
3374,13,67.0,5.153846153846154,9.0,0.6153846153846154,278.5,-211.5,5.428461538461538,0.46153846153846156,3,-2.656163787109554,baixo
3375,14,1306.1,93.29285714285713,122.45,0.2857142857142857,628.73,677.37,3.233571428571428,0.2857142857142857,4,-2.533496617822446,baixo
3376,13,1822.85,140.21923076923076,236.5,0.5384615384615384,1342.6799999999998,480.17,3.1376923076923076,0.23076923076923078,2,-3.9263743625603604,baixo
3377,16,2820.0,176.25,234.85,0.4375,2045.1599999999999,774.8399999999999,4.164375,0.3125,7,0.10598334197673603,medio
3378,27,1041.1,38.55925925925926,65.3,0.4074074074074074,1334.54,-293.43999999999994,4.865925925925926,0.37037037037037035,7,1.5877373563061061,alto
3379,18,83.6,4.644444444444444,9.7,0.3888888888888889,87.9,-4.299999999999999,5.410555555555556,0.3888888888888889,4,-1.6589393845241778,baixo
3380,21,3131.2,149.1047619047619,235.95,0.42857142857142855,3650.2400000000002,-519.0400000000002,3.9361904761904762,0.2857142857142857,4,-1.2164191380142322,baixo
3381,24,4075.6,169.81666666666666,249.0,0.25,4917.41,-841.8100000000004,6.549166666666667,0.375,9,2.451994744563658,alto
3382,17,3602.65,211.92058823529413,288.85,0.29411764705882354,2866.23,736.4200000000001,5.247058823529412,0.35294117647058826,8,1.368629411555226,alto
3383,16,5370.05,335.628125,489.5,0.25,2164.11,3205.94,4.313125,0.25,6,1.4790925372408663,alto
3384,16,3279.6,204.975,305.9,0.375,2936.16,343.44000000000005,4.496875,0.375,4,-0.670108684155871,medio
3385,26,1133.2,43.58461538461539,69.45,0.4230769230769231,841.73,291.46999999999997,4.36923076923077,0.23076923076923078,4,-0.8992322133505886,medio
3386,18,3741.7000000000003,207.87222222222223,311.6,0.2222222222222222,2899.71,841.99,4.4494444444444445,0.2777777777777778,6,0.04706451056400751,medio
3387,30,443.65,14.788333333333332,24.95,0.5333333333333333,596.2,-152.54999999999998,4.306333333333333,0.23333333333333334,4,-0.4137664808628828,medio
3388,18,1574.8,87.48888888888888,122.05,0.2222222222222222,560.7,1014.0999999999999,4.401111111111111,0.3888888888888889,7,0.7740250807158875,alto
3389,28,993.85,35.49464285714286,65.95,0.42857142857142855,689.05,304.8,6.122142857142857,0.32142857142857145,3,-0.10421581887202386,medio
3390,21,834.15,39.72142857142857,69.05,0.3333333333333333,505.97,328.17999999999995,3.263333333333333,0.42857142857142855,3,-0.6429618575906001,medio
3391,23,4711.25,204.83695652173913,312.5,0.30434782608695654,5983.860000000001,-1272.61,4.579130434782609,0.2608695652173913,6,-0.1331372897196792,medio
3392,21,1709.95,81.42619047619048,124.25,0.19047619047619047,715.65,994.3000000000001,4.972857142857142,0.3333333333333333,12,3.0833792611417192,alto
3393,20,1688.8,84.44,112.65,0.2,1059.78,629.02,4.8255,0.4,9,1.9796637334201694,alto
3394,13,66.0,5.076923076923077,8.45,0.5384615384615384,58.31999999999999,7.68,3.253076923076923,0.38461538461538464,3,-3.2495381464452864,baixo
3395,16,2836.35,177.271875,244.2,0.4375,2257.98,578.3699999999999,4.15875,0.25,2,-2.769487612785534,baixo
3396,24,4935.8,205.65833333333333,318.0,0.2916666666666667,3889.94,1045.86,4.88375,0.4583333333333333,5,2.7088717666493203,alto
3397,24,1929.4,80.39166666666667,123.9,0.4166666666666667,1489.15,440.25,3.4691666666666667,0.3333333333333333,5,0.37143462610670297,medio
3398,19,753.2,39.642105263157895,67.6,0.2631578947368421,286.89,466.30999999999995,4.9594736842105265,0.3157894736842105,7,-0.29668945121665063,medio
3399,15,3086.75,205.78333333333333,302.65,0.26666666666666666,4276.2,-1189.45,4.798666666666667,0.4,4,-1.4725261684602409,baixo
3400,23,16262.35,707.0586956521739,981.25,0.391304347826087,31824.44,-15562.09,4.841304347826087,0.30434782608695654,5,-4.304935556909384,baixo
3401,20,1724.5,86.225,121.95,0.5,1532.17,192.32999999999998,3.967,0.55,4,0.9412601604881878,alto
3402,18,634.5,35.25,69.85,0.2777777777777778,184.99,449.51,7.937777777777778,0.4444444444444444,4,-0.6946807001812991,medio
3403,25,355.1,14.204,24.6,0.32,280.43,74.66999999999999,5.154,0.48,5,1.297618773451854,alto
3404,20,779.5,38.975,63.8,0.55,709.9300000000001,69.57000000000001,3.9829999999999997,0.35,3,-1.734048760840049,baixo
3405,19,87.75,4.618421052631579,9.0,0.2631578947368421,109.53,-21.78,5.6410526315789475,0.21052631578947367,7,-1.767951551898412,baixo
3406,11,474.85,43.16818181818182,65.95,0.18181818181818182,445.14,29.710000000000036,5.815454545454545,0.5454545454545454,8,0.2614299628243528,medio
3407,26,5164.05,198.6173076923077,307.8,0.4230769230769231,5682.78,-518.7300000000001,3.668461538461538,0.4230769230769231,4,1.5116548583251315,alto
3408,15,2626.25,175.08333333333334,237.0,0.4666666666666667,1995.25,631.0,4.1339999999999995,0.26666666666666666,4,-1.946229826577539,baixo
3409,23,3578.6,155.59130434782608,209.5,0.43478260869565216,2465.97,1112.63,3.818695652173913,0.34782608695652173,6,1.5967538904245324,alto
3410,23,3683.55,160.15434782608696,246.65,0.30434782608695654,2590.4,1093.1499999999999,4.870869565217391,0.34782608695652173,4,0.7371161882711352,medio
3411,21,3401.7,161.98571428571427,245.6,0.42857142857142855,4953.29,-1551.59,6.4038095238095245,0.38095238095238093,3,-1.2384809370653374,baixo
3412,15,1115.85,74.39,123.1,0.4,1592.45,-476.6000000000001,4.341333333333334,0.4,3,-2.4393797942387234,baixo
3413,11,475.8,43.25454545454546,63.1,0.36363636363636365,227.09,248.71,4.545454545454546,0.36363636363636365,3,-3.499957475133573,baixo
3414,21,111.75,5.321428571428571,9.55,0.3333333333333333,73.58,38.17,3.8333333333333335,0.47619047619047616,4,-0.15460281680531884,medio
3415,21,7038.25,335.1547619047619,478.25,0.47619047619047616,6627.08,411.1700000000001,4.0738095238095235,0.23809523809523808,6,1.0012811708874891,alto
3416,16,5435.6,339.725,490.95,0.375,2953.75,2481.85,4.569375,0.25,4,0.2418607626325986,medio
3417,37,1170.7,31.64054054054054,66.8,0.3783783783783784,1217.57,-46.87000000000003,4.39972972972973,0.3783783783783784,7,3.9852730222513624,alto
3418,25,326.4,13.056,23.3,0.44,324.98,1.4199999999999964,4.3156,0.4,5,0.5131153877335682,medio
3419,25,962.15,38.486,69.35,0.28,594.54,367.61,5.9484,0.32,5,0.14521347340352925,medio
3420,22,96.95,4.406818181818182,9.5,0.45454545454545453,89.75,7.199999999999999,4.650454545454545,0.3181818181818182,4,-1.410310325970934,baixo
3421,29,1345.2,46.38620689655173,69.9,0.3448275862068966,1325.0,20.200000000000074,5.349310344827586,0.3448275862068966,5,1.1401264461815623,alto
3422,22,324.05,14.729545454545455,25.0,0.45454545454545453,291.53,32.519999999999996,3.0086363636363633,0.22727272727272727,3,-2.604365582118465,baixo
3423,16,667.4,41.7125,69.75,0.3125,300.65999999999997,366.74,4.284375,0.25,4,-2.935162654486356,baixo
3424,28,137.35,4.9053571428571425,9.9,0.2857142857142857,132.31,5.039999999999995,4.400714285714286,0.42857142857142855,10,3.5962567896992903,alto
3425,19,2927.8,154.09473684210528,249.3,0.3157894736842105,1784.76,1143.04,4.167368421052632,0.3684210526315789,4,0.015640059700936154,medio
3426,27,1062.85,39.364814814814814,68.2,0.2962962962962963,637.14,425.71,4.748888888888889,0.2962962962962963,5,0.4116387782648419,medio
3427,23,127.05,5.52391304347826,9.5,0.34782608695652173,115.55,11.499999999999993,3.9573913043478264,0.391304347826087,6,0.3786882513852442,medio
3428,19,6710.3,353.17368421052635,497.25,0.5789473684210527,10124.54,-3414.24,4.125263157894737,0.3684210526315789,5,-0.5938488068751443,medio
3429,23,3929.85,170.86304347826086,247.55,0.5217391304347826,4197.63,-267.78,4.399565217391304,0.43478260869565216,2,0.00888302543196251,medio
3430,22,3879.3,176.3318181818182,319.85,0.4090909090909091,2213.74,1665.56,4.056363636363636,0.5,4,2.331862218082053,alto
3431,14,5257.7,375.55,499.25,0.5714285714285714,6263.4400000000005,-1005.74,5.604285714285715,0.6428571428571429,3,1.3696844966144734,alto
3432,16,88.2,5.5125,9.75,0.375,39.46,48.739999999999995,4.29125,0.25,4,-3.353531114547885,baixo
3433,23,326.15,14.180434782608694,24.65,0.4782608695652174,328.92,-2.7699999999999925,4.443478260869566,0.2608695652173913,3,-2.0930704601627776,baixo
3434,22,1691.75,76.89772727272727,118.65,0.45454545454545453,2162.85,-471.1,3.547272727272727,0.5,5,0.9518831400710057,alto
3435,15,2419.95,161.32999999999998,239.7,0.4,1316.26,1103.69,4.304,0.3333333333333333,3,-1.6154637714060494,baixo
3436,17,1465.45,86.20294117647059,120.85,0.35294117647058826,1612.17,-146.71999999999997,4.199411764705882,0.23529411764705882,4,-2.8130247267161783,baixo
3437,27,354.35,13.124074074074075,24.9,0.48148148148148145,374.48,-20.130000000000017,3.9003703703703705,0.5185185185185185,4,1.6026922095819136,alto
3438,23,804.9,34.995652173913044,69.8,0.43478260869565216,1200.91,-396.01000000000005,4.926956521739131,0.5217391304347826,5,1.1275810575098406,alto
3439,22,253.05,11.502272727272727,23.3,0.45454545454545453,416.04,-162.99,5.182272727272728,0.4090909090909091,3,-1.0539494160603606,medio
3440,22,3336.35,151.65227272727273,249.8,0.3181818181818182,2597.64,738.7099999999999,4.798636363636364,0.5,5,2.109726035016582,alto
3441,23,4854.9,211.08260869565217,305.55,0.34782608695652173,2820.1,2034.8,5.772173913043478,0.4782608695652174,4,2.7910518789603986,alto
3442,16,689.5,43.09375,66.75,0.5,675.04,14.459999999999994,5.45875,0.25,3,-3.5531867537973065,baixo
3443,21,4238.9,201.85238095238094,316.9,0.38095238095238093,2410.58,1828.32,3.836190476190476,0.5238095238095238,5,3.030042425181315,alto
3444,18,6807.9,378.21666666666664,499.25,0.2777777777777778,3882.7200000000003,2925.18,4.647777777777778,0.3333333333333333,6,2.8398155303222556,alto
3445,23,4574.05,198.8717391304348,316.8,0.2608695652173913,1903.6200000000001,2670.43,3.529130434782609,0.2608695652173913,7,2.3611932192374807,alto
3446,22,3484.4,158.38181818181818,249.45,0.4090909090909091,4922.83,-1438.43,6.992272727272728,0.6818181818181818,3,1.7951111341774961,alto
3447,12,4059.9,338.325,448.55,0.3333333333333333,4900.3099999999995,-840.4100000000001,3.3799999999999994,0.25,3,-2.8695131143522996,baixo
3448,23,784.45,34.106521739130436,66.25,0.391304347826087,668.25,116.20000000000003,5.970434782608695,0.4782608695652174,4,0.5523369266002743,medio
3449,24,4979.15,207.4645833333333,310.85,0.4583333333333333,9047.8,-4068.6499999999996,5.550416666666667,0.5,4,-0.052347637464301044,medio
3450,10,821.4,82.14,122.8,0.6,1689.99,-868.5899999999999,5.286,0.4,3,-3.7144378325420786,baixo
3451,18,2553.75,141.875,203.8,0.3888888888888889,3133.21,-579.46,5.251111111111111,0.5,4,0.005474415093203788,medio
3452,25,942.0,37.68,67.9,0.4,878.9399999999999,63.06000000000001,3.8664,0.32,4,-0.4625194617817555,medio
3453,26,2135.55,82.13653846153846,124.35,0.4230769230769231,2958.4,-822.8499999999999,3.6184615384615384,0.4230769230769231,4,0.5475563869443464,medio
3454,19,1525.25,80.27631578947368,124.9,0.3157894736842105,1180.91,344.34000000000003,5.105263157894737,0.3684210526315789,5,-0.4769545769110336,medio
3455,23,103.35,4.493478260869565,9.85,0.21739130434782608,62.08,41.269999999999996,4.170869565217392,0.2608695652173913,9,0.5057649583221692,medio
3456,19,770.65,40.560526315789474,62.1,0.2631578947368421,620.41,150.24,5.607368421052632,0.5263157894736842,10,2.8040346264049356,alto
3457,26,4402.5,169.32692307692307,234.45,0.46153846153846156,5561.52,-1159.0200000000002,4.265769230769231,0.23076923076923078,5,-0.36324433433331005,medio
3458,11,429.85,39.07727272727273,68.6,0.36363636363636365,199.91,229.94,3.430909090909091,0.2727272727272727,4,-3.9366138175247114,baixo
3459,22,1803.2,81.96363636363637,124.15,0.2727272727272727,1155.23,647.97,5.495909090909091,0.3181818181818182,6,0.34521465628892184,medio
3460,22,103.05,4.684090909090909,9.95,0.22727272727272727,55.8,47.25,5.350909090909091,0.36363636363636365,11,2.114550392210022,alto
3461,16,1306.0,81.625,124.0,0.125,210.53,1095.47,3.95875,0.5,9,2.234061567805477,alto
3462,20,839.1,41.955,68.2,0.4,951.48,-112.37999999999997,5.3375,0.5,4,0.013307556973322976,medio
3463,10,3363.85,336.385,483.25,0.2,2365.4100000000003,998.44,3.6390000000000002,0.1,6,-2.41595921338961,baixo
3464,19,721.1,37.95263157894737,68.65,0.3157894736842105,904.36,-183.26,5.5473684210526315,0.5263157894736842,6,0.847417675728164,alto
3465,24,930.75,38.78125,67.45,0.2916666666666667,519.23,411.52,4.1812499999999995,0.3333333333333333,5,0.06948900355055107,medio
3466,22,264.65,12.029545454545454,22.45,0.2727272727272727,249.26999999999998,15.379999999999999,4.721818181818182,0.22727272727272727,9,0.010100456055791351,medio
3467,20,760.8,38.04,65.6,0.45,755.79,5.0100000000000025,3.5755000000000003,0.4,3,-1.3137471764782844,baixo
3468,20,3236.35,161.8175,236.5,0.45,3641.3900000000003,-405.04000000000013,3.882,0.2,3,-2.523023722734085,baixo
3469,16,2813.4,175.8375,246.9,0.4375,4232.66,-1419.2599999999998,5.585625,0.375,3,-2.247798008274483,baixo
3470,16,205.9,12.86875,24.3,0.375,121.65,84.25,3.500625,0.5,5,-0.5383879758647325,medio
3471,34,11618.2,341.7117647058824,481.8,0.2647058823529412,8513.289999999999,3104.91,4.882941176470588,0.4411764705882353,5,6.822419390195828,alto
3472,17,3484.85,204.99117647058824,318.4,0.35294117647058826,2337.09,1147.76,3.6276470588235297,0.23529411764705882,4,-1.3068179982356471,baixo
3473,15,11026.5,735.1,988.25,0.26666666666666666,5607.98,5418.52,4.131333333333333,0.4,6,6.566026225855462,alto
3474,22,827.0,37.59090909090909,66.55,0.045454545454545456,42.85,784.15,6.379545454545454,0.36363636363636365,11,2.7328053171821094,alto
3475,25,4044.5,161.78,247.8,0.52,3565.5499999999997,478.94999999999993,3.8004000000000002,0.44,2,0.839245681448286,alto
3476,10,1547.55,154.755,221.15,0.6,1647.73,-100.18000000000002,2.4539999999999997,0.3,1,-4.608683365065336,baixo
3477,17,659.0,38.76470588235294,67.35,0.23529411764705882,172.31,486.69,4.677058823529412,0.23529411764705882,6,-1.9225801998696646,baixo
3478,16,10099.7,631.23125,873.85,0.375,10062.9,36.80000000000018,5.004375,0.4375,5,3.1203822030461468,alto
3479,19,760.3,40.01578947368421,62.25,0.47368421052631576,951.37,-191.06999999999996,3.49,0.42105263157894735,4,-0.9938663054391612,medio
3480,17,713.2,41.95294117647059,65.9,0.4117647058823529,616.73,96.47,3.7552941176470584,0.35294117647058826,5,-1.463498941504299,baixo
3481,21,559.65,26.65,58.8,0.47619047619047616,867.62,-307.97,3.589523809523809,0.5714285714285714,8,2.4480610251701016,alto
3482,14,5096.95,364.0678571428571,471.7,0.14285714285714285,4495.42,601.53,4.829285714285715,0.14285714285714285,7,-0.7044403447854377,medio
3483,23,3635.95,158.08478260869563,224.6,0.391304347826087,2837.09,798.86,4.173478260869565,0.30434782608695654,4,0.16558197741535413,medio
3484,19,3236.6,170.34736842105264,296.9,0.21052631578947367,973.6700000000001,2262.93,6.098421052631579,0.47368421052631576,6,2.5739975636949675,alto
3485,26,4144.3,159.39615384615385,244.45,0.38461538461538464,5663.39,-1519.0900000000001,4.758846153846154,0.4230769230769231,6,1.590636599811511,alto
3486,18,644.7,35.81666666666667,61.45,0.3888888888888889,457.40000000000003,187.3,4.54,0.2777777777777778,3,-2.8072806066590488,baixo
3487,10,3446.15,344.615,484.85,0.3,2086.54,1359.6100000000001,4.022,0.4,6,0.5989212677623276,medio
3488,26,2201.6,84.67692307692307,124.15,0.3076923076923077,1973.92,227.68000000000006,4.345,0.46153846153846156,10,4.120065688052084,alto
3489,13,2766.3,212.7923076923077,318.15,0.38461538461538464,2898.36,-132.06000000000012,2.5153846153846158,0.38461538461538464,2,-2.33306665577198,baixo
3490,23,890.2,38.70434782608696,70.0,0.4782608695652174,910.6600000000001,-20.460000000000036,4.896521739130435,0.34782608695652173,4,-0.6913269699921997,medio
3491,14,2277.45,162.67499999999998,226.95,0.35714285714285715,2423.78,-146.32999999999998,4.45,0.2857142857142857,4,-2.4931379833852207,baixo
3492,15,538.1,35.873333333333335,65.3,0.4,381.40000000000003,156.70000000000002,5.053333333333333,0.2,3,-4.212437342039595,baixo
3493,21,818.4,38.97142857142857,68.2,0.38095238095238093,930.9300000000001,-112.53,5.577142857142857,0.38095238095238093,4,-0.8810218545256774,medio
3494,30,10350.85,345.02833333333336,490.6,0.2,7913.76,2437.09,5.335,0.4666666666666667,11,8.47151251729745,alto
3495,29,5771.1,199.00344827586207,314.05,0.3448275862068966,3466.74,2304.36,3.9458620689655173,0.2413793103448276,5,2.451363166599717,alto
3496,25,297.35,11.894,24.9,0.36,178.01999999999998,119.32999999999998,5.219600000000001,0.44,6,1.3769585743868478,alto
3497,22,1827.5,83.06818181818181,118.4,0.4090909090909091,1918.35,-90.85,3.821363636363636,0.4090909090909091,3,-0.522556338862329,medio
3498,27,4015.4,148.71851851851852,245.0,0.4074074074074074,3860.67,154.7299999999998,4.214444444444445,0.2962962962962963,3,0.14033992285529112,medio
3499,23,2088.65,90.8108695652174,124.25,0.43478260869565216,3185.42,-1096.77,5.7986956521739135,0.6086956521739131,9,3.7030602070443495,alto
3500,20,354.25,17.7125,24.6,0.1,542.37,-188.11999999999998,7.351999999999999,0.35,13,2.3861664670983425,alto
3501,15,11906.3,793.7533333333333,998.75,0.26666666666666666,4064.6099999999997,7841.6900000000005,4.697333333333334,0.26666666666666666,6,7.028178952999717,alto
3502,23,4758.95,206.91086956521738,319.4,0.2608695652173913,2166.13,2592.82,7.070434782608696,0.43478260869565216,8,4.41934470710535,alto
3503,25,1999.3,79.972,123.35,0.32,1395.67,603.6300000000001,4.2612,0.28,8,1.5086924282891157,alto
3504,9,1810.1499999999999,201.12777777777777,315.15,0.1111111111111111,484.98,1325.1699999999998,5.692222222222223,0.2222222222222222,4,-3.1519875305054876,baixo
3505,13,976.0,75.07692307692308,115.4,0.3076923076923077,440.21000000000004,535.79,4.616923076923077,0.5384615384615384,4,-0.6276955301214779,medio
3506,14,488.05,34.86071428571429,68.1,0.2857142857142857,88.09,399.96000000000004,4.8221428571428575,0.6428571428571429,6,1.090442831011918,alto
3507,18,2795.7,155.31666666666666,239.95,0.2777777777777778,944.14,1851.56,4.776666666666667,0.3888888888888889,5,0.8055783349532021,alto
3508,21,117.5,5.595238095238095,9.85,0.38095238095238093,206.52,-89.02000000000001,5.956190476190476,0.3333333333333333,4,-1.5375715200717883,baixo
3509,25,2006.45,80.258,122.75,0.44,3625.3199999999997,-1618.87,5.5652,0.44,5,0.4840362987698089,medio
3510,22,14932.55,678.7522727272727,939.05,0.5909090909090909,30039.25,-15106.7,5.6054545454545455,0.4090909090909091,2,-4.837287359799407,baixo
3511,18,94.8,5.266666666666667,9.45,0.5,139.59,-44.790000000000006,3.7333333333333334,0.4444444444444444,3,-1.6042550900291992,baixo
3512,26,2182.6,83.94615384615385,124.3,0.3076923076923077,954.58,1228.02,4.015769230769231,0.3076923076923077,7,1.906852997675319,alto
3513,18,1330.4,73.91111111111111,118.65,0.5,986.95,343.45,4.530555555555555,0.3888888888888889,3,-1.4373091451886697,baixo
3514,16,2384.8,149.05,232.9,0.5,2255.42,129.37999999999994,4.009375,0.0625,6,-3.1699623087940445,baixo
3515,21,295.95,14.092857142857142,25.0,0.19047619047619047,100.45,195.5,6.458571428571428,0.42857142857142855,6,0.43105705006091233,medio
3516,18,641.15,35.61944444444444,64.1,0.3333333333333333,744.15,-103.00000000000003,5.442777777777778,0.5,4,-0.4734284132363089,medio
3517,13,7523.55,578.7346153846154,856.1,0.46153846153846156,4898.12,2625.43,4.672307692307692,0.46153846153846156,2,2.362587498745446,alto
3518,18,298.4,16.577777777777776,24.95,0.2777777777777778,303.51,-5.109999999999999,3.6800000000000006,0.3333333333333333,6,-1.2087020558783468,baixo
3519,22,1825.75,82.98863636363636,123.95,0.4090909090909091,2388.15,-562.4,5.243636363636363,0.36363636363636365,4,-0.7524247407508815,medio
3520,21,881.6,41.98095238095238,69.8,0.2857142857142857,551.56,330.03999999999996,4.8447619047619055,0.42857142857142855,5,0.25431873603496774,medio
3521,14,396.6,28.32857142857143,59.1,0.5,365.59,31.010000000000012,3.7807142857142857,0.2857142857142857,3,-3.7648713284377813,baixo
3522,12,455.7,37.975,63.05,0.4166666666666667,378.73,76.97000000000001,4.0025,0.16666666666666666,6,-3.8987027436901593,baixo
3523,23,3486.8,151.6,245.05,0.30434782608695654,2654.85,831.95,4.721304347826087,0.34782608695652173,7,1.8604833227953104,alto
3524,14,3142.35,224.45357142857142,318.75,0.42857142857142855,6217.95,-3075.6,4.397857142857143,0.2857142857142857,5,-3.1835608613914235,baixo
3525,16,1209.0,75.5625,122.9,0.25,726.9300000000001,482.07,6.1525,0.375,11,1.594483144969991,alto
3526,20,283.25,14.1625,24.15,0.35,284.68,-1.4299999999999926,5.0885,0.5,3,-0.5595836737031268,medio
3527,20,3185.4,159.27,248.75,0.5,4280.35,-1094.9499999999998,4.5495,0.3,5,-1.1043293232922493,medio
3528,18,6497.15,360.9527777777778,493.9,0.2777777777777778,5311.99,1185.16,5.156666666666666,0.2222222222222222,4,-0.1089280552434102,medio
3529,18,597.25,33.18055555555556,60.45,0.3333333333333333,460.81,136.44,4.303333333333333,0.3888888888888889,4,-1.3875563309280725,baixo
3530,17,1346.3,79.19411764705882,124.55,0.23529411764705882,687.23,659.0699999999999,3.5682352941176467,0.35294117647058826,6,-0.46763066325037467,medio
3531,21,7367.15,350.81666666666666,497.1,0.23809523809523808,2391.23,4975.92,3.779047619047619,0.47619047619047616,5,5.2896826497099605,alto
3532,23,3892.35,169.23260869565217,247.6,0.30434782608695654,1340.37,2551.98,4.4830434782608695,0.391304347826087,7,3.2967834702090677,alto
3533,20,1694.1,84.705,124.65,0.3,1246.13,447.97,5.423,0.3,4,-1.238613332969602,baixo
3534,18,3662.3,203.4611111111111,318.0,0.5,5050.070000000001,-1387.77,5.251111111111111,0.3333333333333333,3,-1.9768848052632861,baixo
3535,23,901.1999999999999,39.18260869565217,69.2,0.43478260869565216,890.9,10.299999999999969,5.069565217391305,0.43478260869565216,4,0.13013139536461105,medio
3536,21,1491.3,71.0142857142857,120.25,0.2857142857142857,1614.3799999999999,-123.07999999999991,5.390952380952381,0.42857142857142855,6,0.6539527363426354,medio
3537,23,15298.199999999999,665.1391304347826,975.3,0.2608695652173913,15228.400000000001,69.79999999999961,6.772173913043478,0.43478260869565216,9,6.676167977306515,alto
3538,21,629.15,29.95952380952381,66.3,0.3333333333333333,561.4100000000001,67.74,5.002857142857143,0.2857142857142857,4,-1.7255105030607574,baixo
3539,14,223.95,15.99642857142857,23.95,0.35714285714285715,114.61,109.34,4.415,0.2857142857142857,7,-2.046765898627183,baixo
3540,21,4670.4,222.39999999999998,317.8,0.23809523809523808,4271.72,398.6799999999998,6.247619047619047,0.2857142857142857,9,1.9779852661543815,alto
3541,18,1547.45,85.96944444444445,123.1,0.4444444444444444,1783.13,-235.67999999999995,4.547777777777778,0.3333333333333333,4,-1.733853461939093,baixo
3542,20,1560.35,78.0175,116.45,0.2,660.77,899.58,4.849,0.5,6,1.680177371344286,alto
3543,24,8551.9,356.32916666666665,496.1,0.4583333333333333,6462.57,2089.33,4.307083333333334,0.3333333333333333,3,2.2680274166551118,alto
3544,18,659.7,36.650000000000006,69.25,0.5,478.75,180.95,4.09,0.16666666666666666,3,-3.829460387067699,baixo
3545,12,1807.05,150.5875,238.05,0.16666666666666666,329.37,1477.68,4.8533333333333335,0.3333333333333333,4,-1.722505343679879,baixo
3546,18,3713.35,206.29722222222222,319.75,0.5,3265.91,447.44,3.2861111111111114,0.4444444444444444,3,0.042309241794256436,medio
3547,19,101.8,5.3578947368421055,9.9,0.3157894736842105,95.94,5.859999999999999,4.881578947368421,0.47368421052631576,5,-0.2023367392733173,medio
3548,17,5748.75,338.1617647058824,466.35,0.17647058823529413,1157.03,4591.72,3.9105882352941177,0.35294117647058826,8,4.2868315977992415,alto
3549,22,4784.55,217.47954545454547,318.85,0.4090909090909091,2915.37,1869.1799999999998,3.3645454545454543,0.36363636363636365,5,1.906508565490496,alto
3550,17,1265.75,74.45588235294117,110.35,0.29411764705882354,463.46999999999997,802.28,5.329411764705882,0.5882352941176471,5,1.3050836020860024,alto
3551,10,762.35,76.235,120.95,0.5,815.74,-53.38999999999997,3.5230000000000006,0.2,2,-5.6065261109576525,baixo
3552,19,85.15,4.481578947368422,9.5,0.5263157894736842,140.55,-55.4,3.5284210526315793,0.3684210526315789,5,-1.2115473156530798,baixo
3553,19,1413.3,74.38421052631578,121.55,0.631578947368421,1786.32,-373.02000000000004,2.6868421052631577,0.3684210526315789,2,-2.2197933888228216,baixo
3554,18,1514.05,84.11388888888888,124.6,0.3333333333333333,907.21,606.8399999999999,4.541111111111111,0.4444444444444444,8,1.4870181165610818,alto
3555,17,1496.15,88.00882352941177,124.05,0.35294117647058826,905.32,590.83,6.081764705882353,0.47058823529411764,5,0.20129341079883845,medio
3556,25,1867.3,74.692,116.0,0.44,1528.63,338.66999999999996,6.412000000000001,0.32,4,-0.06107981475214244,medio
3557,15,1144.1,76.27333333333333,118.4,0.4,922.34,221.76000000000002,3.576,0.3333333333333333,5,-1.7893460854901198,baixo
3558,25,1914.85,76.594,122.45,0.4,2085.46,-170.60999999999999,5.274400000000001,0.28,3,-1.1277723583576984,medio
3559,21,7249.6,345.2190476190476,469.35,0.38095238095238093,3361.46,3888.14,4.7595238095238095,0.42857142857142855,4,3.7936898566373607,alto
3560,20,238.8,11.940000000000001,23.1,0.45,375.59999999999997,-136.79999999999998,4.5865,0.4,5,-0.6881898198804401,medio
3561,12,550.3,45.85833333333333,68.5,0.3333333333333333,643.98,-93.67999999999998,4.3500000000000005,0.16666666666666666,5,-4.3754239246253785,baixo
3562,22,767.85,34.90227272727273,69.8,0.3181818181818182,277.96,489.89,5.555454545454546,0.3181818181818182,3,-1.3841014111069652,baixo
3563,17,1353.55,79.62058823529412,123.5,0.35294117647058826,783.25,570.3000000000001,4.17,0.35294117647058826,5,-0.9522213573760795,medio
3564,16,566.6,35.4125,68.65,0.5625,653.54,-86.94,4.789375,0.3125,3,-3.083677085084317,baixo
3565,17,91.9,5.405882352941177,9.5,0.29411764705882354,52.09,39.81,5.7829411764705885,0.5882352941176471,5,0.424229298876446,medio
3566,22,3463.15,157.41590909090908,239.55,0.36363636363636365,3173.7799999999997,289.37,4.800454545454546,0.36363636363636365,5,0.653287515170242,medio
3567,20,1795.7,89.785,124.9,0.4,2127.9900000000002,-332.28999999999996,5.555,0.5,5,0.6663557645518043,medio
3568,20,103.55,5.1775,9.95,0.3,104.8,-1.2500000000000027,5.4755,0.25,8,-0.7248099492934781,medio
3569,26,4873.8,187.45384615384617,249.9,0.38461538461538464,5116.41,-242.60999999999996,3.7196153846153845,0.2692307692307692,5,0.6032130424750421,medio
3570,19,3973.4,209.1263157894737,309.4,0.2631578947368421,1965.9899999999998,2007.41,5.098947368421053,0.21052631578947367,7,0.7192074929630932,medio
3571,27,9122.75,337.8796296296296,496.25,0.2962962962962963,4209.76,4912.99,3.7481481481481485,0.18518518518518517,8,5.1490748486475395,alto
3572,14,4740.3,338.59285714285716,497.6,0.5,3697.0600000000004,1043.24,3.8835714285714285,0.14285714285714285,4,-1.966346274819591,baixo
3573,23,261.9,11.38695652173913,23.65,0.2608695652173913,127.08,134.82,4.567826086956522,0.2608695652173913,15,3.2451397437521985,alto
3574,21,3223.15,153.48333333333335,237.55,0.19047619047619047,1986.3100000000002,1236.84,7.102857142857142,0.5238095238095238,7,3.263249870400881,alto
3575,27,4821.25,178.5648148148148,309.75,0.37037037037037035,3856.45,964.8000000000002,4.448148148148148,0.3333333333333333,6,2.4389898633565874,alto
3576,25,1687.0,67.48,123.35,0.44,1556.37,130.63,3.9012000000000002,0.36,4,0.14753068952175985,medio
3577,20,3117.65,155.8825,245.0,0.4,2623.09,494.56000000000006,5.022,0.2,4,-1.6455642615486252,baixo
3578,19,13144.45,691.8131578947368,966.05,0.2631578947368421,5035.23,8109.22,4.751578947368421,0.3157894736842105,8,8.697819344142365,alto
3579,20,937.9,46.894999999999996,68.5,0.3,603.9,334.0,6.8745,0.45,6,0.7041974317580951,medio
3580,18,3912.5,217.36111111111111,311.8,0.5555555555555556,6097.85,-2185.35,3.1611111111111114,0.2777777777777778,3,-2.8171728631092283,baixo
3581,20,1485.85,74.29249999999999,118.7,0.25,610.47,875.38,5.008,0.4,7,1.15992529748115,alto
3582,22,129.25,5.875,9.75,0.5454545454545454,244.73,-115.48,4.067272727272727,0.2727272727272727,4,-1.8845119278485103,baixo
3583,25,971.65,38.866,65.35,0.4,1135.81,-164.16000000000005,4.8648,0.36,4,-0.20624079436929615,medio
3584,21,3021.45,143.87857142857143,239.25,0.2857142857142857,1767.42,1254.03,3.8380952380952387,0.38095238095238093,5,1.008210239776002,alto
3585,24,4572.5,190.52083333333334,247.85,0.375,3051.9300000000003,1520.57,4.148333333333333,0.25,6,1.376145480790728,alto
3586,30,135.7,4.5233333333333325,9.15,0.3333333333333333,134.08,1.6200000000000039,5.255333333333334,0.3333333333333333,6,1.4002445052217094,alto
3587,11,401.7,36.518181818181816,69.8,0.09090909090909091,31.14,370.56,5.209090909090909,0.45454545454545453,8,-0.4415472028051721,medio
3588,26,301.9,11.61153846153846,24.55,0.5,245.84,56.06,4.829615384615384,0.38461538461538464,4,0.17400782121715455,medio
3589,25,98.65,3.946,9.6,0.28,56.97,41.68,3.9471999999999996,0.36,5,0.102905316850466,medio
3590,23,3631.5,157.8913043478261,246.35,0.34782608695652173,2653.57,977.9300000000001,4.528695652173913,0.17391304347826086,8,0.8181154947460632,alto
3591,19,671.75,35.35526315789474,67.05,0.3157894736842105,216.51000000000002,455.24,4.311578947368421,0.3684210526315789,5,-0.7275192741745974,medio
3592,25,358.8,14.352,24.65,0.32,400.89,-42.08999999999998,4.7556,0.2,6,-0.9048963409852195,medio
3593,15,621.15,41.41,68.2,0.5333333333333333,852.22,-231.07,2.8466666666666667,0.4,3,-2.5361417169544036,baixo
3594,21,3719.75,177.13095238095238,249.15,0.19047619047619047,870.85,2848.9,5.122857142857143,0.23809523809523808,8,2.088526094071683,alto
3595,26,150.85,5.801923076923076,9.8,0.38461538461538464,87.39,63.46,3.8546153846153848,0.2692307692307692,4,-0.9260392631862772,medio
3596,21,1604.95,76.42619047619048,121.45,0.42857142857142855,2259.58,-654.6300000000001,3.721904761904762,0.3333333333333333,3,-1.7904619762115737,baixo
3597,24,4836.2,201.50833333333333,300.25,0.375,6062.83,-1226.6299999999999,4.636666666666667,0.25,3,-1.3289194682572116,baixo
3598,19,1572.7,82.77368421052631,119.1,0.3157894736842105,2497.04,-924.3399999999999,6.527368421052631,0.42105263157894735,4,-1.0888905098360828,medio
3599,21,3665.45,174.5452380952381,293.45,0.5238095238095238,4845.08,-1179.6299999999999,4.05095238095238,0.3333333333333333,3,-1.3934075784641964,baixo
3600,19,672.8,35.41052631578947,69.65,0.47368421052631576,826.06,-153.26000000000002,5.738421052631579,0.47368421052631576,3,-0.9605558747500917,medio
3601,23,3440.95,149.60652173913041,237.7,0.30434782608695654,2865.54,575.41,5.203043478260869,0.4782608695652174,7,2.913170192912795,alto
3602,19,292.8,15.410526315789474,24.85,0.3157894736842105,212.66,80.14000000000001,4.566315789473684,0.2631578947368421,6,-1.5944951878087152,baixo
3603,15,780.5,52.03333333333333,68.85,0.6,601.71,178.79,2.9226666666666667,0.2,4,-3.6490012445081454,baixo
3604,21,274.05,13.05,23.2,0.42857142857142855,157.59,116.46000000000001,4.805238095238095,0.47619047619047616,5,0.3806047441163779,medio
3605,16,1334.75,83.421875,123.05,0.3125,573.9100000000001,760.84,5.535625,0.25,8,-0.6769521547185773,medio
3606,19,2752.9,144.88947368421054,231.0,0.47368421052631576,3083.37,-330.4699999999999,4.025789473684211,0.3684210526315789,4,-0.8307048775957883,medio
3607,16,10568.2,660.5125,942.5,0.1875,4153.88,6414.32,5.310625,0.4375,7,7.59142926021995,alto
3608,21,94.1,4.480952380952381,9.6,0.3333333333333333,183.67000000000002,-89.57000000000001,5.1242857142857146,0.23809523809523808,4,-2.4237240656524426,baixo
3609,17,1550.4,91.2,124.95,0.35294117647058826,1229.12,321.28000000000003,4.2829411764705885,0.47058823529411764,3,-0.8006663211199587,medio
3610,21,3939.3,187.5857142857143,314.5,0.5714285714285714,7606.89,-3667.59,4.814285714285714,0.3333333333333333,2,-3.065860556975094,baixo
3611,20,6791.6,339.58000000000004,494.15,0.6,8254.32,-1462.72,3.8795,0.25,3,-1.3992393740360884,baixo
3612,21,3252.2,154.86666666666665,240.75,0.38095238095238093,3498.3900000000003,-246.18999999999983,4.6276190476190475,0.3333333333333333,9,1.6091566117583176,alto
3613,14,75.55,5.396428571428571,9.75,0.5,92.4,-16.85,5.382857142857143,0.2857142857142857,3,-3.9482949238685348,baixo
3614,12,177.45,14.7875,24.9,0.4166666666666667,119.31,58.14,3.2741666666666664,0.4166666666666667,2,-3.524679975497425,baixo
3615,20,4328.25,216.4125,311.8,0.35,2545.17,1783.08,4.9115,0.1,3,-1.9063570176202345,baixo
3616,19,795.1,41.847368421052636,66.15,0.21052631578947367,940.06,-144.95999999999998,5.329473684210527,0.2631578947368421,11,0.6698544875065415,medio
3617,20,321.7,16.085,24.7,0.45,413.03999999999996,-91.33999999999999,4.176,0.35,4,-1.5368866565295252,baixo
3618,16,2635.85,164.740625,237.35,0.3125,1054.78,1581.07,4.009375,0.25,4,-1.4423309657196062,baixo
3619,28,2144.25,76.58035714285714,121.4,0.39285714285714285,1384.11,760.14,4.316071428571428,0.39285714285714285,5,1.9601491463229699,alto
3620,17,220.5,12.970588235294118,18.1,0.35294117647058826,198.0,22.499999999999993,3.7882352941176474,0.35294117647058826,4,-2.142841865812903,baixo
3621,16,2489.6,155.6,241.45,0.3125,1909.82,579.78,5.489375,0.375,6,-0.003984032927583148,medio
3622,14,63.5,4.535714285714286,8.8,0.5,46.85,16.650000000000002,4.279285714285715,0.2857142857142857,3,-3.9364252821352386,baixo
3623,23,8208.55,356.89347826086953,489.25,0.30434782608695654,4359.98,3848.57,5.097391304347826,0.43478260869565216,4,4.358440597280424,alto
3624,19,6984.05,367.5815789473684,488.75,0.3157894736842105,5172.05,1812.0,8.00578947368421,0.42105263157894735,4,2.3272378658811292,alto
3625,19,1557.0,81.94736842105263,117.75,0.2631578947368421,780.8699999999999,776.13,3.075263157894737,0.42105263157894735,5,0.24929433304856158,medio
3626,16,617.4,38.5875,61.95,0.5625,1087.74,-470.34,3.976875,0.5,4,-1.0962295920390006,medio
3627,18,1386.95,77.05277777777778,112.45,0.2222222222222222,398.6,988.35,4.587777777777777,0.4444444444444444,4,-0.12037164983988169,medio
3628,25,362.6,14.504000000000001,24.45,0.24,357.07,5.529999999999999,5.8724,0.4,7,1.4060003800363456,alto
3629,15,622.1,41.473333333333336,60.05,0.4,612.03,10.069999999999995,3.7613333333333334,0.26666666666666666,3,-3.6370364156503894,baixo
3630,19,1696.8,89.30526315789473,123.45,0.47368421052631576,2303.83,-607.0300000000001,6.67421052631579,0.3157894736842105,3,-2.2862793107711474,baixo
3631,27,4240.8,157.06666666666666,243.55,0.2962962962962963,4006.6499999999996,234.14999999999995,5.03925925925926,0.37037037037037035,6,2.244173024995106,alto
3632,19,3129.2,164.69473684210524,234.35,0.47368421052631576,4418.18,-1288.98,4.522631578947368,0.42105263157894735,3,-1.158592327448115,medio
3633,27,4336.55,160.61296296296297,245.55,0.2222222222222222,2343.81,1992.74,5.083703703703703,0.37037037037037035,5,2.762639582213199,alto
3634,14,2259.6,161.4,238.1,0.42857142857142855,1089.11,1170.49,6.247142857142857,0.42857142857142855,3,-0.9253402914477237,medio
3635,25,4477.5,179.1,249.0,0.4,3529.17,948.33,3.83,0.12,5,-0.4216372807593134,medio
3636,24,4192.2,174.67499999999998,248.2,0.3333333333333333,3209.4,982.8000000000001,3.7045833333333333,0.25,8,1.8619637647955736,alto
3637,20,3062.25,153.1125,245.55,0.4,1834.95,1227.3,3.2085,0.15,4,-1.7363660375870695,baixo
3638,19,1634.2,86.01052631578948,123.5,0.3684210526315789,1994.52,-360.31999999999994,3.7947368421052627,0.10526315789473684,4,-3.6787785081946307,baixo
3639,20,755.35,37.7675,64.25,0.4,514.9300000000001,240.42000000000002,4.3134999999999994,0.2,5,-2.1540034572515254,baixo
3640,20,304.25,15.2125,24.85,0.3,108.14,196.11,5.2105,0.35,9,0.8116463000587855,alto
3641,20,4505.65,225.28249999999997,303.5,0.45,3879.93,625.72,3.091,0.4,3,0.3060881617617033,medio
3642,19,3282.2,172.7473684210526,235.5,0.3157894736842105,3030.86,251.34000000000003,5.231052631578947,0.47368421052631576,9,2.842796648195531,alto
3643,22,3724.2,169.28181818181818,244.2,0.2727272727272727,3250.48,473.7200000000001,3.946818181818182,0.36363636363636365,10,3.0348030123648253,alto
3644,20,662.5,33.125,67.95,0.25,1195.6100000000001,-533.1099999999999,6.2045,0.35,5,-1.2138516759755285,baixo
3645,18,736.0500000000001,40.89166666666667,69.0,0.5555555555555556,779.27,-43.22000000000001,3.6199999999999997,0.3888888888888889,3,-1.8702513672464318,baixo
3646,12,569.45,47.45416666666667,65.7,0.5,1248.46,-679.01,7.0975,0.6666666666666666,2,-1.3860594440444038,baixo
3647,22,3562.95,161.9522727272727,246.65,0.2727272727272727,1035.22,2527.73,3.289090909090909,0.22727272727272727,4,0.17609395916525417,medio
3648,20,849.8,42.489999999999995,67.15,0.3,1052.86,-203.06000000000003,6.132,0.35,5,-0.9739639156253728,medio
3649,20,3180.1,159.005,247.75,0.35,2293.3900000000003,886.71,4.3015,0.25,4,-0.954643034021502,medio
3650,17,1517.0,89.23529411764706,124.2,0.35294117647058826,960.15,556.85,4.831764705882353,0.5294117647058824,4,0.2937334702885359,medio
3651,23,297.15,12.919565217391304,23.95,0.43478260869565216,512.79,-215.64,3.640434782608696,0.21739130434782608,4,-2.1754094322115627,baixo
3652,13,1066.35,82.02692307692307,118.5,0.38461538461538464,734.85,331.5,4.116153846153846,0.3076923076923077,3,-3.25662674189116,baixo
3653,18,1585.8,88.1,121.35,0.5,2761.6,-1175.8,5.711111111111111,0.4444444444444444,4,-1.1941440531647591,medio
3654,23,1083.45,47.106521739130436,68.75,0.391304347826087,761.69,321.76,4.034782608695652,0.13043478260869565,4,-2.4561552322947273,baixo
3655,18,694.5,38.583333333333336,69.7,0.2222222222222222,447.41,247.08999999999997,5.982777777777778,0.3888888888888889,6,-0.4108161900969428,medio
3656,19,656.45,34.550000000000004,59.7,0.2631578947368421,203.31,453.14,3.763684210526316,0.3684210526315789,5,-0.7341830392202622,medio
3657,18,2896.45,160.9138888888889,243.05,0.3888888888888889,2220.26,676.19,4.334444444444444,0.3888888888888889,5,0.21962860118094027,medio
3658,21,3342.5,159.16666666666666,245.95,0.14285714285714285,2477.7799999999997,864.72,5.272857142857143,0.38095238095238093,10,3.108499013550993,alto
3659,18,1425.8,79.21111111111111,124.5,0.3888888888888889,1099.05,326.75,5.442222222222222,0.5,4,0.05524233643722076,medio
3660,19,625.2,32.90526315789474,67.7,0.42105263157894735,550.26,74.94,2.91421052631579,0.3684210526315789,7,-0.06573967362004776,medio
3661,23,3677.8,159.90434782608696,246.2,0.391304347826087,4403.71,-725.9099999999999,5.962173913043478,0.30434782608695654,5,-0.1916795566326817,medio
3662,17,2628.4,154.61176470588236,244.3,0.5882352941176471,4762.13,-2133.73,4.875294117647059,0.5882352941176471,3,-0.5833951026671009,medio
3663,19,102.15,5.376315789473685,9.7,0.3684210526315789,71.46,30.690000000000005,4.983684210526316,0.42105263157894735,7,0.20639637406706807,medio
3664,21,737.2,35.10476190476191,67.5,0.47619047619047616,834.73,-97.53000000000002,3.93047619047619,0.2857142857142857,3,-2.2182375809543053,baixo
3665,28,351.7,12.560714285714285,24.45,0.39285714285714285,222.42000000000002,129.28,4.4539285714285715,0.4642857142857143,4,1.4021558049197105,alto
3666,12,1724.65,143.72083333333333,213.25,0.25,1205.46,519.19,3.9375,0.3333333333333333,4,-2.279091238876502,baixo
3667,24,4308.2,179.50833333333333,244.45,0.4583333333333333,4724.87,-416.66999999999996,4.2058333333333335,0.4166666666666667,5,1.3674126799081048,alto
3668,15,1016.4000000000001,67.76,105.05,0.4,832.9499999999999,183.45000000000005,4.3660000000000005,0.26666666666666666,4,-2.9234459910947255,baixo
3669,14,5121.9,365.84999999999997,462.8,0.35714285714285715,4371.24,750.6600000000001,4.738571428571428,0.07142857142857142,4,-2.5926494036671475,baixo
3670,14,1209.7,86.40714285714286,124.0,0.35714285714285715,646.97,562.73,6.7871428571428565,0.42857142857142855,4,-1.3245736914658042,baixo
3671,17,3429.8,201.75294117647059,248.8,0.5294117647058824,1977.52,1452.28,3.037058823529412,0.4117647058823529,3,0.01953266518071617,medio
3672,14,3010.45,215.03214285714284,303.55,0.21428571428571427,3317.81,-307.36,5.653571428571429,0.35714285714285715,9,0.6424729681913911,medio
3673,19,3816.5,200.8684210526316,315.65,0.47368421052631576,2064.69,1751.81,4.285263157894737,0.3684210526315789,3,0.2209904055346323,medio
3674,21,3382.35,161.06428571428572,249.7,0.38095238095238093,3942.77,-560.4199999999998,4.419047619047619,0.42857142857142855,5,0.6016284815653459,medio
3675,25,919.7,36.788000000000004,66.9,0.52,1131.76,-212.06,3.5224,0.2,5,-1.2809937062954653,baixo
3676,17,5864.55,344.97352941176473,497.9,0.47058823529411764,10764.49,-4899.9400000000005,5.407058823529412,0.47058823529411764,3,-1.8264652335194285,baixo
3677,19,89.6,4.71578947368421,9.8,0.3684210526315789,45.34,44.26,4.8315789473684205,0.2631578947368421,5,-2.1276047147416612,baixo
3678,13,4849.6,373.04615384615386,499.65,0.07692307692307693,1014.29,3835.31,6.024615384615384,0.46153846153846156,9,4.670856237004903,alto
3679,15,5303.95,353.59666666666664,498.65,0.2,3956.17,1347.78,8.96,0.2,6,-0.06949337312670312,medio
3680,16,2508.25,156.765625,233.8,0.25,2900.79,-392.53999999999996,8.39,0.4375,5,-0.37663345770379897,medio
3681,24,2123.9,88.49583333333334,121.55,0.16666666666666666,1235.8799999999999,888.0200000000001,6.2558333333333325,0.5,13,5.724905076629055,alto
3682,23,888.2,38.61739130434783,69.5,0.391304347826087,808.62,79.58000000000006,6.28608695652174,0.34782608695652173,5,-0.19840902940508282,medio
3683,21,4037.6,192.26666666666665,319.55,0.42857142857142855,3304.2799999999997,733.3199999999999,4.57047619047619,0.3333333333333333,6,1.0661869901637533,alto
3684,15,71.45,4.763333333333334,9.8,0.26666666666666666,138.65,-67.2,4.766,0.26666666666666666,7,-2.1695608064084846,baixo
3685,23,4040.9,175.6913043478261,247.05,0.30434782608695654,1960.42,2080.48,3.4321739130434783,0.30434782608695654,8,2.7293011124075472,alto
3686,14,556.65,39.760714285714286,64.4,0.21428571428571427,87.99,468.66,6.368571428571428,0.2857142857142857,6,-2.1324827728751625,baixo
3687,23,759.9,33.03913043478261,68.45,0.391304347826087,678.45,81.45,3.6660869565217387,0.4782608695652174,4,0.5265191821378399,medio
3688,23,312.6,13.591304347826087,24.1,0.30434782608695654,176.35,136.25,4.0917391304347825,0.2608695652173913,6,-0.7021759349910909,medio
3689,21,3229.6,153.7904761904762,244.85,0.3333333333333333,3497.4400000000005,-267.83999999999986,3.6861904761904762,0.23809523809523808,7,-0.16866962050039458,medio
3690,18,1364.0,75.77777777777777,112.9,0.2777777777777778,698.38,665.62,5.3933333333333335,0.3888888888888889,6,0.06781850336287132,medio
3691,12,1711.3500000000001,142.6125,228.35,0.4166666666666667,1774.8600000000001,-63.50999999999988,5.921666666666667,0.25,4,-3.3647452022385185,baixo
3692,20,101.9,5.095000000000001,9.75,0.25,16.06,85.84,5.08,0.45,13,3.366892912507665,alto
3693,20,3152.2,157.60999999999999,242.95,0.35,2099.2,1053.0,3.7235,0.35,3,-0.3941688076798163,medio
3694,21,3506.35,166.96904761904761,233.2,0.42857142857142855,3015.9700000000003,490.3799999999999,4.045238095238095,0.2857142857142857,6,0.3237221024978407,medio
3695,27,384.25,14.231481481481481,22.8,0.2962962962962963,316.13,68.12,4.504814814814815,0.48148148148148145,7,2.6367837675534345,alto
3696,19,266.2,14.010526315789473,24.8,0.5789473684210527,343.16,-76.96,4.172105263157895,0.3157894736842105,2,-2.9637512774807706,baixo
3697,20,4047.75,202.3875,305.65,0.35,4057.33,-9.580000000000211,4.673,0.2,4,-1.593028027113474,baixo
3698,13,1725.9,132.76153846153846,233.9,0.3076923076923077,1247.82,478.08,4.525384615384616,0.5384615384615384,6,0.6197920256134981,medio
3699,17,2772.7,163.1,245.7,0.29411764705882354,1572.31,1200.3899999999999,6.010588235294118,0.29411764705882354,10,1.6171136920344205,alto
3700,25,1051.0,42.04,69.4,0.48,984.7,66.3,4.7124,0.36,4,-0.061922167050708216,medio
3701,26,1802.55,69.32884615384616,120.4,0.23076923076923078,1005.79,796.76,4.0019230769230765,0.38461538461538464,5,1.4055794526369234,alto
3702,14,2343.3,167.37857142857143,249.7,0.14285714285714285,516.21,1827.09,6.085,0.5,10,3.2058979929630786,alto
3703,14,2942.85,210.20357142857142,302.2,0.35714285714285715,2625.04,317.80999999999995,5.052857142857143,0.07142857142857142,5,-3.4546207778347693,baixo
3704,21,3565.95,169.80714285714285,249.3,0.42857142857142855,5934.28,-2368.33,5.419047619047619,0.3333333333333333,4,-1.6172839908448957,baixo
3705,14,182.5,13.035714285714286,22.55,0.35714285714285715,162.86,19.64,3.1242857142857146,0.14285714285714285,4,-4.753187158140241,baixo
3706,23,3444.95,149.7804347826087,243.35,0.391304347826087,4195.76,-750.81,3.7960869565217394,0.34782608695652173,5,0.12624999447346769,medio
3707,20,12982.35,649.1175000000001,996.6,0.4,13124.99,-142.64000000000004,3.9840000000000004,0.35,4,2.7972165713984096,alto
3708,19,6951.95,365.8921052631579,497.65,0.47368421052631576,5775.36,1176.59,3.227894736842105,0.21052631578947367,5,0.47709912644381025,medio
3709,21,309.15,14.72142857142857,23.95,0.6190476190476191,341.15,-31.999999999999996,3.8538095238095242,0.42857142857142855,3,-1.006578059717313,medio
3710,21,3136.2,149.34285714285713,243.8,0.3333333333333333,3561.08,-424.88,3.967142857142857,0.47619047619047616,6,1.4723431567738894,alto
3711,23,4761.75,207.0326086956522,314.25,0.34782608695652173,3673.11,1088.6399999999999,5.248260869565217,0.34782608695652173,6,1.938418844875156,alto
3712,17,2650.9,155.93529411764706,249.5,0.5294117647058824,3473.09,-822.19,4.5582352941176465,0.29411764705882354,3,-2.5894490109033157,baixo
3713,20,728.15,36.4075,64.55,0.5,971.63,-243.48000000000002,4.457,0.3,4,-1.938755310990207,baixo
3714,24,2054.3,85.59583333333335,124.35,0.2916666666666667,906.8,1147.5,5.40875,0.375,12,4.249817269495441,alto
3715,19,2761.4,145.33684210526317,240.45,0.3684210526315789,4597.18,-1835.78,4.864736842105263,0.3157894736842105,8,-0.35130488510634655,medio
3716,22,3654.35,166.10681818181817,246.85,0.22727272727272727,1121.7,2532.65,6.239545454545455,0.4090909090909091,9,4.085675718878921,alto
3717,17,4027.1,236.88823529411764,316.9,0.47058823529411764,6945.33,-2918.23,4.921176470588235,0.29411764705882354,4,-2.70504519169738,baixo
3718,20,781.45,39.072500000000005,69.6,0.25,498.2,283.25,4.4805,0.3,7,-0.31943802009585187,medio
3719,20,827.1,41.355000000000004,68.2,0.25,351.72,475.38,4.703,0.4,6,0.280102463083922,medio
3720,18,11201.2,622.2888888888889,986.3,0.6111111111111112,14604.849999999999,-3403.6499999999996,3.626666666666667,0.4444444444444444,3,0.8621283943966371,alto
3721,32,2567.6,80.2375,121.2,0.46875,2566.27,1.3299999999999415,3.9146875,0.4375,3,2.0092287839201877,alto
3722,26,3979.5,153.05769230769232,249.7,0.2692307692307692,2039.23,1940.27,6.656923076923078,0.34615384615384615,13,5.75827378096278,alto
3723,26,9670.15,371.92884615384617,498.6,0.4230769230769231,11391.72,-1721.5700000000002,4.398461538461539,0.34615384615384615,5,1.7976598585172123,alto
3724,20,1894.5,94.725,122.95,0.2,993.81,900.69,8.741499999999998,0.45,10,3.096279494853637,alto
3725,18,6659.45,369.96944444444443,497.1,0.2222222222222222,2802.94,3856.51,6.237777777777778,0.6666666666666666,10,8.112932894069674,alto
3726,21,3203.5,152.54761904761904,248.0,0.2857142857142857,1821.17,1382.33,5.305238095238095,0.38095238095238093,9,2.897556826866615,alto
3727,18,3762.5,209.02777777777777,315.25,0.3888888888888889,2000.8899999999999,1761.61,3.9177777777777774,0.2222222222222222,4,-0.8493485644855543,medio
3728,14,2289.45,163.53214285714284,222.7,0.21428571428571427,684.55,1604.9,3.2742857142857145,0.35714285714285715,5,-0.45774681133017514,medio
3729,29,1009.65,34.81551724137931,69.8,0.3103448275862069,750.58,259.07000000000005,6.25103448275862,0.4482758620689655,7,3.021941884368783,alto
3730,17,2925.75,172.10294117647058,287.15,0.29411764705882354,3812.3100000000004,-886.5600000000003,6.2441176470588236,0.47058823529411764,4,-0.44467726709543154,medio
3731,21,865.4,41.20952380952381,66.9,0.42857142857142855,784.4200000000001,80.97999999999999,4.214761904761905,0.23809523809523808,3,-2.520421466205209,baixo
3732,20,3179.35,158.9675,240.25,0.25,1688.23,1491.12,5.593999999999999,0.45,8,2.971876386408449,alto
3733,27,451.0,16.703703703703702,24.9,0.37037037037037035,471.61,-20.610000000000003,6.017777777777777,0.2962962962962963,5,0.0183676585277604,medio
3734,24,967.9,40.329166666666666,69.15,0.375,1127.6000000000001,-159.7,4.523333333333333,0.3333333333333333,3,-1.1040793224989998,medio
3735,29,2160.9,74.51379310344828,124.4,0.5517241379310345,2851.4,-690.5,4.076206896551724,0.3793103448275862,3,0.39353487642667384,medio
3736,24,3994.1,166.42083333333332,244.45,0.2916666666666667,2120.94,1873.16,4.589166666666666,0.4166666666666667,6,2.93426873112044,alto
3737,19,73.5,3.8684210526315788,9.95,0.47368421052631576,120.8,-47.3,4.717894736842105,0.3684210526315789,4,-1.6518304668458454,baixo
3738,22,3528.9,160.40454545454546,247.7,0.18181818181818182,2922.5,606.4,4.828181818181818,0.36363636363636365,11,3.4845016140883462,alto
3739,12,404.59999999999997,33.71666666666666,53.65,0.4166666666666667,206.92,197.68,3.954166666666667,0.4166666666666667,6,-1.5586727702333487,baixo
3740,21,3309.5,157.5952380952381,247.5,0.38095238095238093,3712.81,-403.3100000000002,4.488095238095238,0.3333333333333333,6,0.2233849243396728,medio
3741,14,614.55,43.896428571428565,69.85,0.21428571428571427,225.14000000000001,389.41,4.228571428571429,0.35714285714285715,4,-2.368184900912001,baixo
3742,12,2023.65,168.63750000000002,231.0,0.25,715.88,1307.77,3.470833333333333,0.3333333333333333,9,0.5133863333024923,medio
3743,24,891.45,37.143750000000004,68.95,0.4583333333333333,1557.05,-665.6,3.6975000000000002,0.375,3,-1.010621697684999,medio
3744,26,1089.6,41.9076923076923,63.85,0.38461538461538464,1425.83,-336.2299999999999,4.907692307692307,0.34615384615384615,6,0.7003747267105407,medio
3745,21,14122.8,672.5142857142857,949.4,0.3333333333333333,12594.419999999998,1528.3799999999997,4.218571428571429,0.3333333333333333,8,5.678082487375729,alto
3746,15,1105.3,73.68666666666667,113.45,0.6,978.8499999999999,126.45000000000002,3.8853333333333335,0.4666666666666667,2,-1.9494395165846854,baixo
3747,17,1197.2,70.4235294117647,122.05,0.35294117647058826,1735.05,-537.8500000000001,5.218235294117647,0.35294117647058826,6,-1.164019535239358,medio
3748,19,931.4,49.02105263157895,69.25,0.3157894736842105,902.94,28.45999999999996,6.086315789473685,0.3157894736842105,5,-1.3454410181250631,baixo
3749,18,253.0,14.055555555555555,24.95,0.2777777777777778,148.89,104.11000000000001,5.16611111111111,0.2222222222222222,6,-2.192594255510882,baixo
3750,26,4215.5,162.1346153846154,240.45,0.38461538461538464,5307.87,-1092.3700000000001,6.411538461538462,0.3076923076923077,5,0.33191853394423654,medio
3751,24,971.5,40.479166666666664,70.0,0.6666666666666666,2230.33,-1258.83,3.4916666666666667,0.4583333333333333,3,-0.5344340291630838,medio
3752,20,3135.7,156.785,230.0,0.45,3614.6000000000004,-478.8999999999999,6.1160000000000005,0.35,4,-0.7734388235671985,medio
3753,20,244.1,12.205,23.3,0.3,291.16,-47.06,7.17,0.5,4,-0.15695232463729392,medio
3754,15,174.8,11.653333333333334,24.05,0.4,180.57,-5.770000000000014,5.114,0.26666666666666666,6,-2.529813991661962,baixo
3755,21,730.95,34.80714285714286,65.95,0.2857142857142857,810.86,-79.90999999999998,4.96,0.42857142857142855,5,-0.012926013414973347,medio
3756,16,639.75,39.984375,66.35,0.25,201.95,437.8,5.6875,0.625,8,2.3099844840057413,alto
3757,28,5516.3,197.0107142857143,308.15,0.4642857142857143,4286.79,1229.51,4.162857142857143,0.25,7,2.6027116400679073,alto
3758,18,648.6,36.03333333333333,68.3,0.3333333333333333,312.98,335.62,3.8261111111111115,0.2222222222222222,4,-2.7988916593867703,baixo
3759,28,4367.9,155.99642857142857,230.4,0.39285714285714285,4377.72,-9.819999999999908,4.836428571428572,0.35714285714285715,6,2.2092354490193737,alto
3760,26,119.6,4.6,9.7,0.34615384615384615,45.68,73.92,4.0988461538461545,0.6923076923076923,5,3.4127605897346314,alto
3761,20,3789.05,189.45250000000001,297.45,0.2,5616.4800000000005,-1827.4299999999996,6.183999999999999,0.4,5,-0.36348114996250963,medio
3762,23,3834.2,166.70434782608694,248.0,0.5217391304347826,3516.62,317.58,2.674782608695652,0.34782608695652173,5,0.8105200754609537,alto
3763,21,1738.2,82.77142857142857,123.2,0.42857142857142855,1641.1599999999999,97.04,4.343333333333333,0.14285714285714285,3,-3.1037253530058067,baixo
3764,14,2510.4,179.31428571428572,244.25,0.42857142857142855,2242.56,267.84000000000003,3.8114285714285714,0.2857142857142857,4,-2.158437367801679,baixo
3765,18,242.35,13.463888888888889,23.9,0.3888888888888889,253.44,-11.090000000000003,3.6794444444444445,0.2777777777777778,5,-2.185969075081505,baixo
3766,22,770.4,35.018181818181816,69.85,0.36363636363636365,747.9599999999999,22.440000000000015,4.783181818181818,0.4090909090909091,8,1.4084041264025593,alto
3767,14,497.09999999999997,35.50714285714285,69.85,0.2857142857142857,706.58,-209.48,5.357857142857142,0.2857142857142857,6,-2.5221062787283297,baixo
3768,19,3892.2,204.85263157894735,318.75,0.3684210526315789,2639.54,1252.6599999999999,5.2105263157894735,0.3684210526315789,5,0.8639504520018263,alto
3769,14,542.6,38.75714285714286,69.95,0.2857142857142857,170.35,372.25,4.04,0.42857142857142855,6,-0.8733478549539081,medio
3770,16,1224.7,76.54375,117.9,0.1875,323.33000000000004,901.37,4.5356250000000005,0.25,9,-0.20930920021487087,medio
3771,19,662.85,34.886842105263156,66.2,0.3684210526315789,257.81,405.04,5.236315789473684,0.3157894736842105,3,-2.12345627414265,baixo
3772,20,1553.95,77.6975,121.75,0.65,3129.28,-1575.33,4.1515,0.45,2,-1.859524244261072,baixo
3773,19,69.95,3.681578947368421,9.7,0.3684210526315789,51.489999999999995,18.46,4.649473684210527,0.42105263157894735,8,0.6285845770797882,medio
3774,20,3425.6,171.28,248.65,0.6,6393.97,-2968.37,4.9455,0.35,2,-2.877035495832894,baixo
3775,21,1582.35,75.35,124.55,0.47619047619047616,2058.44,-476.09000000000003,5.212857142857143,0.38095238095238093,3,-1.2639207418351668,baixo
3776,14,7769.8,554.9857142857143,908.8,0.35714285714285715,4036.51,3733.29,3.274285714285714,0.35714285714285715,4,2.929744730731,alto
3777,14,2418.25,172.73214285714286,237.0,0.5,1785.58,632.67,3.850714285714286,0.2857142857142857,4,-2.009939792009181,baixo
3778,21,1724.25,82.10714285714286,117.45,0.2857142857142857,825.15,899.0999999999999,4.005714285714286,0.38095238095238093,7,1.2747669736519243,alto
3779,16,2973.65,185.853125,314.3,0.1875,2083.93,889.7200000000001,3.90625,0.3125,5,-0.6475401927858377,medio
3780,18,77.9,4.327777777777778,9.0,0.3333333333333333,35.71,42.19,5.114444444444445,0.2777777777777778,8,-0.8995165633265801,medio
3781,22,7098.4,322.6545454545454,488.15,0.13636363636363635,1140.51,5957.89,4.987272727272727,0.3181818181818182,16,9.228445650332402,alto
3782,22,3458.4,157.20000000000002,242.05,0.3181818181818182,2350.4,1108.0,4.496818181818182,0.5,10,4.545976260385096,alto
3783,17,1460.65,85.92058823529412,120.95,0.5294117647058824,3172.8199999999997,-1712.17,3.366470588235294,0.23529411764705882,4,-3.646744831212751,baixo
3784,28,5518.4,197.08571428571426,314.2,0.39285714285714285,3174.48,2343.92,4.305,0.39285714285714285,5,3.6319007655287137,alto
3785,24,1916.35,79.84791666666666,122.9,0.5833333333333334,2082.39,-166.04000000000002,4.595416666666667,0.2916666666666667,3,-1.2193835420278254,baixo
3786,19,2846.9,149.83684210526317,217.65,0.5789473684210527,3097.32,-250.41999999999996,3.680526315789473,0.2631578947368421,2,-2.6054348190915717,baixo
3787,13,2680.65,206.20384615384617,285.6,0.38461538461538464,2206.56,474.09000000000003,6.247692307692308,0.46153846153846156,3,-0.9067269966922638,medio
3788,14,2436.1,174.00714285714284,277.9,0.14285714285714285,537.19,1898.9099999999999,4.95,0.35714285714285715,9,1.532089266013209,alto
3789,23,8596.35,373.754347826087,492.45,0.43478260869565216,6728.56,1867.7900000000002,3.3434782608695657,0.4782608695652174,4,3.8230623260153305,alto
3790,20,856.0,42.8,67.7,0.4,1463.56,-607.5600000000001,4.0135,0.35,5,-1.1867522126164287,medio
3791,18,1508.7,83.81666666666666,117.85,0.2222222222222222,858.3,650.4000000000001,5.463333333333334,0.4444444444444444,11,2.82920276086465,alto
3792,17,1491.05,87.70882352941176,123.9,0.29411764705882354,748.47,742.5799999999999,4.671176470588235,0.4117647058823529,6,0.17781144587832043,medio
3793,16,1444.1,90.25625,120.6,0.375,822.0799999999999,622.02,5.011875,0.25,6,-1.584350465938958,baixo
3794,24,3705.8,154.40833333333333,247.5,0.3333333333333333,3787.47,-81.67000000000002,5.198333333333333,0.20833333333333334,5,-0.5485465666087339,medio
3795,17,2329.8,137.04705882352943,236.7,0.5882352941176471,5647.719999999999,-3317.92,6.284117647058824,0.35294117647058826,3,-3.5032376547743724,baixo
3796,14,235.4,16.814285714285713,25.0,0.42857142857142855,232.43,2.9700000000000033,3.9,0.21428571428571427,4,-4.077374039028748,baixo
3797,13,403.65,31.049999999999997,65.3,0.3076923076923077,78.89999999999999,324.75,4.800769230769231,0.6153846153846154,4,-0.33385536630025836,medio
3798,12,2748.8,229.0666666666667,311.2,0.5,3750.6299999999997,-1001.83,5.014166666666667,0.5,2,-1.8431618518689867,baixo
3799,15,2535.15,169.01000000000002,286.9,0.6,5407.76,-2872.61,5.954,0.3333333333333333,2,-4.115652186300094,baixo
3800,15,271.5,18.1,24.65,0.4,181.23,90.27,4.880666666666667,0.4666666666666667,5,-1.0305472360166357,medio
3801,13,1976.1,152.0076923076923,236.1,0.07692307692307693,1292.69,683.4099999999999,5.173076923076923,0.38461538461538464,11,1.6446982654346867,alto
3802,21,3078.0,146.57142857142858,219.3,0.23809523809523808,2105.2,972.8000000000001,4.237619047619047,0.2857142857142857,4,-0.44120947518002546,medio
3803,18,720.9,40.05,68.9,0.4444444444444444,1249.75,-528.85,4.102222222222222,0.16666666666666666,3,-4.183175600519335,baixo
3804,20,14554.95,727.7475000000001,967.9,0.5,18192.79,-3637.84,4.596,0.2,3,-0.34166701548466993,medio
3805,14,445.45,31.817857142857143,69.3,0.35714285714285715,293.53,151.92000000000002,4.487857142857143,0.35714285714285715,4,-2.5775880122237775,baixo
3806,23,3362.7,146.20434782608694,247.8,0.43478260869565216,2849.6400000000003,513.0599999999998,4.112608695652174,0.2608695652173913,3,-0.90939700810852,medio
3807,21,3212.4,152.9714285714286,244.6,0.23809523809523808,1120.64,2091.76,3.564761904761905,0.23809523809523808,6,0.6390576004745026,medio
3808,18,3054.1,169.67222222222222,234.9,0.3888888888888889,1765.1799999999998,1288.92,6.806666666666667,0.3888888888888889,11,3.24770886904106,alto
3809,17,2543.9,149.64117647058825,221.6,0.5294117647058824,2146.35,397.54999999999995,4.618823529411764,0.4117647058823529,4,-0.45954822475012747,medio
3810,31,5070.0,163.5483870967742,245.9,0.25806451612903225,3094.3900000000003,1975.61,4.5929032258064515,0.2903225806451613,10,5.133600238539314,alto
3811,20,275.55,13.7775,24.9,0.3,170.91,104.64,4.1884999999999994,0.4,5,-0.5472451517451478,medio
3812,19,3010.9,158.46842105263158,243.9,0.21052631578947367,2157.09,853.8100000000002,6.776315789473684,0.631578947368421,7,3.6397424177182987,alto
3813,14,1941.7,138.69285714285715,236.7,0.5,3904.2799999999997,-1962.58,3.2528571428571427,0.42857142857142855,5,-1.8657616931599952,baixo
3814,27,2197.35,81.38333333333333,121.75,0.4074074074074074,2768.17,-570.82,5.2374074074074075,0.4444444444444444,5,1.537704796930637,alto
3815,25,5092.25,203.69,301.0,0.36,3964.54,1127.71,3.9364,0.28,3,0.4377121244161296,medio
3816,25,4677.400000000001,187.09600000000003,315.05,0.44,4901.18,-223.78000000000006,4.4532,0.36,8,2.5447812704101267,alto
3817,16,188.4,11.775,20.05,0.25,76.67,111.72999999999999,6.240625,0.25,5,-2.836553635912157,baixo
3818,19,108.1,5.689473684210526,9.5,0.3157894736842105,94.57,13.530000000000001,5.208947368421053,0.3684210526315789,5,-1.1666006021714126,medio
3819,23,7982.5,347.0652173913044,488.4,0.21739130434782608,5838.96,2143.54,5.753043478260869,0.391304347826087,10,5.626054606196206,alto
3820,19,6954.35,366.0184210526316,490.8,0.21052631578947367,2842.69,4111.66,4.652631578947369,0.3157894736842105,10,5.2099043169001344,alto
3821,21,294.3,14.014285714285714,24.4,0.3333333333333333,289.62,4.679999999999986,3.7404761904761905,0.2857142857142857,4,-1.8688731572282735,baixo
3822,26,4083.1,157.0423076923077,242.1,0.2692307692307692,4436.38,-353.28,5.148846153846154,0.5,11,5.104966921790687,alto
3823,22,3569.0,162.22727272727272,237.4,0.36363636363636365,6512.929999999999,-2943.93,6.550909090909091,0.5909090909090909,5,1.0641426543145214,alto
3824,25,3971.35,158.85399999999998,236.35,0.36,4563.68,-592.3300000000002,4.0948,0.28,4,-0.34474239627073383,medio
3825,23,240.0,10.434782608695652,24.35,0.30434782608695654,97.42,142.57999999999998,5.4830434782608695,0.30434782608695654,6,-0.31965010525050896,medio
3826,22,319.5,14.522727272727273,24.85,0.2727272727272727,227.86,91.64,5.007727272727273,0.3181818181818182,7,0.025337836253593482,medio
3827,23,4934.8,214.55652173913043,311.0,0.34782608695652173,1861.06,3073.7400000000002,3.503478260869565,0.30434782608695654,7,3.084457151956651,alto
3828,27,4499.1,166.63333333333335,248.75,0.37037037037037035,5193.84,-694.7399999999999,3.8485185185185182,0.4074074074074074,6,2.158049913374863,alto
3829,21,224.25,10.678571428571429,21.8,0.5238095238095238,159.4,64.85,3.996666666666667,0.47619047619047616,3,-0.5438806345829437,medio
3830,19,3089.05,162.58157894736843,247.6,0.3157894736842105,1977.73,1111.32,3.3110526315789475,0.42105263157894735,5,0.9829317350225515,alto
3831,9,1597.25,177.47222222222223,240.55,0.4444444444444444,2946.59,-1349.34,8.265555555555556,0.5555555555555556,2,-2.543103742475822,baixo
3832,17,716.65,42.15588235294118,64.25,0.4117647058823529,771.2600000000001,-54.610000000000056,4.347058823529412,0.35294117647058826,3,-2.4230995265659105,baixo
3833,27,862.25,31.935185185185187,62.8,0.3333333333333333,778.9100000000001,83.34000000000002,6.268148148148149,0.4074074074074074,4,0.7627236502784516,alto
3834,19,842.8,44.357894736842105,66.45,0.5789473684210527,1799.7,-956.9,3.291578947368421,0.10526315789473684,2,-5.1634572860287005,baixo
3835,15,4917.3,327.82,421.7,0.06666666666666667,468.09,4449.21,6.682,0.6666666666666666,9,7.024991800096942,alto
3836,29,9843.45,339.4293103448276,468.35,0.3448275862068966,5722.93,4120.5199999999995,4.807586206896551,0.4827586206896552,9,8.371021294831323,alto
3837,27,4453.55,164.9462962962963,247.4,0.14814814814814814,1867.21,2586.34,6.391111111111111,0.2962962962962963,10,4.6266748705252665,alto
3838,26,4676.8,179.87692307692308,246.75,0.23076923076923078,2760.01,1916.79,3.6803846153846154,0.34615384615384615,8,3.728760132152747,alto
3839,15,2554.8,170.32000000000002,241.3,0.4,5126.34,-2571.54,5.154,0.4666666666666667,4,-1.8364767878224277,baixo
3840,27,316.25,11.712962962962964,23.4,0.4074074074074074,263.82,52.43,5.67037037037037,0.37037037037037035,3,-0.1749017413374696,medio
3841,31,148.8,4.800000000000001,9.65,0.3225806451612903,73.33,75.47,4.831935483870968,0.3225806451612903,6,1.566274944919668,alto
3842,22,923.5,41.97727272727273,69.75,0.4090909090909091,993.7,-70.19999999999996,3.983181818181818,0.2727272727272727,4,-1.6117218303799412,baixo
3843,13,849.5,65.34615384615384,124.65,0.15384615384615385,293.48,556.02,4.645384615384615,0.3076923076923077,8,-1.0504437012266077,medio
3844,17,5801.8,341.2823529411765,486.45,0.4117647058823529,3171.84,2629.96,5.053529411764706,0.4117647058823529,3,1.6065787936020615,alto
3845,29,5311.1,183.14137931034483,242.8,0.3793103448275862,4107.42,1203.68,3.9682758620689653,0.27586206896551724,4,1.6348524693714062,alto
3846,26,2177.6,83.75384615384615,122.25,0.38461538461538464,1992.83,184.77,3.7796153846153846,0.23076923076923078,6,0.2015508087149318,medio
3847,24,284.8,11.866666666666667,24.55,0.3333333333333333,289.62,-4.820000000000011,7.3125,0.4583333333333333,5,0.8154579570784859,alto
3848,22,281.0,12.772727272727273,24.3,0.3181818181818182,192.91,88.09,3.7595454545454543,0.3181818181818182,7,0.011394750150491795,medio
3849,28,2020.7,72.16785714285714,118.35,0.17857142857142858,469.72,1550.98,4.632857142857143,0.5,7,4.218629046234144,alto
3850,17,2761.9,162.46470588235294,235.4,0.4117647058823529,1780.06,981.84,2.9329411764705884,0.29411764705882354,2,-2.026286129136948,baixo
3851,15,598.1,39.873333333333335,68.7,0.5333333333333333,548.34,49.76000000000001,3.491333333333333,0.3333333333333333,3,-3.0122429241864124,baixo
3852,20,709.0,35.45,69.55,0.45,528.58,180.42,3.4485,0.6,5,1.4865196969928607,alto
3853,21,272.0,12.952380952380953,24.85,0.47619047619047616,197.18,74.82,2.8833333333333337,0.3333333333333333,3,-1.840192480003965,baixo
3854,22,4775.95,217.08863636363637,315.95,0.2727272727272727,2927.48,1848.4700000000003,4.607272727272727,0.3181818181818182,6,1.9140410235981486,alto
3855,26,373.45000000000005,14.36346153846154,24.6,0.2692307692307692,117.0,256.45,4.262307692307692,0.34615384615384615,5,0.3851528877392918,medio
3856,22,3766.85,171.22045454545454,240.5,0.3181818181818182,1721.51,2045.3400000000001,5.190909090909091,0.5,4,2.4984363446637636,alto
3857,19,2969.25,156.27631578947367,248.95,0.2631578947368421,1469.34,1499.9099999999999,4.92,0.2631578947368421,5,-0.30997408714808683,medio
3858,24,303.4,12.641666666666666,25.0,0.16666666666666666,159.44,143.96,5.109166666666667,0.375,8,1.452526262539974,alto
3859,18,87.5,4.861111111111111,8.95,0.3333333333333333,36.71,50.79,4.227222222222222,0.1111111111111111,3,-4.629905969095075,baixo
3860,29,2275.15,78.45344827586207,116.6,0.3448275862068966,3018.3,-743.15,6.189655172413793,0.4827586206896552,9,3.9887668179403013,alto
3861,19,1674.65,88.13947368421053,124.95,0.631578947368421,4106.82,-2432.17,4.262631578947369,0.21052631578947367,3,-4.234691401339901,baixo
3862,17,2891.45,170.08529411764704,246.5,0.23529411764705882,3026.38,-134.92999999999992,4.522352941176471,0.35294117647058826,6,-0.2633021336114156,medio
3863,20,86.05,4.3025,9.9,0.35,60.08,25.970000000000002,4.037,0.3,8,-0.25532927057532273,medio
3864,19,276.5,14.552631578947368,24.0,0.3157894736842105,175.0,101.5,5.905263157894737,0.3157894736842105,4,-1.9844697073624897,baixo
3865,30,392.0,13.066666666666666,24.95,0.36666666666666664,188.57,203.43,6.378666666666666,0.4666666666666667,4,1.915064761935499,alto
3866,25,293.35,11.734000000000002,24.0,0.44,338.48,-45.13000000000001,4.4176,0.4,4,0.03891124289830883,medio
3867,19,6739.4,354.7052631578947,495.65,0.21052631578947367,1871.08,4868.32,4.472105263157895,0.2631578947368421,6,3.2872371622246677,alto
3868,26,4170.65,160.40961538461536,249.9,0.38461538461538464,3425.13,745.52,4.822307692307692,0.38461538461538464,5,2.0058668930070924,alto
3869,26,18128.75,697.2596153846154,961.95,0.5384615384615384,23268.32,-5139.570000000001,4.517692307692308,0.19230769230769232,4,0.3640074313391106,medio
3870,15,2318.6,154.57333333333332,246.95,0.4,1258.12,1060.48,3.944,0.26666666666666666,5,-1.4189768786139298,baixo
3871,13,4415.55,339.65769230769234,463.75,0.3076923076923077,1615.73,2799.8199999999997,7.18923076923077,0.5384615384615384,6,3.278846680871527,alto
3872,23,1855.95,80.69347826086957,120.8,0.4782608695652174,4533.85,-2677.9,5.5926086956521734,0.34782608695652173,3,-2.2543846592503964,baixo
3873,16,2737.9,171.11875,243.85,0.4375,2111.31,626.59,4.784375,0.375,2,-1.633643938268627,baixo
3874,16,77.7,4.85625,9.6,0.625,96.33000000000001,-18.63,2.8425,0.3125,3,-3.257903047205769,baixo
3875,23,281.95,12.258695652173913,24.75,0.391304347826087,413.38,-131.42999999999998,4.558695652173913,0.43478260869565216,5,0.3096922871123001,medio
3876,18,593.1,32.95,65.2,0.3888888888888889,338.54999999999995,254.55,3.6166666666666663,0.2222222222222222,4,-2.8632098326775335,baixo
3877,11,1907.7,173.42727272727274,244.95,0.09090909090909091,1519.39,388.31,6.005454545454546,0.45454545454545453,7,0.07077461175200173,medio
3878,22,318.0,14.454545454545455,24.95,0.5,271.87,46.13,4.039090909090909,0.3181818181818182,4,-1.3204004059963188,baixo
3879,20,1597.35,79.86749999999999,115.55,0.5,1998.19,-400.8399999999999,2.6035,0.3,3,-2.1633049599959615,baixo
3880,22,351.85,15.993181818181819,23.85,0.45454545454545453,410.69,-58.84000000000002,4.866363636363636,0.3181818181818182,4,-1.3655737635420342,baixo
3881,26,896.8,34.49230769230769,68.95,0.15384615384615385,505.17,391.63000000000005,5.483846153846154,0.5769230769230769,12,5.80610205039058,alto
3882,20,339.4,16.97,24.15,0.35,273.28,66.11999999999999,4.3325000000000005,0.35,6,-0.5664006550512615,medio
3883,20,1476.95,73.8475,120.8,0.4,1041.8,435.15,5.298,0.4,5,0.04222578234502716,medio
3884,21,210.29999999999998,10.014285714285714,24.85,0.3333333333333333,149.64000000000001,60.66,4.091428571428572,0.2857142857142857,6,-0.9859626489879556,medio
3885,25,2045.5,81.82,117.6,0.4,1738.27,307.22999999999996,4.8256,0.28,6,0.48321242220283145,medio
3886,24,904.85,37.702083333333334,68.15,0.20833333333333334,228.95999999999998,675.89,5.579999999999999,0.4583333333333333,6,1.7955004611475351,alto
3887,14,174.95,12.49642857142857,24.9,0.2857142857142857,160.98999999999998,13.959999999999999,6.8621428571428575,0.5,4,-1.4667332525130647,baixo
3888,29,9454.3,326.0103448275862,495.35,0.4482758620689655,10111.07,-656.77,5.190689655172414,0.3793103448275862,4,2.584537785647404,alto
3889,18,2781.55,154.53055555555557,227.8,0.4444444444444444,2039.51,742.04,3.888888888888889,0.3333333333333333,3,-1.1823605706144067,medio
3890,23,14816.0,644.1739130434783,979.85,0.391304347826087,15865.529999999999,-1049.5299999999997,4.297391304347826,0.30434782608695654,5,2.972809358413925,alto
3891,22,798.0,36.27272727272727,61.4,0.22727272727272727,878.71,-80.70999999999997,5.808181818181819,0.5,11,3.5215939278366237,alto
3892,18,6481.9,360.10555555555555,494.3,0.3333333333333333,6896.34,-414.43999999999994,4.296111111111111,0.1111111111111111,6,-1.1085070616768493,medio
3893,18,3553.4,197.41111111111113,306.2,0.3333333333333333,4454.179999999999,-900.78,3.705,0.2222222222222222,6,-1.4632729913465137,baixo
3894,20,2989.2,149.45999999999998,218.35,0.35,2459.35,529.8499999999999,4.456,0.45,5,1.0745314751340138,alto
3895,24,1900.6,79.19166666666666,121.05,0.5833333333333334,2236.12,-335.5199999999999,5.019583333333333,0.4166666666666667,3,-0.16133955664120514,medio
3896,18,239.5,13.305555555555555,22.25,0.2222222222222222,209.77,29.730000000000004,5.390555555555555,0.3888888888888889,5,-1.1408237548260964,medio
3897,16,9144.55,571.534375,837.0,0.5625,13533.57,-4389.0199999999995,2.913125,0.25,2,-2.6925011177882148,baixo
3898,16,13040.0,815.0,997.15,0.5,13373.49,-333.49,3.251875,0.125,3,0.4274700004061205,medio
3899,18,6979.7,387.7611111111111,489.65,0.2777777777777778,5826.259999999999,1153.44,4.541666666666667,0.3888888888888889,6,2.4764634008272504,alto
3900,19,13131.35,691.1236842105263,975.7,0.21052631578947367,6084.719999999999,7046.63,6.566842105263158,0.42105263157894735,5,7.778016394938249,alto
3901,16,1067.8,66.7375,102.45,0.5625,1750.53,-682.73,4.793125,0.3125,4,-2.7440595844031375,baixo
3902,27,411.6,15.244444444444445,24.4,0.4444444444444444,535.53,-123.92999999999999,4.105185185185185,0.4444444444444444,5,1.3194795070231722,alto
3903,23,4097.65,178.1586956521739,247.0,0.2608695652173913,2446.27,1651.38,5.083043478260869,0.391304347826087,5,1.9990376486752917,alto
3904,24,1936.4,80.68333333333334,121.8,0.2916666666666667,1795.45,140.95000000000002,3.7566666666666664,0.4166666666666667,9,2.7442766607182647,alto
3905,20,119.6,5.9799999999999995,9.9,0.35,105.62,13.979999999999995,5.772,0.15,4,-3.3947313394539496,baixo
3906,21,3304.2,157.34285714285713,244.45,0.47619047619047616,3568.17,-263.97,4.744761904761905,0.42857142857142855,3,-0.1472222351766591,medio
3907,25,116.7,4.668,9.6,0.4,89.58,27.12,4.8912,0.36,3,-0.7805816021496887,medio
3908,19,3109.7,163.66842105263157,242.25,0.3157894736842105,2765.34,344.36,5.074736842105263,0.3157894736842105,5,-0.3877149031832853,medio
3909,22,326.6,14.845454545454546,24.0,0.4090909090909091,159.65,166.95,4.7690909090909095,0.13636363636363635,4,-2.930043312449407,baixo
3910,24,2016.35,84.01458333333333,119.1,0.3333333333333333,1252.6499999999999,763.7,4.499583333333333,0.3333333333333333,6,1.0086172671313023,alto
3911,24,944.55,39.356249999999996,69.75,0.4583333333333333,597.22,347.33000000000004,6.0375000000000005,0.4166666666666667,5,0.8077546776024942,alto
3912,27,1015.45,37.60925925925926,67.9,0.4074074074074074,799.28,216.17000000000002,4.816666666666667,0.1111111111111111,8,-0.09828289507502674,medio
3913,21,838.25,39.916666666666664,69.6,0.5238095238095238,1039.52,-201.26999999999998,3.7714285714285714,0.38095238095238093,3,-1.3620224917587473,baixo
3914,20,3007.2,150.35999999999999,247.9,0.35,4653.18,-1645.98,4.22,0.5,5,0.3856887144893921,medio
3915,21,292.05,13.907142857142858,24.5,0.2857142857142857,187.03,105.02,4.58952380952381,0.38095238095238093,5,-0.4977515985073228,medio
3916,24,4609.85,192.07708333333335,294.1,0.5416666666666666,6927.9400000000005,-2318.0899999999997,4.735833333333333,0.3333333333333333,4,-0.7650528111240001,medio
3917,15,244.7,16.313333333333333,23.6,0.26666666666666666,152.42000000000002,92.28,6.8133333333333335,0.5333333333333333,8,0.89402711711074,alto
3918,17,555.2,32.65882352941177,67.45,0.35294117647058826,258.91,296.29,5.586470588235294,0.29411764705882354,6,-1.5234058983277445,baixo
3919,28,9557.8,341.34999999999997,495.0,0.32142857142857145,5216.64,4341.16,3.9396428571428572,0.2857142857142857,9,6.460521319715124,alto
3920,22,4599.15,209.0522727272727,307.95,0.45454545454545453,6100.15,-1501.0,3.8595454545454544,0.4090909090909091,5,0.476893813357293,medio
3921,24,1065.95,44.41458333333333,68.7,0.375,1422.49,-356.53999999999996,6.378333333333333,0.4583333333333333,5,0.8528207640112264,alto
3922,23,903.05,39.26304347826087,66.35,0.2608695652173913,616.9,286.15000000000003,5.630434782608695,0.13043478260869565,8,-0.7676646072978175,medio
3923,17,2520.7,148.27647058823527,244.75,0.4117647058823529,4006.4,-1485.7,4.628235294117648,0.23529411764705882,4,-3.0968048658048533,baixo
3924,23,97.4,4.234782608695652,9.55,0.30434782608695654,44.97,52.43,5.56,0.2608695652173913,5,-1.2515377434151274,baixo
3925,27,952.3,35.270370370370365,67.7,0.4444444444444444,1006.59,-54.28999999999999,4.12962962962963,0.2222222222222222,6,-0.11427907458338105,medio
3926,20,279.0,13.95,25.0,0.2,59.18,219.82,4.3695,0.5,8,1.7583222139634418,alto
3927,23,3904.2,169.7478260869565,246.7,0.5217391304347826,4068.26,-164.05999999999995,3.8104347826086955,0.391304347826087,3,0.09576216703472346,medio
3928,15,1043.8,69.58666666666666,117.95,0.4666666666666667,2162.91,-1119.11,6.312,0.26666666666666666,6,-2.722228642160252,baixo
3929,18,1325.4,73.63333333333334,123.05,0.16666666666666666,628.3199999999999,697.08,7.243888888888888,0.3333333333333333,8,0.438211238708736,medio
3930,19,7171.15,377.428947368421,474.7,0.47368421052631576,5333.84,1837.3100000000002,3.938421052631579,0.15789473684210525,2,-0.8987534967697711,medio
3931,20,268.85,13.4425,23.7,0.2,40.92,227.93,6.279999999999999,0.35,8,0.3759961451312232,medio
3932,16,1486.25,92.890625,121.7,0.5,1483.88,2.3699999999999903,3.478125,0.125,3,-4.369144026473766,baixo
3933,23,761.2,33.095652173913045,58.7,0.2608695652173913,390.01,371.19,4.593913043478261,0.34782608695652173,5,-0.0815098440925543,medio
3934,22,112.8,5.127272727272727,9.9,0.4090909090909091,104.53999999999999,8.260000000000002,4.086818181818182,0.45454545454545453,4,-0.14738463866415152,medio
3935,24,3662.45,152.60208333333333,247.65,0.5,4382.21,-719.76,4.2525,0.2916666666666667,3,-1.012343700364784,medio
3936,16,2498.45,156.153125,248.3,0.375,1393.89,1104.56,5.69375,0.5,6,1.43127515032316,alto
3937,19,83.6,4.3999999999999995,9.55,0.5263157894736842,138.37,-54.77,5.016842105263159,0.2631578947368421,4,-2.622760780748548,baixo
3938,23,1948.5,84.71739130434783,116.45,0.391304347826087,1138.1000000000001,810.4,3.430434782608696,0.21739130434782608,7,0.1855072861414584,medio
3939,30,1225.05,40.835,69.1,0.4666666666666667,1681.57,-456.52,4.460333333333334,0.2,3,-1.1435504204955784,medio
3940,18,694.25,38.56944444444444,64.55,0.2777777777777778,385.69,308.56,4.050000000000001,0.4444444444444444,4,-0.746702297478824,medio
3941,14,1094.7,78.19285714285715,124.05,0.35714285714285715,955.55,139.14999999999998,3.6750000000000003,0.5714285714285714,3,-0.7293165754367354,medio
3942,17,2804.05,164.94411764705885,244.15,0.35294117647058826,3481.12,-677.0699999999998,5.643529411764706,0.23529411764705882,5,-2.1119568344461133,baixo
3943,17,225.2,13.24705882352941,23.9,0.4117647058823529,109.67,115.53,4.852941176470588,0.35294117647058826,7,-0.7704196601509375,medio
3944,23,1928.55,83.85,119.05,0.391304347826087,1571.53,357.02,3.743478260869565,0.43478260869565216,5,1.0624594503483944,alto
3945,21,823.65,39.22142857142857,68.45,0.42857142857142855,670.0,153.65000000000003,4.585238095238095,0.23809523809523808,5,-1.6147817327282827,baixo
3946,16,1200.7,75.04375,119.5,0.125,761.77,438.92999999999995,6.645625,0.4375,8,0.8232076997202102,alto
3947,23,3517.15,152.9195652173913,248.65,0.2608695652173913,2561.4,955.75,5.135217391304348,0.43478260869565216,5,1.8564481321381185,alto
3948,13,511.84999999999997,39.37307692307692,64.7,0.5384615384615384,500.22,11.630000000000011,3.2323076923076925,0.3076923076923077,2,-4.160815929593415,baixo
3949,16,72.85,4.553125,9.65,0.5,57.2,15.650000000000002,3.685,0.375,2,-3.1058321084148117,baixo
3950,17,2684.55,157.91470588235296,249.0,0.29411764705882354,1276.9,1407.65,5.619411764705882,0.35294117647058826,4,-0.40825481153328885,medio
3951,18,1242.3,69.01666666666667,122.3,0.4444444444444444,944.6800000000001,297.62,4.226111111111111,0.3333333333333333,6,-0.6865670873887638,medio
3952,21,4321.35,205.77857142857144,309.75,0.38095238095238093,4068.11,253.2399999999999,5.123333333333333,0.23809523809523808,6,0.02601352966605841,medio
3953,22,830.6,37.75454545454546,67.85,0.3181818181818182,572.38,258.21999999999997,3.6463636363636365,0.5454545454545454,6,1.9292080703186265,alto
3954,21,244.35,11.635714285714286,22.75,0.09523809523809523,31.0,213.35,4.672857142857143,0.6190476190476191,9,3.5010666627017617,alto
3955,24,4308.35,179.51458333333335,247.35,0.20833333333333334,1661.99,2646.36,4.2,0.2916666666666667,10,4.044140779509374,alto
3956,14,2828.25,202.01785714285714,317.45,0.2857142857142857,1833.93,994.32,6.82,0.5714285714285714,3,0.5781718308754424,medio
3957,19,3424.8,180.2526315789474,248.65,0.3684210526315789,1818.42,1606.38,4.506842105263158,0.631578947368421,5,3.308967630674531,alto
3958,15,447.9,29.86,67.35,0.4,299.35,148.55,5.048,0.26666666666666666,4,-3.203106533280629,baixo
3959,19,5955.4,313.4421052631579,484.05,0.47368421052631576,6096.9800000000005,-141.58000000000004,2.4289473684210527,0.2631578947368421,6,0.34102545065716616,medio
3960,21,3232.45,153.92619047619047,234.45,0.3333333333333333,1604.67,1627.78,4.382380952380952,0.2857142857142857,6,0.838199452903867,alto
3961,14,3203.65,228.83214285714286,314.7,0.35714285714285715,1317.34,1886.31,3.2735714285714286,0.5,4,1.0185808866042958,alto
3962,18,1253.8999999999999,69.6611111111111,121.25,0.5,1607.1799999999998,-353.28,4.7683333333333335,0.3333333333333333,3,-2.349059108957341,baixo
3963,18,1439.9,79.99444444444445,122.35,0.3333333333333333,570.71,869.19,4.641111111111112,0.3333333333333333,5,-0.747602919850199,medio
3964,16,674.3,42.14375,66.45,0.3125,542.5699999999999,131.72999999999996,3.5318750000000003,0.3125,8,-0.7193021577096199,medio
3965,16,2974.7,185.91875,243.15,0.4375,3568.32,-593.6199999999999,3.5793749999999998,0.3125,3,-2.3159601569652475,baixo
3966,15,1157.75,77.18333333333334,112.7,0.6,1165.78,-8.030000000000015,3.6540000000000004,0.3333333333333333,2,-3.2262590080572764,baixo
3967,20,1531.35,76.5675,122.6,0.25,649.18,882.17,4.2170000000000005,0.45,10,2.9613407306500994,alto
3968,15,498.4,33.22666666666667,65.85,0.4,1236.42,-738.02,5.883333333333334,0.3333333333333333,3,-3.476609292901372,baixo
3969,24,5499.8,229.15833333333333,319.2,0.5,6984.62,-1484.8200000000004,3.8074999999999997,0.25,3,-1.2756059531184314,baixo
3970,23,115.15,5.006521739130435,9.7,0.21739130434782608,45.47,69.67999999999999,5.576086956521739,0.391304347826087,9,1.7271240961405059,alto
3971,17,2958.9,174.0529411764706,249.7,0.35294117647058826,2384.7,574.1999999999999,4.516470588235294,0.29411764705882354,4,-1.2823148981409342,baixo
3972,21,3442.8,163.94285714285715,249.3,0.2857142857142857,1679.47,1763.33,6.060952380952381,0.3333333333333333,7,1.858686905205919,alto
3973,16,81.2,5.075,8.05,0.25,38.18,43.019999999999996,3.815625,0.375,3,-2.647331491362741,baixo
3974,14,5089.9,363.5642857142857,488.6,0.35714285714285715,3210.11,1879.79,4.896428571428571,0.21428571428571427,4,-0.6911784833883912,medio
3975,18,3614.7,200.81666666666666,318.6,0.2777777777777778,1566.1100000000001,2048.59,6.454444444444444,0.3333333333333333,6,1.151833974439605,alto
3976,18,697.85,38.769444444444446,68.4,0.3333333333333333,616.3,81.55000000000004,5.554444444444445,0.2777777777777778,5,-1.9624004620490854,baixo
3977,28,10035.25,358.4017857142857,496.15,0.32142857142857145,7161.1,2874.15,4.6825,0.4642857142857143,4,5.2433125399303036,alto
3978,14,598.5,42.75,67.85,0.21428571428571427,167.69,430.81,3.2792857142857144,0.2857142857142857,7,-1.6916361250557075,baixo
3979,17,627.65,36.92058823529412,68.65,0.23529411764705882,459.87,167.77999999999997,4.937647058823529,0.4117647058823529,7,-0.03714830491422738,medio
3980,28,5418.35,193.51250000000002,247.25,0.2857142857142857,2117.45,3300.9,5.489285714285714,0.35714285714285715,9,5.547888738199823,alto
3981,22,3944.1,179.27727272727273,247.6,0.4090909090909091,4589.33,-645.23,5.454090909090909,0.36363636363636365,2,-1.0137668443928258,medio
3982,21,722.25,34.392857142857146,65.75,0.19047619047619047,589.91,132.34000000000003,4.705238095238095,0.3333333333333333,8,0.5398993273358325,medio
3983,16,5680.35,355.021875,459.6,0.4375,7213.97,-1533.62,3.855,0.375,2,-1.5144094333571259,baixo
3984,14,953.25,68.08928571428571,124.6,0.42857142857142855,618.03,335.22,3.468571428571429,0.6428571428571429,3,-0.03611058227306918,medio
3985,21,320.25,15.25,24.05,0.2857142857142857,262.14000000000004,58.11,4.647619047619047,0.38095238095238093,6,-0.07306211107639621,medio
3986,29,2427.0,83.6896551724138,123.8,0.3103448275862069,2417.5299999999997,9.470000000000041,5.48896551724138,0.3793103448275862,10,3.911207743612927,alto
3987,14,1095.55,78.25357142857142,115.0,0.35714285714285715,827.3199999999999,268.22999999999996,5.429285714285714,0.35714285714285715,6,-1.3151387199844355,baixo
3988,20,13081.7,654.085,972.5,0.2,3952.14,9129.56,4.8165,0.35,6,8.63878903281093,alto
3989,19,201.0,10.578947368421053,23.45,0.3157894736842105,194.57,6.429999999999994,4.488947368421053,0.42105263157894735,5,-0.6513745721896969,medio
3990,19,83.7,4.405263157894737,9.7,0.42105263157894735,79.17,4.529999999999998,3.836315789473684,0.21052631578947367,5,-2.6361657960916967,baixo
3991,13,1045.75,80.4423076923077,122.85,0.3076923076923077,1070.0800000000002,-24.33000000000004,5.9253846153846155,0.38461538461538464,4,-2.306943871187034,baixo
3992,18,3212.15,178.45277777777778,248.4,0.3888888888888889,3972.47,-760.3199999999999,4.141666666666667,0.2222222222222222,5,-1.9596204414828526,baixo
3993,22,666.6,30.3,67.7,0.22727272727272727,221.64000000000001,444.96000000000004,5.676818181818182,0.3181818181818182,6,-0.11859460983203599,medio
3994,17,222.5,13.088235294117647,23.7,0.47058823529411764,162.34,60.160000000000004,5.332352941176471,0.23529411764705882,4,-3.2068359891357474,baixo
3995,18,3744.6,208.03333333333333,317.5,0.1111111111111111,858.61,2885.99,6.503888888888889,0.4444444444444444,9,3.9921268823513847,alto
3996,18,1335.0,74.16666666666667,120.05,0.2777777777777778,935.66,399.34000000000003,5.621111111111111,0.2777777777777778,5,-1.5496744248512337,baixo
3997,21,3351.4,159.59047619047618,232.1,0.19047619047619047,1232.95,2118.45,4.41047619047619,0.2857142857142857,7,1.5782958306403874,alto
3998,21,3345.75,159.32142857142858,233.95,0.38095238095238093,2443.8,901.95,5.482380952380952,0.3333333333333333,4,0.048080049902442995,medio
3999,17,1252.3,73.66470588235293,120.65,0.23529411764705882,671.13,581.17,4.065882352941177,0.29411764705882354,5,-1.5298869340138979,baixo
4000,20,282.2,14.11,24.5,0.3,140.04,142.16,4.531000000000001,0.3,4,-1.887473719629276,baixo
4001,23,7970.85,346.5586956521739,487.1,0.4782608695652174,7952.349999999999,18.49999999999993,3.8795652173913044,0.30434782608695654,5,1.4898294866114454,alto
4002,16,2367.15,147.946875,246.45,0.3125,2321.35,45.80000000000001,4.120625,0.3125,4,-1.7974651015622571,baixo
4003,16,1319.05,82.440625,123.55,0.25,2059.01,-739.9600000000002,6.49625,0.25,7,-1.9214992566810762,baixo
4004,12,180.1,15.008333333333333,24.35,0.5,166.31,13.790000000000003,5.2749999999999995,0.4166666666666667,5,-2.225635578235054,baixo
4005,20,3517.55,175.8775,270.9,0.35,1473.52,2044.03,4.0275,0.25,5,0.21688676256716333,medio
4006,19,275.05,14.476315789473684,23.75,0.47368421052631576,302.96,-27.91,3.9221052631578943,0.3684210526315789,4,-1.5684434407425538,baixo
4007,17,3955.7,232.68823529411765,319.2,0.4117647058823529,4391.9400000000005,-436.2400000000002,4.609411764705882,0.35294117647058826,4,-0.872811832223234,medio
4008,14,569.5,40.67857142857143,67.55,0.5714285714285714,601.6,-32.10000000000001,3.3721428571428573,0.35714285714285715,3,-3.0546793170324045,baixo
4009,14,2380.9500000000003,170.06785714285715,244.4,0.42857142857142855,2763.95,-383.0,5.714285714285714,0.5,3,-1.0324045371102688,medio
4010,21,7942.35,378.20714285714286,487.1,0.3333333333333333,11278.25,-3335.9,4.873333333333333,0.2857142857142857,5,-0.6943155317699357,medio
4011,16,2396.8,149.8,234.25,0.1875,1262.7399999999998,1134.06,5.72625,0.5,7,1.8435412901053985,alto
4012,18,1529.8,84.98888888888888,118.65,0.3333333333333333,864.86,664.94,5.520555555555556,0.2222222222222222,4,-2.2866274367855906,baixo
4013,11,50.9,4.627272727272727,9.7,0.18181818181818182,15.620000000000001,35.28,3.377272727272727,0.5454545454545454,4,-1.7625932289708262,baixo
4014,24,4232.75,176.36458333333334,247.5,0.4166666666666667,3674.27,558.4799999999998,4.087083333333333,0.4166666666666667,4,1.4235199827301999,alto
4015,28,1090.8,38.957142857142856,63.8,0.32142857142857145,1079.41,11.389999999999947,4.163928571428571,0.39285714285714285,7,2.183828726514682,alto
4016,22,884.75,40.21590909090909,68.25,0.45454545454545453,1001.05,-116.3,5.3113636363636365,0.3181818181818182,3,-1.6695809928826943,baixo
4017,17,2645.7,155.62941176470588,243.9,0.29411764705882354,1421.5,1224.2,5.002352941176471,0.5294117647058824,4,1.1057493552797126,alto
4018,35,12034.4,343.84,481.2,0.45714285714285713,11885.380000000001,149.01999999999987,3.9859999999999998,0.34285714285714286,8,5.905048641454659,alto
4019,17,1232.0,72.47058823529412,119.2,0.35294117647058826,1115.91,116.09,4.43235294117647,0.23529411764705882,5,-2.3276335120913787,baixo
4020,13,337.45,25.957692307692305,56.0,0.3076923076923077,386.14,-48.69,3.8938461538461544,0.23076923076923078,4,-4.113869837456657,baixo
4021,22,4518.25,205.375,309.8,0.22727272727272727,1749.2399999999998,2769.0099999999998,6.838181818181818,0.4090909090909091,8,4.041442303732545,alto
4022,25,4140.0,165.6,248.45,0.32,2699.34,1440.66,4.024,0.28,9,2.983741722452506,alto
4023,15,3311.7,220.78,302.4,0.4,2794.83,516.87,3.880666666666667,0.3333333333333333,5,-0.6369468185664702,medio
4024,19,877.7,46.194736842105264,69.5,0.3684210526315789,458.78,418.92,4.306842105263158,0.3157894736842105,7,-0.2767240921725762,medio
4025,30,329.25,10.975,23.9,0.43333333333333335,272.40999999999997,56.84000000000001,5.022333333333334,0.43333333333333335,8,3.2768517910295545,alto
4026,18,1387.95,77.10833333333333,118.85,0.3888888888888889,1311.35,76.60000000000001,5.658333333333333,0.2777777777777778,4,-2.1412522601159796,baixo
4027,19,765.2,40.27368421052632,65.7,0.47368421052631576,973.89,-208.69,4.197894736842105,0.631578947368421,5,1.3801582091942683,alto
4028,27,2174.1,80.52222222222223,124.85,0.25925925925925924,765.72,1408.3799999999999,5.1433333333333335,0.4444444444444444,8,3.904473308755388,alto
4029,17,3194.7,187.9235294117647,296.85,0.35294117647058826,2582.21,612.4900000000001,6.699411764705882,0.29411764705882354,4,-1.1664069281357912,medio
4030,18,2887.45,160.4138888888889,233.0,0.3333333333333333,1398.33,1489.12,5.253888888888889,0.4444444444444444,7,2.041118705656216,alto
4031,16,1247.9,77.99375,121.55,0.125,237.93,1009.97,6.619375,0.375,7,0.13027404381597674,medio
4032,21,14186.0,675.5238095238095,919.75,0.38095238095238093,9652.14,4533.860000000001,5.8566666666666665,0.47619047619047616,4,6.851551726753411,alto
4033,20,1460.95,73.0475,119.95,0.4,945.34,515.61,3.168,0.15,5,-2.2257660412987885,baixo
4034,32,2826.85,88.3390625,122.5,0.3125,2188.27,638.58,4.8878125,0.25,4,1.1150764880441841,alto
4035,12,454.1,37.84166666666667,54.75,0.3333333333333333,240.82999999999998,213.27,3.7325,0.4166666666666667,6,-1.5219695636552228,baixo
4036,16,551.6,34.475,68.0,0.3125,685.69,-134.09,5.966875,0.5625,4,-0.36959478903760346,medio
4037,21,303.25,14.44047619047619,23.45,0.2857142857142857,167.37,135.88,4.6899999999999995,0.09523809523809523,5,-3.1122300850643967,baixo
4038,19,3616.2000000000003,190.3263157894737,298.7,0.3157894736842105,1908.08,1708.1200000000001,5.645263157894737,0.3684210526315789,5,1.0058702882766806,alto
4039,22,1684.65,76.575,124.55,0.4090909090909091,1123.61,561.04,3.1404545454545456,0.18181818181818182,4,-1.8762236518036688,baixo
4040,25,3994.95,159.798,231.1,0.44,4774.17,-779.2200000000003,3.9716000000000005,0.28,5,0.0028231591838270287,medio
4041,25,3661.75,146.47,245.45,0.24,1602.85,2058.9,5.3788,0.52,7,4.512731084689328,alto
4042,21,3901.15,185.76904761904763,246.45,0.42857142857142855,3232.2,668.95,3.379047619047619,0.42857142857142855,7,2.3057647121034295,alto
4043,20,1580.75,79.0375,115.85,0.35,1705.8,-125.04999999999994,4.628500000000001,0.35,5,-0.6807158466312365,medio
4044,26,5583.95,214.7673076923077,313.7,0.38461538461538464,3237.43,2346.52,5.810769230769231,0.4230769230769231,6,4.026048492367432,alto
4045,21,304.8,14.514285714285714,24.75,0.2857142857142857,211.88,92.92,6.0876190476190475,0.42857142857142855,9,1.700543970652501,alto
4046,25,151.55,6.062,9.95,0.28,69.78999999999999,81.76,5.2292,0.4,9,2.269066633003538,alto
4047,30,6117.45,203.915,310.4,0.3,3473.7200000000003,2643.73,4.741666666666666,0.3,8,4.751179946812664,alto
4048,21,14423.05,686.8119047619048,985.65,0.3333333333333333,7350.54,7072.51,5.388571428571429,0.47619047619047616,4,8.27819033614091,alto
4049,23,2011.5,87.45652173913044,119.2,0.34782608695652173,1410.16,601.3400000000001,4.824782608695652,0.391304347826087,5,0.8162124994544422,alto
4050,24,4677.45,194.89374999999998,314.25,0.20833333333333334,1422.58,3254.87,5.572500000000001,0.3333333333333333,8,3.976899001797444,alto
4051,23,3848.3,167.31739130434784,249.35,0.43478260869565216,5785.6,-1937.3,5.060869565217391,0.13043478260869565,3,-3.268621644101538,baixo
4052,17,3717.65,218.68529411764706,290.15,0.17647058823529413,698.1600000000001,3019.49,4.725294117647059,0.23529411764705882,9,1.9838533766497386,alto
4053,20,1830.45,91.52250000000001,122.0,0.45,1909.71,-79.26000000000006,5.646,0.35,3,-1.4510941020672277,baixo
4054,17,700.8,41.2235294117647,69.55,0.35294117647058826,443.70000000000005,257.1,4.642941176470589,0.29411764705882354,9,-0.16413361785961278,medio
4055,26,2219.4,85.36153846153846,123.35,0.23076923076923078,1495.6299999999999,723.77,5.805000000000001,0.5384615384615384,6,3.336223116460233,alto
4056,16,1201.35,75.084375,120.5,0.5,979.4300000000001,221.92000000000002,4.4925,0.4375,3,-1.4936294926386395,baixo
4057,12,2210.65,184.22083333333333,277.05,0.3333333333333333,2324.35,-113.69999999999999,3.7408333333333332,0.25,3,-3.5451092251365504,baixo
4058,26,958.15,36.85192307692308,69.4,0.3076923076923077,1350.24,-392.09000000000003,4.150769230769231,0.3076923076923077,6,0.28121114887068865,medio
4059,23,3714.6,161.50434782608696,239.9,0.13043478260869565,1138.25,2576.35,6.889565217391305,0.5652173913043478,13,7.502301325245475,alto
4060,17,1056.1,62.1235294117647,88.0,0.35294117647058826,547.33,508.77,6.074705882352941,0.23529411764705882,3,-3.071002232087422,baixo
4061,15,4560.25,304.01666666666665,496.8,0.4,3927.04,633.2100000000002,4.315333333333333,0.26666666666666666,3,-1.4971149523126532,baixo
4062,20,320.95,16.0475,24.8,0.3,197.38,123.57000000000001,4.2225,0.35,8,0.33849375294549455,medio
4063,19,720.2,37.90526315789474,68.8,0.3684210526315789,320.98,399.22,4.423157894736842,0.15789473684210525,5,-2.6809632557910072,baixo
4064,17,3725.65,219.15588235294118,317.0,0.17647058823529413,2482.5,1243.1499999999999,4.880588235294118,0.4117647058823529,8,2.2301274763328918,alto
4065,16,464.9,29.05625,51.3,0.25,136.07999999999998,328.82,6.286875,0.5,4,-0.7372765398713241,medio
4066,16,612.85,38.303125,67.85,0.375,299.3,313.55,4.95875,0.3125,3,-2.8509683057409254,baixo
4067,19,586.6,30.873684210526317,65.15,0.42105263157894735,354.2,232.4,4.2368421052631575,0.42105263157894735,5,-0.391486062430237,medio
4068,15,200.7,13.379999999999999,22.65,0.4666666666666667,344.75,-144.05,5.679333333333333,0.26666666666666666,3,-3.912478125271174,baixo
4069,17,1427.1,83.9470588235294,122.8,0.47058823529411764,845.33,581.77,3.2058823529411766,0.11764705882352941,3,-3.966673528443917,baixo
4070,19,624.35,32.86052631578948,65.95,0.42105263157894735,355.14000000000004,269.21,6.318421052631579,0.2631578947368421,4,-2.254537072057423,baixo
4071,23,3440.3,149.5782608695652,246.4,0.43478260869565216,3315.8500000000004,124.44999999999999,3.92,0.391304347826087,5,0.9908211267898852,alto
4072,16,3017.5,188.59375,302.9,0.5,10667.52,-7650.02,5.905625,0.4375,3,-4.894210980202237,baixo
4073,17,3074.7,180.86470588235292,243.55,0.17647058823529413,588.6899999999999,2486.01,6.131764705882354,0.4117647058823529,10,3.5074125893876094,alto
4074,20,776.5,38.825,67.45,0.25,351.97,424.53,5.231,0.4,6,0.23565342711797488,medio
4075,19,666.15,35.060526315789474,69.0,0.3684210526315789,296.97,369.18,4.252105263157895,0.21052631578947367,5,-2.231211858044579,baixo
4076,8,1466.35,183.29375,279.95,0.5,1180.26,286.09000000000003,4.51375,0.375,2,-3.5229623789010067,baixo
4077,18,152.5,8.472222222222221,22.75,0.5555555555555556,245.69999999999996,-93.2,6.295555555555556,0.5555555555555556,2,-1.0237071475565873,medio
4078,16,645.7,40.35625,67.15,0.3125,218.78,426.92,4.024375,0.25,5,-2.472168600088474,baixo
4079,22,918.0,41.72727272727273,64.15,0.5454545454545454,893.96,24.040000000000028,3.563181818181818,0.36363636363636365,4,-0.7251055710425839,medio
4080,25,2054.1,82.164,122.95,0.52,2639.02,-584.92,4.5687999999999995,0.36,3,-0.5718596004761642,medio
4081,15,1228.6,81.90666666666667,119.65,0.4,682.21,546.39,4.473333333333333,0.26666666666666666,4,-2.6331387769246772,baixo
4082,14,946.75,67.625,110.7,0.21428571428571427,320.46000000000004,626.29,5.434285714285714,0.07142857142857142,7,-3.392304037959608,baixo
4083,16,1243.05,77.690625,123.15,0.4375,1073.81,169.23999999999998,5.533125,0.5,4,-0.4869936966866877,medio
4084,21,3863.55,183.97857142857143,289.7,0.2857142857142857,4875.23,-1011.6800000000001,4.5909523809523805,0.19047619047619047,12,1.4068096269121957,alto
4085,23,3840.75,166.9891304347826,249.9,0.21739130434782608,1670.01,2170.7400000000002,5.248695652173913,0.30434782608695654,8,2.717304432419559,alto
4086,16,1260.4,78.775,124.65,0.1875,609.74,650.66,5.40625,0.3125,9,0.2491606523629249,medio
4087,23,1817.4,79.01739130434783,124.25,0.5217391304347826,1992.5,-175.09999999999997,2.8982608695652172,0.21739130434782608,2,-2.5792045737570364,baixo
4088,22,4193.1,190.59545454545457,311.55,0.36363636363636365,2526.58,1666.52,5.694545454545454,0.3181818181818182,4,0.7541117501275549,medio
4089,15,464.35,30.956666666666667,69.4,0.4666666666666667,552.98,-88.63,2.5153333333333334,0.2,3,-4.376663217817718,baixo
4090,20,246.0,12.3,22.0,0.4,149.32,96.68,3.5450000000000004,0.4,5,-0.5616539905565867,medio
4091,17,3202.9500000000003,188.4088235294118,249.9,0.29411764705882354,1891.4299999999998,1311.52,5.297058823529412,0.47058823529411764,8,2.597026120808239,alto
4092,23,1857.95,80.7804347826087,123.15,0.43478260869565216,1449.75,408.2,3.716086956521739,0.391304347826087,4,0.227232606432012,medio
4093,18,2912.35,161.79722222222222,248.95,0.5555555555555556,4440.849999999999,-1528.4999999999998,6.19,0.5,2,-1.2422498441710994,baixo
4094,20,868.15,43.4075,68.8,0.3,797.24,70.91,4.7415,0.4,5,-0.3610272254751868,medio
4095,20,821.05,41.052499999999995,68.35,0.15,156.55,664.5,5.4285,0.5,11,3.502409023296076,alto
4096,20,3815.85,190.7925,292.85,0.4,5532.62,-1716.7700000000002,3.9835000000000003,0.4,4,-0.7358142800467711,medio
4097,19,1690.65,88.98157894736842,122.8,0.47368421052631576,3321.2000000000003,-1630.55,4.385263157894737,0.2631578947368421,3,-3.3176508556664803,baixo
4098,29,4749.7,163.78275862068966,233.0,0.3448275862068966,4714.93,34.770000000000046,5.391034482758621,0.3793103448275862,7,3.155374879739603,alto
4099,14,1107.3,79.09285714285714,117.75,0.2857142857142857,905.33,201.97,6.690714285714286,0.5714285714285714,5,0.19098744247951527,medio
4100,25,5054.15,202.166,302.4,0.36,3423.53,1630.62,4.9876,0.4,5,2.6816608411645393,alto
4101,20,701.95,35.097500000000004,64.15,0.4,1104.82,-402.87000000000006,4.523,0.3,5,-1.5921073351066517,baixo
4102,18,3583.6,199.08888888888887,287.7,0.3333333333333333,3174.17,409.43000000000006,5.94,0.3888888888888889,5,0.3409019655626677,medio
4103,18,1402.85,77.9361111111111,121.4,0.3333333333333333,1011.6099999999999,391.24,6.500555555555555,0.5,5,0.521086217383681,medio
4104,11,900.95,81.90454545454546,113.35,0.2727272727272727,361.04,539.91,4.2690909090909095,0.09090909090909091,4,-5.153384237289106,baixo
4105,20,3621.45,181.0725,234.3,0.2,1080.87,2540.58,4.4045000000000005,0.45,7,3.241421604279304,alto
4106,24,4350.05,181.25208333333333,306.25,0.3333333333333333,3152.15,1197.9,4.909583333333333,0.25,9,2.461929625740738,alto
4107,16,85.75,5.359375,9.3,0.3125,66.17,19.58,5.021875,0.25,5,-2.929717237008802,baixo
4108,13,4509.25,346.86538461538464,480.4,0.5384615384615384,9174.84,-4665.590000000001,3.9538461538461536,0.38461538461538464,3,-3.377802857311217,baixo
4109,20,742.4,37.12,69.65,0.4,629.57,112.83000000000001,3.848,0.35,5,-0.8431185453426873,medio
4110,15,646.65,43.11,69.4,0.3333333333333333,423.28,223.36999999999998,3.3786666666666667,0.2,6,-2.8060678811849025,baixo
4111,25,15405.9,616.236,986.35,0.4,11338.880000000001,4067.0200000000004,5.6824,0.36,4,6.0197900453027815,alto
4112,12,1895.8,157.98333333333332,224.6,0.5,2442.85,-547.0499999999998,3.5416666666666665,0.16666666666666666,2,-5.16490185797431,baixo
4113,20,100.5,5.025,9.6,0.3,47.660000000000004,52.839999999999996,3.9504999999999995,0.4,4,-1.075432199526794,medio
4114,26,1042.95,40.11346153846154,68.05,0.34615384615384615,557.7,485.25,4.5115384615384615,0.2692307692307692,5,-0.02517207041108993,medio
4115,24,1948.75,81.19791666666667,118.95,0.375,1522.36,426.39,5.0945833333333335,0.2916666666666667,5,-0.014580071425817298,medio
4116,17,249.6,14.68235294117647,22.95,0.47058823529411764,348.06,-98.46000000000001,4.65764705882353,0.47058823529411764,6,-0.22977875622513078,medio
4117,17,3010.55,177.09117647058824,242.6,0.4117647058823529,1792.76,1217.79,5.508235294117647,0.35294117647058826,3,-0.8173773407410119,medio
4118,12,446.9,37.24166666666667,64.75,0.3333333333333333,156.44,290.46,1.8699999999999999,0.5,6,-0.7166793874353665,medio
4119,22,1726.85,78.49318181818181,122.6,0.5909090909090909,2635.96,-909.11,5.516818181818182,0.2727272727272727,3,-2.2462435173176214,baixo
4120,21,3566.55,169.8357142857143,249.55,0.42857142857142855,3146.46,420.09000000000003,4.580952380952381,0.5238095238095238,5,2.0612207252992194,alto
4121,33,5575.25,168.9469696969697,247.25,0.30303030303030304,4185.5,1389.7499999999998,5.163333333333334,0.5454545454545454,5,5.458318165379637,alto
4122,17,185.9,10.935294117647059,24.75,0.29411764705882354,97.75,88.15,4.081176470588235,0.35294117647058826,6,-1.2412572708699101,baixo
4123,20,722.4,36.12,67.8,0.55,862.24,-139.83999999999997,3.7969999999999997,0.35,3,-1.8649850421132472,baixo
4124,13,2021.3999999999999,155.4923076923077,201.95,0.46153846153846156,2186.2,-164.8,6.014615384615384,0.3076923076923077,3,-3.01417774628273,baixo
4125,21,357.1,17.004761904761907,24.9,0.3333333333333333,259.16999999999996,97.93,4.248095238095238,0.2857142857142857,6,-0.9179980744056384,medio
4126,25,3955.3,158.21200000000002,233.75,0.36,4912.63,-957.3300000000002,4.0496,0.2,5,-0.8404134334605715,medio
4127,24,2079.4,86.64166666666667,120.25,0.3333333333333333,1198.07,881.33,4.290416666666666,0.25,6,0.3208071872181275,medio
4128,13,891.6999999999999,68.59230769230768,108.6,0.23076923076923078,316.02,575.68,3.7684615384615388,0.23076923076923078,5,-3.048022331316801,baixo
4129,21,321.09999999999997,15.29047619047619,22.2,0.3333333333333333,209.32,111.78,4.386190476190476,0.2857142857142857,9,0.39863762982498374,medio
4130,17,5407.65,318.0970588235294,448.15,0.17647058823529413,1752.9099999999999,3654.74,5.382352941176471,0.29411764705882354,12,4.869787771767132,alto
4131,14,2046.5,146.17857142857142,218.65,0.42857142857142855,2321.39,-274.89000000000016,5.882857142857143,0.42857142857142855,8,0.4036245697031433,medio
4132,20,1603.95,80.1975,123.25,0.35,1721.97,-118.0199999999999,4.0200000000000005,0.25,4,-2.0314435789662983,baixo
4133,12,905.25,75.4375,113.7,0.08333333333333333,157.25,748.0,6.7525,0.4166666666666667,9,0.34225895549307744,medio
4134,19,94.4,4.968421052631579,9.55,0.42105263157894735,87.11,7.289999999999999,3.6747368421052626,0.47368421052631576,5,-0.2042602636210673,medio
4135,20,1278.2,63.910000000000004,109.2,0.5,1305.47,-27.27000000000003,4.295,0.4,4,-0.7123013175954298,medio
4136,13,9631.8,740.9076923076923,995.9,0.46153846153846156,11208.16,-1576.36,3.3546153846153848,0.38461538461538464,6,2.299499905278261,alto
4137,23,123.25,5.358695652173913,9.85,0.391304347826087,94.37,28.88,6.525652173913044,0.391304347826087,6,0.3867845270221674,medio
4138,26,5275.3,202.89615384615385,318.45,0.38461538461538464,2339.09,2936.21,3.8469230769230767,0.5,4,4.086159069271659,alto
4139,19,100.95,5.313157894736842,9.65,0.42105263157894735,120.39,-19.44,3.7263157894736842,0.3157894736842105,4,-2.112385653883653,baixo
4140,15,491.4,32.76,63.65,0.3333333333333333,332.41999999999996,158.98,4.6693333333333324,0.2,5,-3.351950594012153,baixo
4141,22,3616.0,164.36363636363637,249.95,0.22727272727272727,1531.66,2084.34,3.280909090909091,0.18181818181818182,5,-0.021650667988422967,medio
4142,19,703.6,37.03157894736842,67.7,0.3684210526315789,454.86,248.74,4.266842105263159,0.42105263157894735,4,-0.7807409751657157,medio
4143,20,588.9,29.445,65.0,0.5,870.37,-281.47,3.4195,0.3,5,-1.5665471852027624,baixo
4144,18,1547.4,85.96666666666667,124.2,0.3333333333333333,742.1999999999999,805.2,2.9283333333333332,0.3333333333333333,7,0.1402685381757052,medio
4145,21,1567.55,74.6452380952381,108.9,0.38095238095238093,1428.43,139.12,4.9609523809523814,0.5714285714285714,5,1.6951965252862826,alto
4146,16,2634.6,164.6625,235.0,0.375,4174.8099999999995,-1540.2099999999998,4.256875,0.3125,4,-2.52499960390839,baixo
4147,20,845.25,42.2625,69.9,0.4,1610.11,-764.86,5.233,0.4,3,-1.6937128242118467,baixo
4148,21,4354.95,207.37857142857143,292.15,0.3333333333333333,3421.11,933.8399999999999,4.385238095238096,0.14285714285714285,8,0.401203718765585,medio
4149,30,6603.8,220.12666666666667,305.4,0.3,5047.6,1556.2,5.891666666666667,0.4666666666666667,9,6.262215368534733,alto
4150,20,1597.1,79.85499999999999,122.65,0.35,1997.5700000000002,-400.4700000000001,6.8340000000000005,0.35,4,-1.2617857432681308,baixo
4151,19,679.65,35.77105263157895,67.3,0.3157894736842105,428.26,251.39,4.09578947368421,0.21052631578947367,5,-2.2889022739784552,baixo
4152,16,2363.05,147.690625,248.35,0.1875,583.58,1779.47,5.2075000000000005,0.0625,10,-0.5411310466618371,medio
4153,18,582.55,32.36388888888889,68.85,0.2777777777777778,324.49,258.06,5.361111111111111,0.4444444444444444,4,-0.816288590003152,medio
4154,15,11521.65,768.11,984.4,0.06666666666666667,1196.48,10325.17,6.8133333333333335,0.26666666666666666,10,9.932510063362907,alto
4155,15,662.4,44.16,64.5,0.4,371.37,291.03,5.221333333333333,0.2,4,-3.6436088253543755,baixo
4156,14,181.15,12.939285714285715,24.15,0.2857142857142857,52.5,128.65,5.988571428571428,0.35714285714285715,5,-2.2796560088986118,baixo
4157,14,1085.2,77.51428571428572,124.2,0.2857142857142857,557.12,528.08,3.9221428571428576,0.5,6,0.13510962171059537,medio
4158,20,4298.75,214.9375,309.5,0.25,1740.83,2557.92,4.676,0.5,6,3.504635996718206,alto
4159,18,1486.55,82.58611111111111,123.3,0.16666666666666666,534.76,951.79,4.301111111111111,0.2222222222222222,8,-0.3893188439538229,medio
4160,26,4217.7,162.21923076923076,246.6,0.3076923076923077,2148.01,2069.69,5.045384615384616,0.46153846153846156,8,4.752298750369771,alto
4161,14,186.4,13.314285714285715,24.8,0.2857142857142857,66.48,119.92,4.716428571428572,0.21428571428571427,5,-3.5989858738061535,baixo
4162,23,297.2,12.921739130434782,23.85,0.4782608695652174,538.9,-241.70000000000002,6.826956521739131,0.30434782608695654,4,-1.387421455302345,baixo
4163,13,488.84999999999997,37.60384615384615,69.85,0.46153846153846156,335.32,153.52999999999997,3.7453846153846153,0.23076923076923078,4,-3.926186028718754,baixo
4164,21,792.05,37.71666666666666,62.65,0.47619047619047616,879.2,-87.14999999999999,2.857142857142857,0.42857142857142855,4,-0.43708982991687717,medio
4165,18,3625.35,201.40833333333333,316.45,0.2222222222222222,3888.1699999999996,-262.8199999999998,4.106111111111111,0.2777777777777778,6,-0.5844909968851033,medio
4166,13,158.4,12.184615384615386,24.65,0.5384615384615384,180.11,-21.71,3.7023076923076923,0.15384615384615385,2,-5.784452824696587,baixo
4167,22,2043.25,92.875,124.0,0.3181818181818182,1407.22,636.03,4.309090909090909,0.36363636363636365,5,0.3928162391697164,medio
4168,21,774.55,36.88333333333333,66.7,0.38095238095238093,1039.48,-264.93,5.175714285714285,0.38095238095238093,5,-0.5360206523658064,medio
4169,19,615.9,32.41578947368421,64.25,0.3684210526315789,779.11,-163.20999999999995,4.768421052631578,0.3684210526315789,3,-1.957098909811045,baixo
4170,15,655.15,43.67666666666666,69.0,0.3333333333333333,644.1,11.050000000000026,6.098666666666667,0.26666666666666666,3,-3.6213355550487707,baixo
4171,24,1902.85,79.28541666666666,123.75,0.4583333333333333,2102.9,-200.04999999999993,4.451666666666667,0.5,3,0.6796963719297279,medio
4172,14,2431.85,173.70357142857142,243.85,0.42857142857142855,2344.74,87.10999999999993,4.245,0.2857142857142857,3,-2.7334833968288117,baixo
4173,21,292.1,13.90952380952381,23.1,0.38095238095238093,248.96,43.14,4.9871428571428575,0.42857142857142855,6,0.34884009869571475,medio
4174,15,2528.8,168.58666666666667,241.4,0.13333333333333333,1644.61,884.1899999999998,6.214666666666667,0.4,6,0.2537203056824166,medio
4175,23,917.0,39.869565217391305,68.05,0.2608695652173913,562.3299999999999,354.67,4.713913043478261,0.2608695652173913,7,0.03528780214997351,medio
4176,28,902.75,32.24107142857143,69.65,0.2857142857142857,391.48,511.27,4.6553571428571425,0.4642857142857143,10,4.3828850807088235,alto
4177,18,1724.5,95.80555555555556,122.05,0.3888888888888889,1163.6100000000001,560.89,4.8005555555555555,0.3333333333333333,4,-1.242842582042021,baixo
4178,18,1521.6,84.53333333333333,120.1,0.2777777777777778,674.8900000000001,846.71,3.1144444444444446,0.2777777777777778,5,-1.2405495963891644,baixo
4179,20,4299.2,214.95999999999998,319.05,0.2,3785.3500000000004,513.8500000000001,5.6075,0.2,11,1.8542449461613646,alto
4180,25,3572.25,142.89,236.35,0.4,3738.92,-166.67,5.5572,0.24,5,-0.15703585866634606,medio
4181,12,2081.2,173.4333333333333,249.1,0.4166666666666667,2928.11,-846.9100000000001,3.9516666666666667,0.16666666666666666,3,-4.77741996594963,baixo
4182,19,101.6,5.347368421052631,9.8,0.47368421052631576,120.01,-18.409999999999997,5.428947368421053,0.47368421052631576,2,-1.5363922495220135,baixo
4183,16,2556.2,159.7625,225.1,0.3125,1160.04,1396.16,5.83375,0.375,7,0.8988259729881511,alto
4184,10,323.4,32.339999999999996,67.0,0.3,616.42,-293.02,7.659999999999999,0.5,3,-2.8296298472635115,baixo
4185,16,2610.0,163.125,241.8,0.375,2395.39,214.61000000000004,3.2106250000000003,0.375,4,-1.0268913522213698,medio
4186,22,776.3000000000001,35.28636363636364,62.85,0.3181818181818182,843.34,-67.03999999999996,4.619545454545454,0.22727272727272727,6,-1.194548623999987,medio
4187,21,1632.05,77.71666666666667,121.05,0.42857142857142855,2418.79,-786.7400000000001,3.924285714285714,0.3333333333333333,7,-0.09031537860141178,medio
4188,10,39.1,3.91,8.4,0.3,34.94,4.160000000000003,4.964,0.4,5,-2.9089680432927327,baixo
4189,18,3573.3,198.51666666666668,316.15,0.2222222222222222,2402.28,1171.02,4.126666666666667,0.3333333333333333,8,1.55043120111896,alto
4190,10,50.3,5.029999999999999,9.95,0.5,39.08,11.219999999999999,3.318,0.2,3,-5.622410394652522,baixo
4191,18,90.9,5.050000000000001,9.95,0.3333333333333333,33.69,57.21,3.352777777777778,0.16666666666666666,5,-3.2321948210918174,baixo
4192,15,2060.45,137.36333333333332,216.15,0.3333333333333333,1686.1000000000001,374.35,4.098,0.3333333333333333,3,-2.168107472364533,baixo
4193,17,2885.9,169.75882352941176,238.1,0.47058823529411764,2056.45,829.45,6.403529411764706,0.4117647058823529,4,-0.09146245257314767,medio
4194,21,1630.4,77.63809523809525,122.3,0.38095238095238093,1640.25,-9.850000000000014,5.476666666666667,0.5714285714285714,7,2.517388602058781,alto
4195,23,1818.55,79.06739130434782,118.9,0.43478260869565216,2102.71,-284.16,4.880434782608695,0.34782608695652173,3,-0.9937154287129731,medio
4196,19,599.85,31.571052631578947,63.65,0.3684210526315789,904.4000000000001,-304.55,3.538947368421052,0.42105263157894735,5,-0.6719805517216164,medio
4197,10,360.0,36.0,58.1,0.3,210.34,149.66,4.514,0.6,5,-0.766385942525758,medio
4198,20,679.5,33.975,66.95,0.4,1567.56,-888.0600000000001,4.3245000000000005,0.4,5,-0.9355458063029969,medio
4199,15,2547.2,169.81333333333333,233.3,0.3333333333333333,1324.6299999999999,1222.57,4.996666666666667,0.2,4,-2.282945996926981,baixo
4200,20,7213.3,360.665,481.05,0.4,4025.09,3188.21,4.464499999999999,0.45,4,3.501767196031775,alto
4201,23,97.25,4.228260869565218,8.15,0.34782608695652173,64.35000000000001,32.9,4.095652173913043,0.2608695652173913,7,-0.3812345751281755,medio
4202,16,89.95,5.621875,9.8,0.25,52.019999999999996,37.93,4.89875,0.25,4,-3.3585212677483947,baixo
4203,16,663.45,41.465625,68.4,0.25,348.64,314.81000000000006,5.841875,0.375,4,-1.8118400657347538,baixo
4204,19,3748.95,197.31315789473683,319.2,0.2631578947368421,2374.29,1374.6599999999999,4.37,0.5263157894736842,6,2.773126824966467,alto
4205,21,1684.2,80.2,123.6,0.2857142857142857,1201.89,482.31,4.5476190476190474,0.6190476190476191,6,2.795269023079653,alto
4206,22,3780.45,171.83863636363637,247.45,0.36363636363636365,2240.28,1540.17,3.053181818181818,0.22727272727272727,4,-0.2805155742170964,medio
4207,16,640.75,40.046875,67.5,0.375,531.57,109.18,5.9225,0.5625,4,-0.2019493147358471,medio
4208,19,763.6,40.189473684210526,68.8,0.42105263157894735,607.32,156.28,5.281052631578947,0.42105263157894735,5,-0.36774875282841357,medio
4209,22,4558.349999999999,207.19772727272724,318.9,0.45454545454545453,6368.57,-1810.22,4.042272727272728,0.4090909090909091,3,-0.5809070515838578,medio
4210,18,1594.75,88.59722222222223,122.15,0.4444444444444444,3313.57,-1718.82,4.352777777777778,0.16666666666666666,3,-4.480973122813103,baixo
4211,23,127.65,5.55,9.55,0.2608695652173913,107.33,20.32,4.763478260869565,0.30434782608695654,8,0.46245983403098395,medio
4212,20,4081.2,204.06,309.7,0.3,3613.42,467.78,5.599,0.25,6,0.013903123975972376,medio
4213,22,13830.35,628.6522727272727,941.9,0.36363636363636365,13024.7,805.6499999999996,7.1909090909090905,0.36363636363636365,6,4.61461133581516,alto
4214,25,3860.4,154.416,246.65,0.44,3146.6,713.8,4.07,0.28,4,0.3186710169913163,medio
4215,19,86.0,4.526315789473684,9.1,0.5263157894736842,144.56,-58.56,3.9231578947368417,0.15789473684210525,4,-3.5945279040468274,baixo
4216,18,6649.75,369.43055555555554,486.3,0.2777777777777778,5857.469999999999,792.2799999999999,5.488888888888889,0.3888888888888889,9,3.4793640494280664,alto
4217,22,92.05,4.184090909090909,8.6,0.2727272727272727,49.47,42.58,5.1477272727272725,0.3181818181818182,9,0.8087662880438768,alto
4218,23,825.8,35.904347826086955,69.65,0.34782608695652173,572.48,253.32,4.586956521739131,0.5652173913043478,7,2.7604867002154987,alto
4219,24,2042.85,85.11874999999999,119.75,0.25,1026.33,1016.52,5.162083333333333,0.375,7,1.9751238109089897,alto
4220,16,208.0,13.0,24.15,0.3125,94.85,113.15,4.814375,0.375,6,-1.2343812563638021,baixo
4221,17,1520.65,89.45,124.8,0.17647058823529413,637.26,883.39,5.820588235294117,0.35294117647058826,9,1.0433046831620214,alto
4222,24,8301.35,345.88958333333335,498.25,0.375,8764.17,-462.8199999999999,4.9975,0.25,4,0.5120138812971717,medio
4223,23,1877.8,81.64347826086956,120.85,0.30434782608695654,1609.1100000000001,268.69000000000005,5.97,0.34782608695652173,9,1.9599552374174967,alto
4224,18,1674.25,93.01388888888889,122.75,0.05555555555555555,308.3,1365.95,5.570555555555556,0.2777777777777778,14,3.0570301324046834,alto
4225,20,1647.55,82.3775,124.25,0.5,1855.96,-208.40999999999997,3.6350000000000002,0.25,4,-2.0644513464900167,baixo
4226,17,2584.8,152.04705882352943,243.1,0.23529411764705882,1023.1100000000001,1561.69,5.936470588235294,0.47058823529411764,8,2.479430469542496,alto
4227,17,2784.2,163.77647058823527,247.65,0.23529411764705882,1494.02,1290.1799999999998,5.232352941176471,0.35294117647058826,6,0.45043996138492437,medio
4228,16,236.4,14.775,24.85,0.3125,102.53999999999999,133.86,4.5375,0.375,4,-2.09187328867283,baixo
4229,15,516.6,34.440000000000005,65.4,0.5333333333333333,602.65,-86.05,6.106,0.4,4,-2.066746063451656,baixo
4230,19,3068.6,161.50526315789475,231.2,0.3684210526315789,1377.79,1690.81,4.684210526315789,0.42105263157894735,9,3.0448683673981454,alto
4231,17,2357.95,138.70294117647057,200.55,0.47058823529411764,2449.29,-91.33999999999996,4.514705882352941,0.4117647058823529,3,-1.2350343989410204,baixo
4232,16,2813.8,175.8625,242.95,0.375,1756.45,1057.35,4.235625,0.375,4,-0.49135934090432964,medio
4233,24,911.95,37.99791666666667,66.75,0.5,844.88,67.07,3.200416666666667,0.3333333333333333,2,-1.440012970502402,baixo
4234,26,121.6,4.676923076923076,9.65,0.5384615384615384,123.01,-1.4099999999999966,4.4192307692307695,0.23076923076923078,2,-2.203633626181981,baixo
4235,21,1511.45,71.97380952380952,114.85,0.2857142857142857,1099.3899999999999,412.06,4.692380952380953,0.5238095238095238,8,2.703809213474597,alto
4236,25,2009.0,80.36,113.45,0.32,1773.13,235.8699999999999,3.3124000000000002,0.32,9,2.125162184522491,alto
4237,21,709.4,33.78095238095238,58.9,0.38095238095238093,421.11,288.28999999999996,3.7938095238095237,0.23809523809523808,4,-2.0210884860788667,baixo
4238,17,171.85,10.108823529411765,19.65,0.4117647058823529,117.34,54.510000000000005,4.720588235294118,0.29411764705882354,4,-2.687957738750862,baixo
4239,23,7142.15,310.5282608695652,493.9,0.30434782608695654,2326.23,4815.92,3.59304347826087,0.2608695652173913,5,3.389709494192947,alto
4240,18,590.9,32.827777777777776,63.8,0.4444444444444444,686.4300000000001,-95.52999999999999,6.095000000000001,0.5,4,-0.48869291221982913,medio
4241,21,264.3,12.585714285714285,23.05,0.38095238095238093,365.02,-100.72,4.26047619047619,0.47619047619047616,3,-0.6187138806715944,medio
4242,13,4631.05,356.2346153846154,452.7,0.46153846153846156,5836.1,-1205.05,5.227692307692308,0.38461538461538464,3,-1.474554201324986,baixo
4243,18,5456.05,303.1138888888889,490.55,0.5,4209.48,1246.5700000000002,2.73,0.2222222222222222,3,-0.9151500532352501,medio
4244,21,1671.85,79.61190476190475,124.55,0.42857142857142855,1619.41,52.44,2.4904761904761905,0.3333333333333333,5,-0.5120991284962018,medio
4245,19,1656.95,87.2078947368421,119.35,0.5789473684210527,1704.73,-47.78,2.953684210526316,0.3684210526315789,4,-1.0779072508825818,medio
4246,23,2023.1000000000001,87.9608695652174,121.25,0.391304347826087,1514.48,508.62,3.9343478260869564,0.08695652173913043,6,-1.5955837397591541,baixo
4247,22,112.3,5.1045454545454545,8.8,0.22727272727272727,49.25,63.050000000000004,3.9149999999999996,0.13636363636363635,5,-2.6119975403730913,baixo
4248,17,89.8,5.2823529411764705,8.4,0.29411764705882354,41.72,48.08,4.221764705882353,0.47058823529411764,5,-0.6570423098920595,medio
4249,18,6305.1,350.28333333333336,485.35,0.5,6885.95,-580.85,4.617222222222222,0.4444444444444444,4,0.9283188736632715,alto
4250,19,1483.15,78.06052631578947,121.2,0.2631578947368421,897.7800000000001,585.37,4.079473684210527,0.3684210526315789,7,0.5165716029021368,medio
4251,10,131.65,13.165000000000001,24.15,0.2,92.7,38.949999999999996,4.2299999999999995,0.2,4,-5.111266872688079,baixo
4252,29,900.85,31.063793103448276,65.3,0.27586206896551724,269.62,631.23,3.9048275862068964,0.27586206896551724,12,3.8058326567951335,alto
4253,17,71.60000000000001,4.211764705882353,9.15,0.29411764705882354,61.739999999999995,9.860000000000001,4.470588235294118,0.17647058823529413,3,-4.277487478603489,baixo
4254,14,2791.8,199.41428571428574,308.65,0.21428571428571427,1067.13,1724.67,7.401428571428572,0.5714285714285714,6,2.2693805737468518,alto
4255,20,905.9,45.295,67.7,0.35,875.86,30.04,4.497,0.3,5,-1.29183107366635,baixo
4256,19,3087.95,162.5236842105263,247.45,0.3157894736842105,1871.3400000000001,1216.61,4.282631578947369,0.2631578947368421,4,-0.8578210935387024,medio
4257,30,1160.1,38.669999999999995,66.55,0.3,502.51,657.59,7.03,0.36666666666666664,6,2.291404925888269,alto
4258,21,723.4,34.44761904761905,64.05,0.2857142857142857,724.23,-0.8300000000000125,4.246190476190476,0.23809523809523808,4,-2.170114312682819,baixo
4259,26,938.2,36.08461538461539,66.5,0.5,790.85,147.34999999999997,4.453076923076923,0.4230769230769231,4,0.7457746100994165,medio
4260,20,1357.5,67.875,105.5,0.4,2378.04,-1020.5400000000001,5.2829999999999995,0.45,4,-0.7516945439448748,medio
4261,26,5265.45,202.5173076923077,309.9,0.23076923076923078,2247.39,3018.06,4.731538461538461,0.34615384615384615,10,5.350609843437284,alto
4262,22,875.4499999999999,39.793181818181814,68.85,0.45454545454545453,542.97,332.47999999999996,3.9577272727272725,0.4090909090909091,5,0.28494896812446174,medio
4263,16,1395.55,87.221875,122.6,0.5625,2204.75,-809.2,7.018750000000001,0.5,2,-1.8219291063488647,baixo
4264,18,713.5,39.638888888888886,66.7,0.5555555555555556,1308.48,-594.98,5.173888888888889,0.3888888888888889,4,-1.7316881682534138,baixo
4265,22,8460.35,384.56136363636364,497.0,0.3181818181818182,10627.869999999999,-2167.5199999999995,5.235454545454545,0.3181818181818182,12,3.5762146063327718,alto
4266,14,524.9,37.49285714285714,69.8,0.2857142857142857,93.31,431.59,3.4699999999999998,0.35714285714285715,4,-2.3898915339007774,baixo
4267,20,1691.05,84.5525,119.65,0.35,1361.42,329.63,4.007,0.2,6,-1.3439093460104112,baixo
4268,20,1619.8,80.99,122.35,0.25,552.49,1067.31,5.0329999999999995,0.4,6,0.8676847773307881,alto
4269,25,1980.5,79.22,124.85,0.28,1451.64,528.86,4.7624,0.28,8,1.463783678457938,alto
4270,26,3569.55,137.29038461538462,242.4,0.2692307692307692,2336.36,1233.19,4.581538461538461,0.38461538461538464,7,2.986423967603145,alto
4271,19,511.09999999999997,26.9,57.8,0.42105263157894735,333.38,177.71999999999997,3.034736842105263,0.42105263157894735,3,-1.328641583340379,baixo
4272,22,716.0,32.54545454545455,66.7,0.6363636363636364,932.1800000000001,-216.18,2.7818181818181817,0.18181818181818182,2,-3.4732584315553567,baixo
4273,16,5223.25,326.453125,425.3,0.375,3949.1400000000003,1274.1100000000001,4.8237499999999995,0.375,7,1.9824137811790616,alto
4274,23,3964.05,172.35,247.9,0.43478260869565216,8113.6900000000005,-4149.639999999999,4.748695652173913,0.34782608695652173,3,-2.4048886162537664,baixo
4275,14,2001.85,142.9892857142857,210.35,0.42857142857142855,4039.57,-2037.7200000000003,4.978571428571429,0.5,3,-2.0981727815521096,baixo
4276,14,2771.15,197.93928571428572,309.4,0.5714285714285714,4291.23,-1520.08,3.1385714285714283,0.42857142857142855,4,-1.6628234263188357,baixo
4277,18,492.85,27.380555555555556,62.2,0.4444444444444444,453.61,39.24,5.1194444444444445,0.4444444444444444,4,-0.966888144299406,medio
4278,20,97.5,4.875,10.0,0.35,57.25,40.25,4.229,0.6,5,1.2013923101113126,alto
4279,29,9524.0,328.41379310344826,491.2,0.27586206896551724,3820.08,5703.92,3.5465517241379314,0.20689655172413793,4,4.39092475237906,alto
4280,22,1897.95,86.27045454545454,123.3,0.3181818181818182,958.92,939.03,4.9359090909090915,0.45454545454545453,8,2.6676605827212825,alto
4281,17,76.39999999999999,4.494117647058823,9.1,0.4117647058823529,77.64,-1.2399999999999975,5.508823529411765,0.35294117647058826,5,-1.7734929481738806,baixo
4282,25,9537.7,381.50800000000004,483.85,0.44,8690.369999999999,847.3299999999999,2.9095999999999997,0.12,6,1.3595771440562223,alto
4283,15,1242.9,82.86,122.65,0.4,1328.92,-86.01999999999998,4.180000000000001,0.3333333333333333,7,-1.0267749340145944,medio
4284,25,803.2,32.128,69.95,0.56,926.92,-123.71999999999997,4.0196,0.32,4,-0.6000130196571676,medio
4285,13,449.2,34.55384615384615,67.2,0.38461538461538464,554.84,-105.64000000000001,5.005384615384615,0.38461538461538464,4,-2.666301120160441,baixo
4286,21,4219.4,200.9238095238095,302.05,0.5238095238095238,4128.79,90.61,3.8533333333333335,0.42857142857142855,3,0.34143441692180054,medio
4287,15,69.1,4.6066666666666665,9.35,0.26666666666666666,34.92,34.18,4.621333333333333,0.3333333333333333,6,-1.9424078794439825,baixo
4288,19,1583.25,83.32894736842105,121.4,0.47368421052631576,1650.56,-67.31000000000002,4.460000000000001,0.2631578947368421,3,-2.525994852240669,baixo
4289,19,285.7,15.036842105263156,24.05,0.5263157894736842,166.34,119.36,2.538421052631579,0.42105263157894735,3,-1.441382945781731,baixo
4290,13,565.5,43.5,66.1,0.38461538461538464,619.55,-54.049999999999955,4.270769230769231,0.38461538461538464,3,-3.017616477193436,baixo
4291,20,1494.3,74.715,122.15,0.3,687.04,807.26,5.877,0.4,8,1.5670042965718591,alto
4292,9,778.35,86.48333333333333,122.05,0.2222222222222222,189.79,588.56,4.733333333333333,0.0,5,-5.941962326432538,baixo
4293,21,886.0,42.19047619047619,69.05,0.2857142857142857,677.3199999999999,208.67999999999998,6.1119047619047615,0.3333333333333333,5,-0.6869035550214351,medio
4294,19,7023.9,369.678947368421,489.95,0.47368421052631576,10681.99,-3658.0899999999997,5.201052631578948,0.3157894736842105,3,-1.9757359589726124,baixo
4295,24,110.15,4.589583333333334,9.35,0.5,80.34,29.809999999999995,3.295,0.25,3,-2.0180293987445825,baixo
4296,24,2010.95,83.78958333333334,120.35,0.5,2538.0299999999997,-527.08,4.701666666666667,0.375,4,-0.1752863773648749,medio
4297,19,4270.8,224.77894736842106,305.8,0.631578947368421,4535.61,-264.81,2.796842105263158,0.42105263157894735,3,-0.2004592378212251,medio
4298,24,101.1,4.2124999999999995,9.95,0.3333333333333333,47.449999999999996,53.65,4.7025,0.25,4,-1.567597877742653,baixo
4299,17,244.6,14.388235294117647,24.75,0.47058823529411764,360.82,-116.22000000000001,4.04235294117647,0.23529411764705882,3,-3.731958446643005,baixo
4300,15,1362.25,90.81666666666666,118.95,0.26666666666666666,395.42,966.83,3.305333333333333,0.13333333333333333,7,-2.2567277046400807,baixo
4301,27,2231.75,82.6574074074074,120.95,0.37037037037037035,1679.3000000000002,552.4499999999999,4.585925925925926,0.4074074074074074,6,2.2421595836658534,alto
4302,22,3560.6,161.84545454545454,246.7,0.45454545454545453,4778.5,-1217.8999999999996,5.167272727272728,0.36363636363636365,5,-0.11705640884565219,medio
4303,22,281.15,12.779545454545454,23.05,0.3181818181818182,505.25,-224.1,5.508636363636364,0.5909090909090909,5,1.4796375531529462,alto
4304,17,175.4,10.31764705882353,24.0,0.6470588235294118,165.15,10.250000000000004,2.61,0.47058823529411764,3,-1.5231763345045692,baixo
4305,16,1315.75,82.234375,123.8,0.625,1558.6499999999999,-242.90000000000006,3.17375,0.3125,2,-3.284320788691113,baixo
4306,14,175.05,12.50357142857143,23.8,0.35714285714285715,190.43,-15.379999999999995,3.9978571428571428,0.5,5,-1.0419108283997285,medio
4307,18,281.45,15.636111111111111,22.6,0.2777777777777778,107.51,173.94,5.043333333333333,0.2777777777777778,8,-0.7516032297459151,medio
4308,19,3276.3,172.43684210526317,246.95,0.3684210526315789,2236.27,1040.03,6.794736842105263,0.5263157894736842,5,1.9835757980159647,alto
4309,19,1416.4,74.54736842105264,120.35,0.42105263157894735,731.0899999999999,685.31,3.846315789473684,0.2631578947368421,2,-2.6269675816237705,baixo
4310,26,883.2,33.96923076923077,69.7,0.34615384615384615,1046.74,-163.54000000000002,4.285,0.3076923076923077,4,-0.49793847542959174,medio
4311,28,1108.7,39.596428571428575,62.4,0.5,1099.71,8.989999999999995,3.9857142857142853,0.2857142857142857,3,-0.5624482927642581,medio
4312,18,684.9,38.05,64.85,0.2222222222222222,945.38,-260.47999999999996,7.065555555555556,0.4444444444444444,6,-0.17190561712906294,medio
4313,17,223.15,13.126470588235295,24.55,0.47058823529411764,341.91999999999996,-118.76999999999998,4.7564705882352944,0.17647058823529413,3,-4.284413767912078,baixo
4314,21,623.65,29.697619047619046,61.55,0.14285714285714285,132.02,491.63,4.387619047619047,0.47619047619047616,9,2.4560908545892755,alto
4315,14,4822.85,344.48928571428576,496.0,0.5,5326.49,-503.6399999999999,5.586428571428571,0.5,3,0.10519483732460277,medio
4316,20,1729.45,86.4725,123.45,0.5,1521.93,207.51999999999998,3.2165,0.45,4,0.028943828718205666,medio
4317,25,1139.85,45.593999999999994,69.5,0.36,1656.99,-517.14,6.274,0.36,4,-0.3474371755504331,medio
4318,22,5039.55,229.07045454545457,312.45,0.4090909090909091,5707.55,-668.0000000000002,4.915,0.3181818181818182,4,-0.2212165283358501,medio
4319,33,7014.1,212.54848484848486,305.8,0.24242424242424243,3877.63,3136.47,5.739696969696969,0.30303030303030304,7,5.332155380817929,alto
4320,15,3021.15,201.41,314.1,0.3333333333333333,2941.49,79.65999999999997,5.05,0.2,6,-1.791797053132117,baixo
4321,22,3464.5,157.47727272727272,248.4,0.2727272727272727,4284.6,-820.0999999999999,3.8659090909090907,0.2727272727272727,5,-0.7740532902052755,medio
4322,22,3701.15,168.23409090909092,250.0,0.2727272727272727,1409.13,2292.02,5.864090909090908,0.45454545454545453,11,5.272335217648124,alto
4323,25,8703.7,348.148,486.05,0.4,8851.68,-147.98000000000008,4.2876,0.44,7,3.9919566614003843,alto
4324,26,1022.35,39.32115384615385,65.45,0.23076923076923078,720.51,301.84000000000003,6.725769230769231,0.5,9,3.7612732214128943,alto
4325,17,611.25,35.955882352941174,63.4,0.29411764705882354,371.67,239.57999999999998,5.446470588235294,0.47058823529411764,4,-0.7843252977644537,medio
4326,17,100.55,5.914705882352941,9.95,0.4117647058823529,79.21,21.339999999999996,6.034117647058824,0.35294117647058826,4,-2.192070640451616,baixo
4327,18,1447.4,80.41111111111111,122.8,0.2222222222222222,528.23,919.1700000000001,5.726666666666667,0.3888888888888889,4,-0.6462651567507998,medio
4328,27,5852.7,216.76666666666665,316.95,0.37037037037037035,6219.55,-366.8499999999999,4.37037037037037,0.4074074074074074,5,2.2373062706851776,alto
4329,22,885.55,40.252272727272725,68.7,0.18181818181818182,459.15000000000003,426.4,5.279545454545455,0.4090909090909091,7,1.2187397323175153,alto
4330,12,1076.8,89.73333333333333,123.6,0.3333333333333333,1455.81,-379.00999999999993,4.920833333333333,0.3333333333333333,4,-3.1282882582016334,baixo
4331,27,4704.6,174.24444444444447,246.8,0.2962962962962963,4990.8,-286.2,4.54,0.4444444444444444,6,2.7690740561786833,alto
4332,22,3443.75,156.5340909090909,243.65,0.45454545454545453,6544.73,-3100.98,3.8454545454545452,0.18181818181818182,3,-3.7114485263260804,baixo
4333,22,303.55,13.797727272727274,24.75,0.2727272727272727,225.71,77.84,4.892727272727273,0.4090909090909091,8,1.2916388485558064,alto
4334,28,2289.75,81.77678571428571,124.5,0.39285714285714285,1701.49,588.26,4.735714285714286,0.2857142857142857,6,1.357031464698586,alto
4335,22,935.65,42.529545454545456,67.9,0.5,2508.36,-1572.71,5.803181818181819,0.5,3,-0.7509474243257372,medio
4336,25,4061.65,162.466,247.7,0.32,5133.11,-1071.4600000000003,3.9512,0.32,6,0.6751275215796377,medio
4337,20,3498.45,174.92249999999999,238.05,0.2,3159.44,339.0099999999999,4.712,0.4,7,1.568237978667906,alto
4338,20,1425.2,71.26,120.85,0.3,675.06,750.14,5.3315,0.55,5,1.5749020417862505,alto
4339,21,736.75,35.083333333333336,63.45,0.3333333333333333,591.01,145.74,4.821904761904762,0.5714285714285714,5,1.426147006127372,alto
4340,23,5070.6,220.4608695652174,312.6,0.43478260869565216,5353.57,-282.9699999999999,3.535217391304348,0.30434782608695654,3,-0.4198439586410267,medio
4341,16,5920.85,370.053125,478.0,0.25,7419.07,-1498.2199999999998,4.938125,0.375,4,-0.5113154545771883,medio
4342,29,387.85,13.374137931034484,24.9,0.4827586206896552,295.03,92.82,3.5317241379310347,0.3793103448275862,4,0.8288712433465865,alto
4343,17,678.65,39.92058823529412,67.65,0.4117647058823529,744.12,-65.47000000000001,3.4641176470588237,0.17647058823529413,4,-3.6311296254144123,baixo
4344,22,780.5,35.47727272727273,61.4,0.2727272727272727,248.4,532.1,4.725454545454546,0.3181818181818182,11,2.1651877950676677,alto
4345,22,3694.8,167.94545454545457,242.5,0.45454545454545453,4470.84,-776.0399999999998,3.8513636363636365,0.45454545454545453,3,0.1172858593531293,medio
4346,11,1582.6,143.87272727272727,233.9,0.45454545454545453,4150.72,-2568.12,4.905454545454545,0.2727272727272727,3,-5.141675089597676,baixo
4347,12,1858.4,154.86666666666667,220.5,0.3333333333333333,1090.62,767.78,7.286666666666666,0.5,5,-0.09303327605995837,medio
4348,18,75.64999999999999,4.2027777777777775,10.0,0.6111111111111112,127.43,-51.78,3.112222222222222,0.3333333333333333,3,-2.6398460851904293,baixo
4349,13,2643.15,203.31923076923078,303.1,0.46153846153846156,1754.91,888.24,4.810769230769231,0.3076923076923077,2,-2.5655157881159703,baixo
4350,14,499.40000000000003,35.67142857142857,64.15,0.21428571428571427,284.96000000000004,214.44000000000003,5.934285714285714,0.35714285714285715,7,-1.1967318613498976,baixo
4351,25,2123.5,84.94,118.5,0.28,757.29,1366.21,3.7988,0.28,6,1.0673787894553226,alto
4352,25,3891.3,155.65200000000002,249.05,0.44,3387.59,503.71,5.222,0.4,3,0.8817073486518734,alto
4353,15,3048.25,203.21666666666667,316.9,0.26666666666666666,1804.51,1243.74,5.246666666666667,0.3333333333333333,6,0.06862061237566983,medio
4354,22,3629.25,164.9659090909091,241.85,0.22727272727272727,2233.47,1395.78,4.793181818181818,0.4090909090909091,10,3.9141215677246564,alto
4355,19,6415.15,337.6394736842105,491.1,0.3157894736842105,2943.12,3472.0299999999997,4.776315789473684,0.21052631578947367,3,0.6213662444540853,medio
4356,15,8221.6,548.1066666666667,829.35,0.26666666666666666,5156.01,3065.59,4.097333333333333,0.4,4,3.1467973720596505,alto
4357,22,888.35,40.37954545454546,69.45,0.45454545454545453,2192.53,-1304.18,4.822727272727272,0.4090909090909091,3,-1.461347230467399,baixo
4358,15,9923.75,661.5833333333334,965.65,0.3333333333333333,4179.62,5744.13,3.7026666666666666,0.06666666666666667,3,1.8378016604940557,alto
4359,13,3228.2,248.3230769230769,308.25,0.23076923076923078,3221.87,6.330000000000098,4.3100000000000005,0.46153846153846156,7,0.896372845549277,alto
4360,23,1794.05,78.00217391304348,116.0,0.391304347826087,1573.1100000000001,220.94000000000005,4.471739130434782,0.2608695652173913,6,-0.21341021729770004,medio
4361,14,2297.85,164.13214285714284,232.35,0.42857142857142855,1772.35,525.5,3.150714285714286,0.07142857142857142,4,-4.1020459622231105,baixo
4362,18,247.1,13.727777777777778,24.15,0.3333333333333333,339.6,-92.5,4.3405555555555555,0.5555555555555556,3,-0.5467638597364135,medio
4363,22,295.95,13.452272727272726,23.55,0.4090909090909091,325.27,-29.320000000000007,5.641363636363637,0.3181818181818182,4,-1.3673947489159932,baixo
4364,22,3646.1,165.73181818181817,245.7,0.5454545454545454,3984.3999999999996,-338.30000000000007,5.549090909090909,0.45454545454545453,3,0.33462030286468136,medio
4365,13,524.5,40.34615384615385,67.9,0.3076923076923077,295.46000000000004,229.04,5.84923076923077,0.3076923076923077,4,-3.1578697143875734,baixo
4366,32,2345.6,73.3,124.65,0.25,1054.79,1290.81,5.1946875,0.4375,8,4.848387445201116,alto
4367,17,664.55,39.09117647058823,70.0,0.35294117647058826,477.07,187.47999999999996,5.634117647058823,0.4117647058823529,6,-0.45208901184947603,medio
4368,20,3444.15,172.2075,246.8,0.3,2224.84,1219.3100000000002,6.0735,0.5,7,2.9393572768040706,alto
4369,24,1889.6,78.73333333333333,118.4,0.4166666666666667,2706.44,-816.84,4.192083333333334,0.20833333333333334,6,-1.0201767805462412,medio
4370,15,523.45,34.89666666666667,69.95,0.26666666666666666,173.29,350.16,5.691333333333334,0.5333333333333333,5,-0.16200802845264128,medio
4371,19,686.7,36.142105263157895,67.25,0.2631578947368421,271.52,415.18,5.134736842105263,0.3684210526315789,4,-1.1837459248882214,medio
4372,27,1066.1,39.48518518518518,69.9,0.3333333333333333,1398.1100000000001,-332.01,6.832962962962963,0.37037037037037035,4,0.2525355990295661,medio
4373,20,4729.4,236.46999999999997,310.25,0.2,2270.39,2459.0099999999998,3.9840000000000004,0.35,6,2.217294177153179,alto
4374,28,1148.05,41.00178571428571,68.75,0.32142857142857145,861.5799999999999,286.46999999999997,6.730357142857143,0.39285714285714285,5,1.4633495365109697,alto
4375,17,191.25,11.25,21.35,0.35294117647058826,193.69,-2.439999999999994,4.87235294117647,0.29411764705882354,3,-3.150717365827096,baixo
4376,20,1729.75,86.4875,123.9,0.2,952.2,777.5500000000001,8.3355,0.55,5,1.6943777337813386,alto
4377,18,1352.45,75.13611111111112,122.6,0.3333333333333333,1597.1,-244.65000000000006,4.805555555555555,0.3333333333333333,5,-1.3728946757172784,baixo
4378,13,69.75,5.365384615384615,8.65,0.38461538461538464,46.34,23.41,4.00076923076923,0.38461538461538464,6,-1.918105346332037,baixo
4379,23,3902.25,169.66304347826087,244.75,0.21739130434782608,1400.6599999999999,2501.59,4.681739130434783,0.34782608695652173,8,3.31242790105728,alto
4380,19,325.85,17.150000000000002,24.75,0.2631578947368421,202.28,123.57000000000001,5.151052631578947,0.42105263157894735,4,-0.9842246417657896,medio
4381,18,733.05,40.724999999999994,67.0,0.2777777777777778,529.38,203.67000000000002,6.637222222222222,0.3888888888888889,8,0.46159366597473783,medio
4382,15,485.45,32.36333333333333,66.8,0.2,807.4799999999999,-322.03,5.281333333333333,0.5333333333333333,11,2.1055567874546632,alto
4383,22,822.2,37.372727272727275,69.0,0.45454545454545453,945.24,-123.04000000000002,7.195454545454546,0.6363636363636364,3,1.2411799027133061,alto
4384,20,3864.6,193.23,315.6,0.3,1763.88,2100.72,4.8235,0.3,5,0.8276065729036342,alto
4385,17,3156.65,185.68529411764706,312.1,0.11764705882352941,2077.63,1079.02,7.658235294117647,0.47058823529411764,7,2.014364636784899,alto
4386,12,1893.05,157.75416666666666,249.15,0.4166666666666667,1771.02,122.03000000000003,5.105833333333333,0.4166666666666667,4,-1.6250204624633136,baixo
4387,19,692.1,36.42631578947368,68.6,0.5789473684210527,734.73,-42.63,2.9389473684210525,0.3684210526315789,4,-1.4250372488194403,baixo
4388,17,2529.0,148.76470588235293,223.9,0.23529411764705882,709.59,1819.41,4.937058823529412,0.29411764705882354,5,-0.3545581955278295,medio
4389,17,256.15,15.067647058823528,24.9,0.29411764705882354,162.16,93.99,4.215882352941176,0.35294117647058826,4,-2.090408927762811,baixo
4390,16,266.8,16.675,24.7,0.4375,179.06,87.74000000000001,4.4625,0.5,4,-0.9506724794187429,medio
4391,29,389.75,13.439655172413794,24.15,0.27586206896551724,186.7,203.05,5.258275862068966,0.3448275862068966,7,1.8910160638235411,alto
4392,20,1463.8,73.19,115.35,0.35,907.4399999999999,556.36,4.4755,0.3,5,-0.8199937715357365,medio
4393,25,2109.65,84.38600000000001,123.8,0.4,2274.91,-165.25999999999996,3.9904,0.32,7,1.0590413205339047,alto
4394,22,788.55,35.84318181818182,69.15,0.4090909090909091,986.9,-198.35,6.230909090909091,0.5454545454545454,3,0.35236135938718105,medio
4395,23,120.7,5.247826086956522,10.0,0.34782608695652173,62.82,57.88,3.7069565217391305,0.30434782608695654,5,-0.8407527189709826,medio
4396,12,2516.85,209.73749999999998,304.55,0.3333333333333333,2139.42,377.43,3.890833333333333,0.3333333333333333,4,-1.8995824640713352,baixo
4397,23,1819.15,79.09347826086957,124.4,0.34782608695652173,1062.34,756.8100000000001,5.673478260869565,0.391304347826087,7,1.7219255379947038,alto
4398,17,1143.7,67.2764705882353,124.35,0.35294117647058826,765.8399999999999,377.86,4.402352941176471,0.35294117647058826,3,-2.020242474065576,baixo
4399,21,4003.65,190.65,305.6,0.42857142857142855,5401.85,-1398.2,5.0876190476190475,0.38095238095238093,5,-0.07876842030160353,medio
4400,20,1677.35,83.86749999999999,124.6,0.35,1246.26,431.09,5.066000000000001,0.25,8,0.04705153191372036,medio
4401,16,757.1,47.31875,69.3,0.5625,983.49,-226.39,4.896875,0.3125,2,-3.5161042723190006,baixo
4402,19,4202.8,221.20000000000002,303.5,0.42105263157894735,6893.3,-2690.4999999999995,5.454210526315789,0.47368421052631576,5,-0.14792846720642272,medio
4403,20,669.15,33.457499999999996,68.6,0.5,1093.0,-423.84999999999997,6.119,0.4,3,-1.5731862600553088,baixo
4404,25,5011.3,200.452,314.6,0.56,6603.43,-1592.13,4.9212,0.4,2,-0.3635880332927404,medio
4405,21,14140.1,673.3380952380952,983.65,0.2857142857142857,15651.490000000002,-1511.3899999999999,4.91952380952381,0.38095238095238093,6,3.6269956067462497,alto
4406,14,1068.1,76.29285714285713,123.7,0.42857142857142855,1244.97,-176.87000000000006,4.416428571428571,0.2857142857142857,2,-3.985231037803268,baixo
4407,17,6032.05,354.8264705882353,488.3,0.4117647058823529,5183.14,848.9100000000001,4.138235294117647,0.17647058823529413,4,-0.9757041600298569,medio
4408,21,1606.85,76.51666666666667,114.6,0.5238095238095238,2940.44,-1333.59,3.9285714285714284,0.42857142857142855,2,-1.7127715075161056,baixo
4409,19,96.15,5.060526315789474,9.05,0.42105263157894735,87.95,8.200000000000003,4.641578947368421,0.3157894736842105,3,-2.5398026704192103,baixo
4410,20,1635.05,81.7525,123.2,0.6,2798.78,-1163.73,4.4405,0.25,3,-3.0167126485436704,baixo
4411,14,542.8000000000001,38.77142857142858,66.4,0.2857142857142857,522.31,20.49,5.770714285714285,0.2857142857142857,4,-3.258150997712454,baixo
4412,23,5088.45,221.23695652173913,309.75,0.21739130434782608,4502.28,586.1700000000001,7.995652173913044,0.34782608695652173,14,5.29220293139535,alto
4413,20,760.95,38.0475,68.8,0.35,529.13,231.82,3.1205,0.25,4,-2.135960106344756,baixo
4414,21,103.10000000000001,4.90952380952381,9.85,0.2857142857142857,47.99,55.11,5.116190476190476,0.2857142857142857,5,-1.4644439877969377,baixo
4415,22,7840.45,356.3840909090909,495.1,0.5454545454545454,8193.97,-353.52,3.53,0.45454545454545453,4,2.0804198199925885,alto
4416,20,88.3,4.415,8.8,0.3,106.67999999999999,-18.38,5.742,0.3,4,-2.039568850030334,baixo
4417,22,747.35,33.970454545454544,65.95,0.13636363636363635,184.86,562.49,6.672727272727273,0.45454545454545453,13,4.309077411293449,alto
4418,17,4198.6,246.97647058823532,316.05,0.29411764705882354,2194.42,2004.18,4.311176470588236,0.29411764705882354,7,1.3009840376068083,alto
4419,19,640.95,33.73421052631579,69.85,0.3157894736842105,791.79,-150.83999999999997,5.126842105263158,0.42105263157894735,6,-0.13504352542337827,medio
4420,22,1560.9,70.95,114.35,0.45454545454545453,1266.37,294.53,5.338636363636364,0.22727272727272727,4,-1.6374503739214177,baixo
4421,13,2683.65,206.4346153846154,313.55,0.3076923076923077,1585.07,1098.5800000000002,5.385384615384615,0.5384615384615384,6,1.4570643194305701,alto
4422,18,286.6,15.922222222222224,24.7,0.3333333333333333,274.26,12.34,3.3133333333333335,0.3888888888888889,4,-1.5723982761433253,baixo
4423,26,841.5,32.36538461538461,69.95,0.34615384615384615,955.42,-113.91999999999997,6.434230769230769,0.46153846153846156,4,0.935980128783747,alto
4424,25,5313.1,212.524,319.3,0.4,4221.83,1091.27,4.2392,0.4,3,1.585724315569833,alto
4425,23,354.65,15.419565217391304,24.55,0.391304347826087,317.78,36.86999999999999,4.447391304347826,0.43478260869565216,4,-0.019469705197304288,medio
4426,22,1767.2,80.32727272727273,123.8,0.2727272727272727,1204.4199999999998,562.78,5.0645454545454545,0.36363636363636365,8,1.5885344447795315,alto
4427,24,3845.6,160.23333333333332,234.8,0.25,1347.6299999999999,2497.9700000000003,5.838333333333334,0.25,6,1.6868003638911986,alto
4428,17,1440.75,84.75,124.75,0.5294117647058824,1752.61,-311.85999999999996,5.024117647058823,0.35294117647058826,7,-0.5048770391941054,medio
4429,16,1369.2,85.575,114.1,0.4375,944.15,425.05,3.5406250000000004,0.5,4,-0.29675303751619553,medio
4430,19,252.95,13.313157894736841,23.4,0.42105263157894735,223.63,29.319999999999993,3.831052631578947,0.3684210526315789,4,-1.5460489986997576,baixo
4431,21,4023.8,191.6095238095238,312.45,0.3333333333333333,6936.03,-2912.23,5.408095238095238,0.47619047619047616,6,0.4419344854282887,medio
4432,24,286.0,11.916666666666666,24.55,0.375,246.18,39.82,5.680833333333333,0.4583333333333333,4,0.3991586167096335,medio
4433,16,3018.9,188.68125,243.2,0.4375,3799.93,-781.0300000000001,7.13125,0.3125,4,-1.9561420998010652,baixo
4434,15,1077.65,71.84333333333333,116.9,0.3333333333333333,663.11,414.54,5.502666666666667,0.2,5,-2.9468934446981896,baixo
4435,22,1925.5,87.52272727272727,122.85,0.22727272727272727,1413.55,511.94999999999993,6.114545454545455,0.45454545454545453,7,2.0090041905492884,alto
4436,17,513.4,30.2,62.85,0.29411764705882354,342.28,171.12,6.458823529411765,0.4117647058823529,6,-0.5220385437390649,medio
4437,15,2786.4,185.76000000000002,303.5,0.26666666666666666,732.1600000000001,2054.24,4.718666666666667,0.4,5,0.5533615699343755,medio
4438,13,58.75,4.519230769230769,9.85,0.46153846153846156,125.06,-66.31,4.28923076923077,0.3076923076923077,3,-4.001995640276838,baixo
4439,15,5626.75,375.1166666666667,492.4,0.3333333333333333,3898.4,1728.35,2.7053333333333334,0.3333333333333333,4,0.6297123697803149,medio
4440,18,256.75,14.26388888888889,22.65,0.16666666666666666,91.47999999999999,165.26999999999998,5.836111111111111,0.2222222222222222,13,0.9238749931230505,alto
4441,17,75.45,4.438235294117647,8.8,0.5882352941176471,128.81,-53.36,3.158235294117647,0.35294117647058826,2,-3.1226585608798914,baixo
4442,21,1947.8,92.75238095238095,123.6,0.42857142857142855,1189.81,757.99,3.8595238095238096,0.2857142857142857,3,-1.3665009706955185,baixo
4443,22,290.45,13.202272727272726,21.85,0.36363636363636365,192.7,97.75,3.5736363636363637,0.3181818181818182,5,-0.8612381945442815,medio
4444,17,579.05,34.061764705882354,69.85,0.35294117647058826,305.59,273.46,3.6223529411764703,0.4117647058823529,4,-1.32178084695645,baixo
4445,18,1406.15,78.11944444444445,119.85,0.4444444444444444,935.05,471.1,2.9694444444444446,0.3888888888888889,3,-1.3404906587522165,baixo
4446,23,119.10000000000001,5.178260869565218,9.65,0.4782608695652174,119.78999999999999,-0.689999999999998,4.046086956521739,0.34782608695652173,5,-0.47144238973905733,medio
4447,21,6980.0,332.3809523809524,480.15,0.23809523809523808,3167.12,3812.88,3.9514285714285715,0.38095238095238093,9,5.4279729364385,alto
4448,20,755.95,37.7975,68.6,0.45,572.54,183.41000000000003,4.7645,0.25,5,-1.7230418165890833,baixo
4449,27,9356.25,346.52777777777777,492.25,0.2962962962962963,7077.16,2279.09,4.979629629629629,0.5555555555555556,8,7.224337424205421,alto
4450,24,972.15,40.50625,68.5,0.2916666666666667,528.91,443.24,5.09,0.3333333333333333,5,0.09822749141587084,medio
4451,21,1669.5,79.5,113.25,0.47619047619047616,2905.94,-1236.44,3.9895238095238095,0.47619047619047616,4,-0.3207817913975384,medio
4452,19,3709.8,195.2526315789474,303.0,0.2631578947368421,2114.21,1595.5900000000001,4.213684210526316,0.47368421052631576,6,2.391006073824043,alto
4453,14,385.70000000000005,27.550000000000004,68.9,0.42857142857142855,507.72,-122.02,6.692142857142857,0.35714285714285715,3,-3.192907772751534,baixo
4454,23,291.4,12.669565217391304,24.65,0.391304347826087,216.26,75.13999999999999,3.744347826086957,0.17391304347826086,5,-1.9831781642506416,baixo
4455,15,4914.8,327.65333333333336,470.75,0.4666666666666667,4263.33,651.47,3.9566666666666666,0.4,3,-0.09510828322002968,medio
4456,17,3898.65,229.33235294117648,319.85,0.5294117647058824,6370.58,-2471.93,4.8864705882352935,0.29411764705882354,2,-3.400693674494712,baixo
4457,21,8143.85,387.802380952381,491.05,0.19047619047619047,2813.79,5330.06,5.053809523809524,0.47619047619047616,7,6.613391784436833,alto
4458,15,212.5,14.166666666666666,25.0,0.2,49.53,162.97,5.396,0.3333333333333333,8,-0.9273876343802078,medio
4459,22,264.0,12.0,24.05,0.45454545454545453,390.37,-126.36999999999999,6.524090909090909,0.7272727272727273,3,1.902867698219436,alto
4460,21,3007.5,143.21428571428572,212.95,0.2857142857142857,2094.43,913.07,4.855238095238095,0.42857142857142855,6,1.7019245156069633,alto
4461,11,57.8,5.254545454545454,9.2,0.2727272727272727,20.8,37.0,7.113636363636363,0.5454545454545454,3,-2.19772017310109,baixo
4462,17,5878.8,345.81176470588235,454.1,0.058823529411764705,499.18,5379.62,4.522941176470589,0.29411764705882354,12,5.9772170513229,alto
4463,19,286.5,15.078947368421053,23.85,0.21052631578947367,95.15,191.35,3.8552631578947367,0.5263157894736842,7,1.3292314847036797,alto
4464,14,2613.05,186.64642857142857,244.55,0.21428571428571427,2140.52,472.52999999999986,5.102857142857142,0.35714285714285715,5,-0.9001631275470874,medio
4465,13,5277.2,405.9384615384615,499.85,0.23076923076923078,6774.58,-1497.3799999999997,4.945384615384616,0.5384615384615384,6,1.4522538128024993,alto
4466,30,2461.35,82.045,123.8,0.36666666666666664,2339.7,121.64999999999986,4.647333333333334,0.5,7,3.9752993606138887,alto
4467,17,2852.95,167.8205882352941,248.3,0.29411764705882354,1712.3700000000001,1140.58,5.881764705882354,0.5294117647058824,4,1.14531202610058,alto
4468,18,6070.75,337.2638888888889,466.1,0.2777777777777778,3038.27,3032.48,3.2716666666666665,0.2777777777777778,5,1.662041883493409,alto
4469,26,843.45,32.440384615384616,67.95,0.46153846153846156,779.0,64.44999999999999,5.178461538461538,0.34615384615384615,6,0.8480428580183562,alto
4470,21,7032.75,334.89285714285717,477.85,0.42857142857142855,8314.31,-1281.5600000000002,3.317142857142857,0.19047619047619047,4,-1.2197427569333308,baixo
4471,24,1967.55,81.98125,117.5,0.3333333333333333,1071.22,896.33,4.230416666666667,0.4583333333333333,6,2.217694582092498,alto
4472,11,437.3,39.75454545454546,60.6,0.45454545454545453,335.27,102.03,4.235454545454545,0.2727272727272727,3,-4.440272939773151,baixo
4473,25,8218.0,328.72,489.8,0.36,8492.19,-274.1899999999998,6.794,0.36,7,3.0533714329677584,alto
4474,20,575.25,28.7625,68.5,0.4,530.04,45.209999999999994,6.343999999999999,0.2,5,-2.3197660471661683,baixo
4475,30,4670.05,155.66833333333335,249.6,0.4666666666666667,8640.16,-3970.11,3.808333333333333,0.3,5,-0.41645890195546725,medio
4476,14,1064.8,76.05714285714285,112.85,0.21428571428571427,291.81,772.99,4.175,0.35714285714285715,6,-1.0620758026489046,medio
4477,29,4410.6,152.0896551724138,246.1,0.41379310344827586,4934.83,-524.2300000000001,4.5713793103448275,0.3103448275862069,8,2.582235400089929,alto
4478,17,5510.85,324.16764705882355,495.4,0.29411764705882354,1665.45,3845.4,6.07,0.47058823529411764,4,3.117237655397183,alto
4479,22,3447.15,156.68863636363636,222.75,0.2727272727272727,1034.67,2412.48,5.732727272727273,0.3181818181818182,5,1.357221735999633,alto
4480,27,5134.1,190.15185185185186,300.9,0.48148148148148145,2928.23,2205.87,2.4429629629629632,0.4074074074074074,6,3.861272820248028,alto
4481,24,771.3,32.137499999999996,67.35,0.375,650.48,120.82,6.97625,0.3333333333333333,8,1.1903451378141732,alto
4482,17,670.5,39.44117647058823,70.0,0.47058823529411764,892.6,-222.09999999999997,4.62235294117647,0.4117647058823529,4,-1.5480259223362087,baixo
4483,18,816.6,45.36666666666667,65.25,0.3333333333333333,410.75,405.85,4.552777777777778,0.3333333333333333,4,-1.6727257592099372,baixo
4484,16,2591.75,161.984375,238.1,0.5,2682.52,-90.76999999999998,2.80375,0.3125,4,-1.77331600935363,baixo
4485,25,2086.2,83.448,123.45,0.24,1835.51,250.69,6.4836,0.56,5,2.605883562725759,alto
4486,18,3252.0499999999997,180.66944444444442,290.45,0.2777777777777778,1607.6599999999999,1644.3899999999999,5.497222222222223,0.4444444444444444,8,2.7035345622111486,alto
4487,24,121.85,5.077083333333333,10.0,0.5833333333333334,188.25,-66.4,3.8845833333333335,0.4166666666666667,3,-0.5289694580477887,medio
4488,10,162.35,16.235,24.45,0.3,53.37,108.98,4.0969999999999995,0.2,4,-5.052906474309713,baixo
4489,18,107.9,5.9944444444444445,9.6,0.16666666666666666,43.64,64.26,3.481111111111111,0.16666666666666666,14,0.7413205771979949,medio
4490,12,4272.3,356.02500000000003,483.15,0.6666666666666666,4775.47,-503.17000000000013,2.466666666666667,0.3333333333333333,1,-2.6806946396569695,baixo
4491,21,3374.85,160.70714285714286,244.55,0.19047619047619047,1674.3,1700.55,5.332857142857143,0.38095238095238093,6,1.8017660917364944,alto
4492,18,3563.65,197.98055555555555,307.8,0.3333333333333333,2445.69,1117.96,3.2155555555555555,0.4444444444444444,4,0.781642199427427,alto
4493,27,2054.15,76.07962962962964,120.35,0.25925925925925924,917.44,1136.71,3.694814814814815,0.37037037037037035,9,3.486849387754096,alto
4494,16,76.85,4.803125,10.0,0.3125,141.98000000000002,-65.13000000000001,6.241875,0.6875,3,0.17487069293427293,medio
4495,13,1067.0,82.07692307692308,118.75,0.38461538461538464,2336.3900000000003,-1269.39,5.665384615384616,0.5384615384615384,3,-1.9789818128091134,baixo
4496,24,2059.6,85.81666666666666,124.6,0.08333333333333333,591.29,1468.31,5.330416666666667,0.4583333333333333,18,7.832381046263702,alto
4497,18,2534.9,140.82777777777778,237.95,0.4444444444444444,3723.5600000000004,-1188.66,4.89,0.16666666666666666,2,-4.279795009386348,baixo
4498,14,2506.5499999999997,179.03928571428568,280.75,0.35714285714285715,1180.89,1325.66,6.058571428571428,0.5,3,-0.06272774627747935,medio
4499,16,1213.55,75.846875,116.45,0.4375,895.56,317.98999999999995,3.9562500000000003,0.3125,4,-2.1495840749242143,baixo
4500,25,3746.8,149.872,239.85,0.48,3556.12,190.67999999999995,4.5092,0.44,4,1.484761697768355,alto
4501,17,2460.4,144.7294117647059,245.6,0.35294117647058826,2142.66,317.73999999999995,5.937058823529412,0.17647058823529413,5,-2.2650609391477206,baixo
4502,12,146.65,12.220833333333333,22.9,0.25,206.38000000000002,-59.73000000000001,6.988333333333333,0.25,4,-4.261087286971778,baixo
4503,14,1046.1,74.72142857142856,124.75,0.42857142857142855,907.5600000000001,138.53999999999996,5.04,0.42857142857142855,6,-0.7497449509648583,medio
4504,32,1155.75,36.1171875,68.0,0.3125,1301.29,-145.54,5.0203125,0.40625,5,2.2197903923679725,alto
4505,18,2988.7,166.0388888888889,230.15,0.3888888888888889,2495.63,493.07000000000005,3.7249999999999996,0.2222222222222222,4,-1.8195429644482168,baixo
4506,22,1887.15,85.77954545454546,120.75,0.2727272727272727,973.72,913.43,5.737727272727273,0.4090909090909091,5,0.9104558035852914,alto
4507,22,817.55,37.16136363636363,67.85,0.4090909090909091,1168.17,-350.61999999999995,4.820454545454545,0.5454545454545454,5,1.161262142484161,alto
4508,19,1499.8,78.93684210526315,118.85,0.3684210526315789,955.26,544.54,3.9021052631578947,0.47368421052631576,4,0.1504508796818943,medio
4509,20,840.2,42.010000000000005,68.65,0.3,525.72,314.48,4.504,0.35,6,-0.2619224917242172,medio
4510,17,253.9,14.935294117647059,23.9,0.5294117647058824,442.93999999999994,-189.04,3.77,0.17647058823529413,3,-4.309288390305087,baixo
4511,15,5102.05,340.13666666666666,488.15,0.13333333333333333,1166.13,3935.92,4.6979999999999995,0.3333333333333333,9,3.76347979342433,alto
4512,23,4896.1,212.87391304347827,316.75,0.4782608695652174,3771.92,1124.1799999999998,3.763478260869565,0.391304347826087,2,0.6370065512923238,medio
4513,27,886.35,32.827777777777776,63.2,0.37037037037037035,893.6,-7.250000000000028,5.96962962962963,0.4074074074074074,5,1.1611023679822536,alto
4514,14,4715.35,336.8107142857143,476.75,0.5714285714285714,9620.93,-4905.58,4.631428571428572,0.2857142857142857,3,-4.262514828868715,baixo
4515,17,3066.75,180.39705882352942,248.25,0.4117647058823529,2795.24,271.5100000000001,5.316470588235294,0.5882352941176471,4,1.3126012804277662,alto
4516,23,4975.7,216.33478260869563,316.5,0.21739130434782608,2599.12,2376.58,5.315652173913044,0.391304347826087,8,3.968466843407988,alto
4517,18,2997.85,166.54722222222222,226.6,0.2777777777777778,2347.94,649.9100000000001,5.287777777777778,0.16666666666666666,5,-1.8046175866262488,baixo
4518,26,17940.4,690.0153846153846,997.0,0.5,22280.64,-4340.240000000001,3.858076923076923,0.2692307692307692,4,1.4481094214953008,alto
4519,20,277.4,13.87,24.95,0.35,109.7,167.7,4.523,0.35,8,0.34693929320776973,medio
4520,17,11899.7,699.9823529411765,980.65,0.17647058823529413,3541.7799999999997,8357.92,6.744117647058823,0.47058823529411764,8,9.865562012505281,alto
4521,13,2303.05,177.15769230769232,246.8,0.38461538461538464,1442.0700000000002,860.98,7.428461538461539,0.38461538461538464,3,-1.6105788688565537,baixo
4522,20,2831.2,141.56,244.65,0.25,5872.0,-3040.8,9.9225,0.65,6,1.4074476657062467,alto
4523,28,2018.2,72.07857142857144,124.6,0.2857142857142857,1240.18,778.02,4.024285714285715,0.4642857142857143,11,5.239446287728885,alto
4524,23,116.3,5.056521739130434,9.7,0.391304347826087,175.09,-58.790000000000006,4.52,0.43478260869565216,4,-0.1416945424593039,medio
4525,24,3935.2,163.96666666666667,249.95,0.5416666666666666,8922.82,-4987.62,4.69625,0.3333333333333333,4,-2.3771318402116637,baixo
4526,15,226.8,15.120000000000001,24.85,0.3333333333333333,123.89,102.91,3.7279999999999998,0.3333333333333333,6,-1.833456390458121,baixo
4527,19,2915.35,153.43947368421053,239.85,0.631578947368421,4249.2,-1333.85,3.5626315789473684,0.21052631578947367,2,-3.6415876382776977,baixo
4528,18,1348.8,74.93333333333334,123.15,0.4444444444444444,2194.06,-845.26,4.983888888888888,0.3888888888888889,4,-1.6215044067849222,baixo
4529,18,82.65,4.591666666666667,8.9,0.2777777777777778,75.2,7.45,4.804444444444445,0.3333333333333333,4,-2.165333433165308,baixo
4530,20,4621.55,231.07750000000001,319.3,0.25,2914.2200000000003,1707.33,3.867,0.4,6,2.241795895200631,alto
4531,18,3101.65,172.3138888888889,246.25,0.2222222222222222,3178.8900000000003,-77.24000000000007,7.554444444444444,0.5,7,1.8031205984653682,alto
4532,25,1059.35,42.373999999999995,69.95,0.32,445.62,613.73,4.1616,0.28,5,-0.06606501593917502,medio
4533,18,6245.0,346.94444444444446,499.1,0.3888888888888889,5683.9,561.0999999999999,6.216111111111111,0.5,6,2.905069169568997,alto
4534,19,825.85,43.46578947368421,69.2,0.3157894736842105,512.74,313.11,4.722631578947369,0.47368421052631576,6,0.6638270999057005,medio
4535,20,1635.05,81.7525,119.05,0.3,2832.66,-1197.61,7.0760000000000005,0.3,4,-2.133305456870543,baixo
4536,22,1777.4,80.7909090909091,120.55,0.22727272727272727,1106.97,670.43,7.793636363636364,0.3181818181818182,7,0.7894312446690481,alto
4537,18,240.7,13.372222222222222,24.4,0.3333333333333333,90.77,149.93,3.308888888888889,0.16666666666666666,7,-2.244867579672023,baixo
4538,29,158.45000000000002,5.4637931034482765,9.6,0.41379310344827586,97.15,61.300000000000004,3.288965517241379,0.3448275862068966,4,0.43966135895492287,medio
4539,23,1906.3500000000001,82.88478260869566,117.0,0.34782608695652173,1335.71,570.64,7.857826086956522,0.391304347826087,4,0.3280404733423676,medio
4540,26,400.15000000000003,15.390384615384617,24.8,0.4230769230769231,509.47,-109.32,4.468846153846154,0.5,5,1.6164862262982402,alto
4541,26,9220.85,354.6480769230769,495.2,0.3076923076923077,9428.47,-207.6199999999999,3.67,0.34615384615384615,6,2.9233754043465785,alto
4542,19,710.5,37.39473684210526,64.1,0.2631578947368421,275.85,434.65,4.818947368421052,0.3684210526315789,7,0.1563168357710238,medio
4543,16,776.0,48.5,67.5,0.4375,856.31,-80.31,4.149375,0.3125,3,-2.989986298101215,baixo
4544,20,705.35,35.2675,67.35,0.35,1074.71,-369.36,4.0155,0.3,5,-1.5731311385276567,baixo
4545,17,2635.95,155.05588235294115,240.0,0.5294117647058824,3567.89,-931.9399999999999,3.685882352941176,0.47058823529411764,4,-0.5862370975819831,medio
4546,20,729.45,36.472500000000004,67.0,0.45,508.8,220.65,4.5845,0.45,3,-0.7489238575797101,medio
4547,13,195.45,15.034615384615384,24.5,0.23076923076923078,270.41999999999996,-74.97000000000001,6.476153846153846,0.23076923076923078,5,-3.762726720765392,baixo
4548,15,3333.95,222.26333333333332,319.5,0.2,4463.4,-1129.45,5.421333333333333,0.4666666666666667,7,0.608710769179697,medio
4549,19,7353.45,387.0236842105263,496.8,0.42105263157894735,7203.61,149.83999999999995,4.474736842105263,0.5263157894736842,4,2.5486504629860396,alto
4550,22,673.6,30.61818181818182,67.85,0.3181818181818182,610.65,62.94999999999999,4.651363636363636,0.2727272727272727,6,-0.7385098004996046,medio
4551,20,3249.15,162.4575,241.9,0.15,1332.24,1916.91,5.2105,0.55,10,5.024974844270415,alto
4552,24,3545.85,147.74375,243.45,0.375,2970.7700000000004,575.08,5.977083333333333,0.2916666666666667,4,0.08253753910519646,medio
4553,18,5614.2,311.9,487.25,0.2777777777777778,3241.4399999999996,2372.7599999999998,5.843333333333333,0.5,5,3.185857574329155,alto
4554,22,3490.3,158.65,246.2,0.22727272727272727,2738.9700000000003,751.33,5.193181818181818,0.36363636363636365,8,2.22833194997343,alto
4555,29,1247.9,43.03103448275862,69.4,0.5172413793103449,1978.83,-730.9300000000001,4.883448275862069,0.3448275862068966,5,0.7179106036205656,medio
4556,19,4081.0,214.78947368421052,301.05,0.21052631578947367,2063.35,2017.65,4.091578947368421,0.3684210526315789,7,2.219600872784801,alto
4557,12,4520.05,376.67083333333335,483.15,0.5,4274.25,245.79999999999998,5.7250000000000005,0.25,3,-2.0281855494934353,baixo
4558,26,102.1,3.9269230769230767,9.4,0.38461538461538464,90.33,11.770000000000001,4.1838461538461535,0.4230769230769231,7,1.7732694165863245,alto
4559,14,81.4,5.814285714285715,9.8,0.42857142857142855,55.760000000000005,25.640000000000004,3.9878571428571425,0.21428571428571427,4,-4.141114671927439,baixo
4560,24,3627.3,151.13750000000002,247.4,0.4583333333333333,5078.68,-1451.3799999999999,3.5775,0.3333333333333333,5,-0.14623755975530026,medio
4561,23,751.6,32.67826086956522,61.25,0.43478260869565216,898.96,-147.36000000000007,4.182173913043478,0.30434782608695654,4,-1.2011803743384875,baixo
4562,16,5556.45,347.278125,465.7,0.375,6053.35,-496.90000000000015,4.2325,0.25,3,-1.7291708256045282,baixo
4563,20,3497.35,174.8675,272.95,0.45,7872.29,-4374.9400000000005,5.322,0.65,4,0.04732680858296634,medio
4564,12,410.15,34.17916666666667,65.7,0.5,473.69,-63.54000000000001,3.7808333333333337,0.5,2,-2.6873207214454844,baixo
4565,24,4195.4,174.8083333333333,248.45,0.4583333333333333,3587.3199999999997,608.0799999999999,4.095833333333333,0.4583333333333333,4,1.8233572878954045,alto
4566,19,2849.75,149.98684210526315,231.9,0.15789473684210525,833.43,2016.32,4.393684210526316,0.42105263157894735,9,3.1384648035756086,alto
4567,22,836.95,38.04318181818182,69.2,0.5,824.13,12.820000000000007,5.805000000000001,0.5909090909090909,3,0.898853013783703,alto
4568,17,11341.4,667.1411764705882,992.75,0.47058823529411764,14657.53,-3316.1300000000006,4.0329411764705885,0.29411764705882354,4,0.04782169966360916,medio
4569,21,823.0,39.19047619047619,67.0,0.47619047619047616,643.76,179.24,3.369047619047619,0.3333333333333333,3,-1.6039399129143155,baixo
4570,13,644.6,49.58461538461539,67.4,0.23076923076923078,342.36,302.24,5.750769230769231,0.23076923076923078,8,-2.003178399699264,baixo
4571,13,1041.4,80.10769230769232,117.3,0.46153846153846156,1340.5,-299.1,4.665384615384616,0.3076923076923077,3,-3.6049079438002787,baixo
4572,15,686.65,45.776666666666664,69.15,0.3333333333333333,341.7,344.95,3.296,0.13333333333333333,6,-3.3378244057241413,baixo
4573,23,2062.1,89.65652173913043,122.4,0.34782608695652173,1410.26,651.84,4.928695652173913,0.43478260869565216,6,1.6994742698734908,alto
4574,28,2196.1,78.43214285714285,124.55,0.32142857142857145,2033.1,163.0,4.847499999999999,0.32142857142857145,8,2.318077322434762,alto
4575,22,3869.7,175.89545454545453,249.8,0.4090909090909091,4316.41,-446.71000000000004,4.55,0.2727272727272727,4,-0.889126998498958,medio
4576,26,942.1,36.23461538461539,67.45,0.3076923076923077,863.79,78.30999999999999,5.603076923076923,0.23076923076923078,7,0.2579576573564095,medio
4577,21,667.65,31.79285714285714,61.85,0.38095238095238093,1025.02,-357.37,4.277619047619048,0.23809523809523808,4,-2.3778460094654634,baixo
4578,21,1546.95,73.66428571428571,116.0,0.14285714285714285,330.53999999999996,1216.41,8.741428571428571,0.5714285714285714,11,4.903012629887879,alto
4579,17,6477.1,381.00588235294117,484.95,0.47058823529411764,5503.51,973.5899999999999,4.224705882352941,0.47058823529411764,3,1.5425830315468214,alto
4580,18,3198.1,177.67222222222222,248.25,0.3333333333333333,2166.57,1031.53,5.240555555555556,0.3888888888888889,8,1.8449786502768317,alto
4581,18,1393.2,77.4,116.95,0.3888888888888889,986.24,406.96000000000004,6.947777777777778,0.3888888888888889,3,-1.3795270460576392,baixo
4582,22,16171.1,735.0500000000001,996.2,0.4090909090909091,18422.78,-2251.6799999999994,4.586363636363637,0.22727272727272727,6,2.465794205467703,alto
4583,22,118.65,5.3931818181818185,9.75,0.36363636363636365,53.29,65.36,4.960909090909091,0.3181818181818182,3,-1.8129748477281804,baixo
4584,15,607.35,40.49,60.7,0.3333333333333333,480.59,126.76000000000002,3.9086666666666665,0.2,5,-3.315813283243937,baixo
4585,20,13748.6,687.4300000000001,994.95,0.45,8504.3,5244.3,3.7605000000000004,0.2,3,4.099931820576105,alto
4586,20,3945.55,197.2775,296.7,0.45,6649.09,-2703.54,5.3149999999999995,0.6,3,0.18838420231597564,medio
4587,18,1521.45,84.525,120.2,0.5,1727.1,-205.64999999999998,6.988333333333333,0.3888888888888889,7,0.1055119010819302,medio
4588,18,2841.75,157.875,239.85,0.5555555555555556,5379.54,-2537.79,5.043888888888889,0.4444444444444444,4,-1.4370898643226335,baixo
4589,23,8210.0,356.95652173913044,493.5,0.17391304347826086,2507.46,5702.54,5.131739130434783,0.4782608695652174,12,9.267759734245285,alto
4590,14,505.6,36.114285714285714,68.9,0.21428571428571427,326.38,179.22,4.552857142857143,0.42857142857142855,8,-0.11339429171697613,medio
4591,18,656.4,36.46666666666667,67.25,0.5555555555555556,698.04,-41.63999999999999,3.966666666666667,0.2777777777777778,3,-2.9244456577372424,baixo
4592,27,1081.4,40.05185185185186,66.55,0.37037037037037035,550.89,530.51,4.20962962962963,0.5185185185185185,6,2.9615127472743996,alto
4593,20,756.6,37.83,70.0,0.35,832.14,-75.53999999999999,4.494,0.2,5,-2.3214527395377362,baixo
4594,26,1963.6,75.52307692307691,119.95,0.4230769230769231,1814.25,149.35000000000005,4.37423076923077,0.2692307692307692,6,0.48067498371267603,medio
4595,18,87.60000000000001,4.866666666666667,9.65,0.2222222222222222,33.09,54.510000000000005,4.442777777777778,0.4444444444444444,10,1.5282879958670663,alto
4596,20,857.25,42.8625,66.7,0.6,597.96,259.29,3.2455,0.6,2,0.25840775811405736,medio
4597,20,1744.4,87.22,122.85,0.4,2305.73,-561.33,5.3445,0.35,3,-1.7368763025500062,baixo
4598,17,808.55,47.561764705882354,67.9,0.35294117647058826,584.3299999999999,224.22000000000003,4.676470588235294,0.11764705882352941,4,-3.9669702912260547,baixo
4599,24,4746.4,197.76666666666665,312.25,0.2916666666666667,1547.18,3199.22,4.077083333333333,0.375,5,3.0302413217780173,alto
4600,22,3486.95,158.49772727272727,244.1,0.45454545454545453,5109.15,-1622.2000000000003,3.4654545454545453,0.45454545454545453,5,0.4833270402376496,medio
4601,20,803.4,40.17,69.0,0.15,571.19,232.21000000000004,6.07,0.3,9,0.5417291572318192,medio
4602,25,4030.05,161.202,247.15,0.56,6028.09,-1998.04,3.7088,0.28,7,0.24562229202813335,medio
4603,25,1954.3,78.172,120.2,0.24,1049.09,905.21,6.082000000000001,0.36,7,1.953841864864816,alto
4604,21,285.7,13.604761904761904,24.95,0.42857142857142855,228.04,57.66,2.264761904761905,0.2857142857142857,5,-1.4031821038702226,baixo
4605,20,4509.9,225.49499999999998,307.6,0.25,7576.71,-3066.8100000000004,6.0729999999999995,0.55,5,0.6094539405480282,medio
4606,14,624.65,44.61785714285714,66.7,0.21428571428571427,337.8,286.85,4.562857142857143,0.5714285714285714,7,0.8792919489000179,alto
4607,18,2839.3,157.7388888888889,242.65,0.3888888888888889,3157.5299999999997,-318.23000000000013,4.295555555555556,0.2777777777777778,5,-1.355161032982001,baixo
4608,13,2864.2,220.3230769230769,314.25,0.5384615384615384,2369.24,494.9600000000001,2.793846153846154,0.23076923076923078,3,-2.9262674628417793,baixo
4609,20,7651.85,382.59250000000003,490.7,0.3,2598.6,5053.25,4.7075000000000005,0.15,5,2.3178814892068598,alto
4610,19,1447.7,76.19473684210527,113.75,0.5263157894736842,1738.9,-291.20000000000005,3.258947368421053,0.2631578947368421,3,-2.694107014465688,baixo
4611,14,2774.65,198.18928571428572,311.75,0.2857142857142857,1734.0,1040.65,6.027142857142857,0.21428571428571427,4,-2.2764138114230255,baixo
4612,23,3928.75,170.81521739130434,234.45,0.34782608695652173,2915.86,1012.89,4.699565217391305,0.391304347826087,5,1.6091931657552592,alto
4613,16,1196.2,74.7625,122.7,0.5,1620.27,-424.06999999999994,4.089375,0.4375,4,-1.3987201982478354,baixo
4614,15,90.7,6.046666666666667,9.15,0.4666666666666667,100.73,-10.03,3.7873333333333337,0.06666666666666667,2,-6.176340311865506,baixo
4615,28,1017.25,36.330357142857146,69.85,0.2857142857142857,881.31,135.94000000000003,3.642857142857143,0.39285714285714285,7,2.231908630650398,alto
4616,19,7311.55,384.8184210526316,495.85,0.3684210526315789,11189.12,-3877.5699999999997,4.045789473684211,0.42105263157894735,4,-0.577061313728733,medio
4617,19,2972.1,156.42631578947368,233.5,0.47368421052631576,4451.02,-1478.92,5.180526315789474,0.3157894736842105,5,-1.4063786494864645,baixo
4618,26,940.5,36.17307692307692,68.85,0.46153846153846156,1205.83,-265.33,4.033076923076923,0.3076923076923077,5,-0.09647663039693022,medio
4619,16,5132.45,320.778125,460.2,0.5625,4512.64,619.81,4.285,0.375,3,-0.1657859288435629,medio
4620,21,3507.4,167.01904761904763,225.35,0.47619047619047616,3384.9300000000003,122.46999999999996,5.412857142857143,0.3333333333333333,3,-0.7534119301464494,medio
4621,16,2345.3,146.58125,233.15,0.375,3491.17,-1145.8700000000001,4.814375,0.3125,5,-1.9996844952180772,baixo
4622,23,96.2,4.182608695652174,9.5,0.43478260869565216,58.44,37.76,3.363913043478261,0.43478260869565216,7,1.2246722351515216,alto
4623,20,705.95,35.2975,65.35,0.55,546.81,159.14,4.025,0.4,3,-1.2507476794461834,baixo
4624,25,5004.75,200.19,313.85,0.48,5235.62,-230.87000000000006,4.1052,0.24,4,-0.2367340533279345,medio
4625,17,2891.95,170.11470588235292,249.15,0.35294117647058826,4316.0599999999995,-1424.1100000000001,4.163529411764706,0.6470588235294118,5,1.3235911258487012,alto
4626,22,1742.7,79.21363636363637,123.2,0.5454545454545454,2624.6,-881.9,4.007727272727273,0.2727272727272727,2,-2.66718480219188,baixo
4627,21,1561.35,74.35,116.3,0.38095238095238093,2233.11,-671.76,5.285714285714286,0.38095238095238093,5,-0.49405121678752856,medio
4628,13,2168.1,166.77692307692308,238.05,0.38461538461538464,2493.98,-325.88,6.268461538461539,0.23076923076923078,3,-3.7313198711034063,baixo
4629,19,256.65,13.507894736842104,23.45,0.2631578947368421,280.39,-23.740000000000002,5.286842105263158,0.3684210526315789,5,-1.1325373331462427,medio
4630,24,833.65,34.735416666666666,63.3,0.20833333333333334,457.05,376.6,5.37375,0.25,6,-0.3049873038376547,medio
4631,15,1051.05,70.07,121.75,0.3333333333333333,400.52,650.53,5.65,0.26666666666666666,5,-2.2189935442949418,baixo
4632,27,2096.75,77.6574074074074,122.2,0.25925925925925924,724.41,1372.34,4.14962962962963,0.4074074074074074,7,3.0837083196042627,alto
4633,22,721.05,32.775,63.5,0.22727272727272727,237.73999999999998,483.31,5.833636363636364,0.45454545454545453,8,2.056957674413625,alto
4634,21,693.25,33.01190476190476,65.1,0.2857142857142857,736.9399999999999,-43.69,5.974285714285714,0.3333333333333333,7,-0.0035079374566408805,medio
4635,12,2628.5,219.04166666666666,308.7,0.6666666666666666,7834.85,-5206.35,6.178333333333334,0.5,4,-3.2655043999860016,baixo
4636,27,5665.75,209.84259259259258,315.95,0.25925925925925924,3524.71,2141.04,5.280740740740741,0.48148148148148145,8,5.52624494634788,alto
4637,19,1508.75,79.40789473684211,118.9,0.3157894736842105,710.02,798.73,4.564210526315789,0.21052631578947367,4,-2.137803382652516,baixo
4638,24,3556.2,148.17499999999998,231.6,0.5,5495.28,-1939.08,4.0625,0.20833333333333334,4,-2.018757145942434,baixo
4639,29,354.65,12.229310344827585,24.7,0.3103448275862069,191.94,162.70999999999998,3.5548275862068968,0.27586206896551724,6,0.7849549240090316,alto
4640,20,292.25,14.6125,23.75,0.4,284.82,7.429999999999997,5.0920000000000005,0.4,2,-1.9142307054737182,baixo
4641,17,465.75,27.397058823529413,65.6,0.17647058823529413,202.68,263.07,5.027058823529411,0.17647058823529413,6,-2.6621230486705865,baixo
4642,16,5023.35,313.959375,468.35,0.25,3228.37,1794.9800000000002,4.595625,0.3125,10,2.9178714750533548,alto
4643,26,924.5,35.55769230769231,68.9,0.19230769230769232,312.05,612.45,5.065384615384615,0.34615384615384615,7,1.601052800453321,alto
4644,15,222.6,14.84,24.8,0.26666666666666666,421.05,-198.45000000000002,4.601333333333333,0.2,7,-2.784602012220434,baixo
4645,23,128.75,5.5978260869565215,9.1,0.30434782608695654,179.21,-50.459999999999994,5.702173913043478,0.34782608695652173,4,-0.9353586834867855,medio
4646,25,3554.8,142.192,244.85,0.44,4333.15,-778.35,4.636,0.36,5,0.6196605355971676,medio
4647,21,1650.65,78.60238095238095,121.15,0.38095238095238093,1536.22,114.42999999999998,4.142857142857143,0.2857142857142857,5,-0.9252087078815687,medio
4648,20,93.05,4.6525,8.85,0.2,72.52000000000001,20.53,3.9715000000000003,0.35,9,0.6456003944718485,medio
4649,17,1322.8,77.81176470588235,124.5,0.5294117647058824,2298.17,-975.3699999999999,3.8752941176470586,0.47058823529411764,3,-1.5818588908764175,baixo
4650,25,2065.35,82.61399999999999,123.2,0.44,2635.36,-570.01,4.4868,0.4,4,0.24836240249108,medio
4651,18,108.5,6.027777777777778,9.65,0.2777777777777778,68.97,39.53,5.009444444444444,0.3888888888888889,4,-1.6261204148935868,baixo
4652,12,2177.2,181.4333333333333,229.0,0.5833333333333334,3006.2400000000002,-829.0400000000001,3.546666666666667,0.5,1,-2.5198914960771472,baixo
4653,13,1777.8999999999999,136.76153846153846,227.6,0.3076923076923077,2318.59,-540.6899999999999,6.5307692307692315,0.38461538461538464,4,-2.1932840899325097,baixo
4654,20,7055.0,352.75,498.9,0.2,2351.56,4703.4400000000005,4.2135,0.25,7,3.7292296552474173,alto
4655,22,890.65,40.48409090909091,66.85,0.09090909090909091,70.75,819.9,7.125909090909091,0.3181818181818182,19,5.875500596175251,alto
4656,19,295.3,15.542105263157895,24.9,0.3157894736842105,546.51,-251.21,5.001052631578947,0.5263157894736842,5,0.21655083750209525,medio
4657,24,1834.55,76.43958333333333,122.55,0.2916666666666667,857.4399999999999,977.11,4.778333333333333,0.4583333333333333,9,3.5435231408259957,alto
4658,22,3693.65,167.89318181818183,246.4,0.36363636363636365,3870.37,-176.71999999999994,4.0600000000000005,0.5,4,1.2948594919628231,alto
4659,19,274.25,14.43421052631579,24.55,0.42105263157894735,227.92,46.33,3.1100000000000003,0.21052631578947367,4,-2.985222852130132,baixo
4660,19,3455.4,181.86315789473684,278.65,0.3157894736842105,1720.56,1734.8400000000001,3.6489473684210525,0.21052631578947367,7,0.38654902617211273,medio
4661,19,684.7,36.03684210526316,68.8,0.2631578947368421,436.28999999999996,248.41,4.661578947368421,0.42105263157894735,5,-0.34740717087122563,medio
4662,19,4610.7,242.66842105263157,318.0,0.3157894736842105,2017.45,2593.25,4.48,0.5789473684210527,7,4.658758937424015,alto
4663,17,63.85,3.7558823529411764,8.05,0.35294117647058826,22.28,41.57,4.169411764705882,0.35294117647058826,9,0.0056172933646065105,medio
4664,18,654.35,36.35277777777778,67.65,0.3333333333333333,226.32,428.03,4.376111111111111,0.3333333333333333,4,-1.7230431716416588,baixo
4665,18,6857.9,380.9944444444444,499.25,0.2222222222222222,8356.84,-1498.94,5.961666666666667,0.4444444444444444,7,1.9731834010839624,alto
4666,20,1826.85,91.3425,123.8,0.45,1727.2800000000002,99.57,4.3375,0.35,4,-0.9169534922309295,medio
4667,24,15596.550000000001,649.85625,966.35,0.375,18304.03,-2707.4799999999987,5.968333333333334,0.4166666666666667,5,3.3907541665651273,alto
4668,27,425.6,15.762962962962964,24.75,0.3333333333333333,433.56,-7.960000000000007,3.312962962962963,0.25925925925925924,6,0.11745444895488899,medio
4669,25,5105.1,204.204,316.85,0.32,3720.86,1384.24,4.1644,0.36,5,2.195955172169545,alto
4670,22,1874.75,85.2159090909091,124.25,0.5,2019.75,-144.99999999999994,2.7713636363636365,0.09090909090909091,3,-3.4704615088823054,baixo
4671,27,5388.65,199.5796296296296,319.75,0.6296296296296297,7596.58,-2207.93,3.4511111111111115,0.2222222222222222,2,-1.8879982837435207,baixo
4672,20,120.45,6.0225,10.0,0.3,100.77,19.68,3.854,0.3,5,-1.567908730167337,baixo
4673,15,2547.05,169.80333333333334,247.8,0.3333333333333333,2081.34,465.71000000000004,4.624,0.2,5,-2.2447968567178953,baixo
4674,25,1111.8,44.472,67.4,0.44,1089.77,22.030000000000044,3.6815999999999995,0.32,5,0.0028368477975286854,medio
4675,17,202.35,11.902941176470588,21.3,0.47058823529411764,259.71999999999997,-57.370000000000005,3.778823529411765,0.6470588235294118,6,1.4001265696806193,alto
4676,24,882.35,36.764583333333334,69.55,0.4583333333333333,823.85,58.499999999999986,4.627916666666667,0.625,3,1.676735150461079,alto
4677,23,1923.95,83.65,124.1,0.5217391304347826,1587.38,336.57,3.255217391304348,0.2608695652173913,4,-0.9937858041558889,medio
4678,26,4287.3,164.89615384615385,244.1,0.3076923076923077,3358.96,928.3399999999999,4.975769230769231,0.38461538461538464,4,1.6935532217703315,alto
4679,25,3836.2,153.44799999999998,228.0,0.4,1950.65,1885.55,3.6116,0.36,4,1.672264928743434,alto
4680,17,1228.1,72.24117647058823,111.05,0.29411764705882354,972.33,255.76999999999998,3.9488235294117646,0.29411764705882354,6,-1.272227677748141,baixo
4681,24,1702.5,70.9375,124.15,0.2916666666666667,975.87,726.63,4.996666666666667,0.3333333333333333,7,1.3391869936172958,alto
4682,18,3962.4,220.13333333333333,308.55,0.3333333333333333,1970.45,1991.95,4.551111111111111,0.3333333333333333,3,-0.06626353989729047,medio
4683,26,3988.5,153.40384615384616,246.75,0.3076923076923077,4067.9399999999996,-79.43999999999998,3.6638461538461535,0.23076923076923078,5,0.10066770589311158,medio
4684,17,1492.7,87.80588235294118,124.6,0.47058823529411764,1405.75,86.94999999999995,4.8,0.29411764705882354,3,-2.575779722790327,baixo
4685,23,326.1,14.178260869565218,24.25,0.4782608695652174,392.09000000000003,-65.99,3.3839130434782607,0.21739130434782608,3,-2.527586056773742,baixo
4686,25,5683.05,227.322,312.6,0.32,2984.27,2698.78,3.986,0.44,4,3.3509992300047307,alto
4687,21,760.55,36.21666666666666,68.75,0.42857142857142855,1724.79,-964.24,5.559523809523809,0.5238095238095238,9,2.1665449791731,alto
4688,25,4714.9,188.59599999999998,315.65,0.4,6959.09,-2244.1899999999996,5.4752,0.4,5,0.529355230193709,medio
4689,30,2499.05,83.30166666666668,123.45,0.5,4138.53,-1639.48,4.862333333333334,0.3333333333333333,5,0.6306655541710994,medio
4690,23,3840.9,166.99565217391304,247.5,0.30434782608695654,4390.83,-549.9300000000001,4.450434782608696,0.2608695652173913,6,-0.009866403182916761,medio
4691,19,89.65,4.718421052631579,9.9,0.47368421052631576,149.37,-59.71999999999999,4.682631578947368,0.3684210526315789,3,-2.092935946734859,baixo
4692,20,3492.3,174.615,246.1,0.5,4967.95,-1475.65,5.235,0.3,5,-1.2008862934316085,baixo
4693,26,297.75,11.451923076923077,24.45,0.46153846153846156,345.73,-47.980000000000004,4.468076923076923,0.19230769230769232,6,-0.7749014266707208,medio
4694,19,14279.3,751.5421052631579,991.35,0.3684210526315789,18826.99,-4547.6900000000005,5.24578947368421,0.3157894736842105,3,0.18248686615098036,medio
4695,19,1465.65,77.13947368421053,121.95,0.3157894736842105,794.03,671.62,4.25,0.2631578947368421,8,0.025792209064113947,medio
4696,17,98.3,5.7823529411764705,8.45,0.5294117647058824,156.86,-58.559999999999995,4.155294117647059,0.35294117647058826,2,-3.1161610158304307,baixo
4697,18,223.95,12.441666666666666,24.35,0.2222222222222222,197.58,26.369999999999997,5.856111111111111,0.3888888888888889,5,-1.1485609087688844,medio
4698,16,2695.15,168.446875,243.15,0.4375,3009.22,-314.06999999999994,6.14375,0.25,4,-2.4237461485166296,baixo
4699,11,2576.0,234.1818181818182,319.4,0.2727272727272727,1241.8,1334.1999999999998,3.8681818181818186,0.45454545454545453,4,-0.3291542057283694,medio
4700,18,3957.6,219.86666666666667,309.55,0.3888888888888889,2764.22,1193.38,3.9155555555555557,0.3333333333333333,7,1.2690429169398514,alto
4701,13,2232.85,171.7576923076923,235.4,0.3076923076923077,1985.1399999999999,247.71000000000004,4.946153846153846,0.3076923076923077,5,-1.8022101551935985,baixo
4702,24,1908.5,79.52083333333333,121.1,0.2916666666666667,1590.3799999999999,318.12000000000006,5.372916666666666,0.25,8,0.8532204010445752,alto
4703,20,4158.9,207.945,305.35,0.35,2577.29,1581.6100000000001,5.0275,0.4,4,1.1348973192432217,alto
4704,16,253.2,15.825,22.95,0.375,181.82999999999998,71.37,5.37125,0.25,4,-3.2704577313094845,baixo
4705,22,1702.95,77.40681818181818,121.4,0.5454545454545454,2881.83,-1178.88,4.52,0.4090909090909091,4,-0.699304465903129,medio
4706,20,2926.25,146.3125,218.9,0.35,1417.6799999999998,1508.57,3.5055,0.3,7,1.0704586532756253,alto
4707,20,7914.2,395.71,496.15,0.45,8440.76,-526.56,4.224,0.2,4,-0.5357956450478227,medio
4708,14,180.1,12.864285714285714,22.75,0.35714285714285715,216.06,-35.96,5.469285714285713,0.21428571428571427,4,-4.1252728656498405,baixo
4709,13,1040.05,80.00384615384615,122.05,0.23076923076923078,596.5,443.55,4.586923076923077,0.0,6,-4.727149190367541,baixo
4710,17,1322.9,77.81764705882354,118.35,0.29411764705882354,772.86,550.04,6.139411764705883,0.35294117647058826,4,-1.415770272602,baixo
4711,27,5367.95,198.81296296296296,309.2,0.48148148148148145,4563.13,804.82,2.986666666666667,0.4074074074074074,9,4.4976085276050215,alto
4712,30,4926.85,164.22833333333335,240.5,0.36666666666666664,4550.54,376.30999999999995,4.002,0.3,8,3.272999019646602,alto
4713,22,118.0,5.363636363636363,9.9,0.3181818181818182,84.96,33.04,7.465909090909091,0.45454545454545453,5,0.30777275860011166,medio
4714,17,10297.300000000001,605.7235294117647,938.1,0.47058823529411764,23150.45,-12853.15,5.391176470588235,0.35294117647058826,4,-4.900246639679547,baixo
4715,25,4005.05,160.202,248.95,0.2,2129.73,1875.3200000000002,4.5607999999999995,0.28,14,5.3793131408877795,alto
4716,14,8459.6,604.2571428571429,911.85,0.5714285714285714,9694.39,-1234.7900000000002,3.6285714285714286,0.21428571428571427,2,-1.568496686713378,baixo
4717,15,3377.35,225.15666666666667,312.6,0.4666666666666667,3821.55,-444.1999999999999,4.358666666666666,0.4666666666666667,2,-1.2090720598945313,baixo
4718,20,2973.35,148.6675,227.75,0.45,3218.49,-245.14000000000016,2.9989999999999997,0.4,3,-0.684477355919412,medio
4719,18,3028.15,168.23055555555555,246.1,0.5555555555555556,3997.0299999999997,-968.8799999999999,5.095555555555555,0.3888888888888889,3,-1.4847667983711867,baixo
4720,19,83.05,4.371052631578947,9.85,0.3684210526315789,90.76,-7.709999999999997,4.717368421052631,0.42105263157894735,5,-0.701657723337453,medio
4721,20,250.0,12.5,24.35,0.3,181.73,68.27,3.902,0.4,5,-0.5753712266732003,medio
4722,15,1393.45,92.89666666666668,123.05,0.4,1614.3400000000001,-220.89000000000004,4.108666666666667,0.3333333333333333,6,-1.469649357478817,baixo
4723,22,107.85,4.902272727272727,9.8,0.36363636363636365,50.08,57.77,2.944545454545455,0.18181818181818182,5,-2.197063625516087,baixo
4724,27,2116.55,78.39074074074075,121.0,0.37037037037037035,2528.34,-411.7900000000001,4.717407407407408,0.25925925925925924,6,0.33436866411978383,medio
4725,29,5925.2,204.31724137931033,307.1,0.3793103448275862,7354.36,-1429.1599999999996,5.845172413793103,0.27586206896551724,7,1.7029198745071374,alto
4726,21,291.65,13.888095238095238,23.75,0.6190476190476191,676.65,-385.0,4.6276190476190475,0.42857142857142855,1,-2.0806048957606977,baixo
4727,22,267.35,12.15227272727273,24.75,0.4090909090909091,193.94,73.41,4.892272727272727,0.45454545454545453,5,0.37599386258420664,medio
4728,23,4600.55,200.02391304347827,296.5,0.43478260869565216,5454.53,-853.98,4.947391304347827,0.2608695652173913,3,-1.2649531141244927,baixo
4729,26,8952.65,344.3326923076923,482.5,0.4230769230769231,9205.65,-253.0000000000003,5.515,0.15384615384615385,6,1.0549395981890666,alto
4730,15,2267.95,151.19666666666666,236.9,0.3333333333333333,2100.02,167.93,5.233999999999999,0.3333333333333333,4,-1.7421160890109098,baixo
4731,24,1094.85,45.61875,69.0,0.16666666666666666,428.32,666.53,5.192916666666666,0.2916666666666667,8,1.1889743650713207,alto
4732,21,6983.75,332.5595238095238,497.7,0.38095238095238093,3443.62,3540.13,4.896190476190476,0.19047619047619047,5,1.7664655834829504,alto
4733,23,3984.4,173.23478260869567,249.5,0.4782608695652174,7309.03,-3324.63,4.072608695652174,0.391304347826087,4,-1.119165708727818,medio
4734,24,904.4,37.68333333333333,68.8,0.4583333333333333,862.52,41.879999999999995,4.60875,0.3333333333333333,3,-1.0152020904944594,medio
4735,25,18523.2,740.928,989.75,0.4,23532.84,-5009.639999999999,5.0632,0.6,5,4.7095299922407285,alto
4736,22,925.95,42.08863636363637,67.9,0.22727272727272727,381.36,544.59,4.8113636363636365,0.36363636363636365,9,1.7557819067963085,alto
4737,17,727.8,42.811764705882354,68.75,0.4117647058823529,665.26,62.53999999999998,4.038235294117648,0.47058823529411764,5,-0.39079542472245055,medio
4738,19,1447.25,76.17105263157895,124.5,0.5263157894736842,1326.55,120.7,2.1231578947368424,0.42105263157894735,5,-0.13875375425411574,medio
4739,19,6970.45,366.8657894736842,495.05,0.3157894736842105,4181.09,2789.36,6.737368421052631,0.3684210526315789,3,1.9159353463353943,alto
4740,21,878.55,41.83571428571428,67.85,0.38095238095238093,911.01,-32.46000000000002,4.088571428571429,0.3333333333333333,4,-1.2578358186704697,baixo
4741,27,4466.3,165.41851851851854,246.65,0.25925925925925924,1816.57,2649.73,4.707407407407407,0.4444444444444444,6,4.2682223340891206,alto
4742,13,2256.95,173.61153846153846,249.7,0.38461538461538464,3153.26,-896.3100000000001,4.732307692307692,0.5384615384615384,4,-0.7097499283228594,medio
4743,16,1268.15,79.259375,124.65,0.3125,1377.3400000000001,-109.19000000000005,5.80125,0.1875,3,-3.9460260050279814,baixo
4744,19,1668.2,87.8,119.85,0.47368421052631576,1810.18,-141.97999999999996,6.417368421052632,0.42105263157894735,3,-1.0789300990131505,medio
4745,27,906.9,33.58888888888889,64.8,0.4444444444444444,728.18,178.71999999999997,4.437037037037037,0.25925925925925924,3,-0.9816298436953617,medio
4746,28,5797.55,207.05535714285716,318.9,0.5714285714285714,5566.41,231.14000000000013,2.5289285714285716,0.39285714285714285,3,1.697273770503792,alto
4747,23,875.0,38.04347826086956,69.15,0.30434782608695654,494.0,381.0,5.004347826086956,0.17391304347826086,5,-1.6458478320877465,baixo
4748,16,100.8,6.3,9.45,0.4375,79.12,21.68,6.406875,0.5,3,-1.497614758663297,baixo
4749,24,698.8,29.116666666666664,65.35,0.25,371.59,327.21000000000004,5.883333333333333,0.20833333333333334,6,-0.754146134506453,medio
4750,8,34.7,4.3375,9.15,0.625,30.43,4.2700000000000005,2.80375,0.375,3,-4.465282651202449,baixo
4751,20,3712.25,185.6125,248.45,0.65,5663.63,-1951.38,5.7415,0.35,2,-2.2379297970373297,baixo
4752,17,12131.95,713.6441176470589,981.5,0.4117647058823529,12429.539999999999,-297.59000000000003,4.322941176470588,0.35294117647058826,4,2.5144662028787175,alto
4753,14,74.2,5.3,9.75,0.5,78.53,-4.33,4.425714285714286,0.42857142857142855,5,-1.7443070249451935,baixo
4754,22,3658.2000000000003,166.28181818181818,249.3,0.45454545454545453,3514.59,143.60999999999999,3.9522727272727276,0.36363636363636365,5,0.6369233045673296,medio
4755,13,159.70000000000002,12.284615384615385,24.75,0.46153846153846156,111.82,47.879999999999995,3.4899999999999998,0.3076923076923077,4,-3.447459605641841,baixo
4756,22,371.65,16.893181818181816,25.0,0.22727272727272727,158.94,212.71,5.171818181818182,0.36363636363636365,12,2.7269433535431906,alto
4757,19,1529.75,80.51315789473684,119.75,0.5263157894736842,986.9399999999999,542.81,3.9236842105263157,0.3684210526315789,3,-1.2505942469631426,baixo
4758,19,1561.35,82.17631578947368,123.65,0.21052631578947367,405.52,1155.83,3.6526315789473687,0.3157894736842105,13,3.0048952001762763,alto
4759,20,652.65,32.6325,66.0,0.4,631.27,21.37999999999998,4.9805,0.5,5,0.46051254622454996,medio
4760,19,6959.75,366.30263157894734,481.7,0.42105263157894735,4618.18,2341.5699999999997,4.797894736842105,0.42105263157894735,5,3.0401667694440286,alto
4761,18,1486.35,82.57499999999999,121.0,0.5,1278.18,208.17000000000002,3.308333333333333,0.3333333333333333,4,-1.5214079079901042,baixo
4762,21,869.9,41.423809523809524,69.15,0.47619047619047616,828.06,41.839999999999996,4.82952380952381,0.42857142857142855,4,-0.3430123752915696,medio
4763,16,2793.75,174.609375,242.1,0.1875,1266.47,1527.28,4.2225,0.5625,5,1.9189821477086695,alto
4764,19,708.7,37.300000000000004,67.7,0.21052631578947367,321.5,387.2,5.454736842105263,0.47368421052631576,5,0.2203510095563117,medio
4765,23,121.39999999999999,5.278260869565217,9.35,0.17391304347826086,63.74,57.66,4.142173913043478,0.13043478260869565,10,-0.24248641626067124,medio
4766,21,711.3,33.87142857142857,66.3,0.5238095238095238,597.83,113.47,5.005714285714286,0.3333333333333333,2,-2.115894457335848,baixo
4767,21,6713.25,319.67857142857144,485.9,0.38095238095238093,4352.3,2360.95,3.7547619047619043,0.42857142857142855,4,2.806279382450679,alto
4768,21,907.75,43.226190476190474,62.3,0.38095238095238093,1767.39,-859.64,5.658095238095238,0.3333333333333333,4,-1.6877637444260156,baixo
4769,17,1233.55,72.56176470588235,118.4,0.4117647058823529,1508.3000000000002,-274.75,3.9382352941176473,0.4117647058823529,4,-1.3478119446626353,baixo
4770,17,2838.35,166.96176470588236,248.95,0.47058823529411764,2003.6100000000001,834.74,3.2305882352941175,0.29411764705882354,4,-1.1927370650421132,medio
4771,20,3464.9,173.245,309.15,0.35,2153.98,1310.92,3.7659999999999996,0.2,4,-1.0921842619457967,medio
4772,27,5653.9,209.40370370370368,318.0,0.2962962962962963,3948.4100000000003,1705.4899999999998,5.076296296296296,0.2222222222222222,6,2.0204640915165815,alto
4773,35,400.0,11.428571428571429,24.75,0.4,354.49,45.510000000000005,5.043142857142857,0.34285714285714286,6,2.6791331440431914,alto
4774,21,734.65,34.983333333333334,61.3,0.19047619047619047,375.96999999999997,358.68,6.096666666666667,0.23809523809523808,8,-0.2139539576455688,medio
4775,21,1740.7,82.89047619047619,123.85,0.2857142857142857,1026.78,713.9200000000001,6.692380952380952,0.42857142857142855,7,1.6208633070157648,alto
4776,16,227.2,14.2,24.55,0.125,42.22,184.98,7.335625,0.25,8,-1.4598386156063563,baixo
4777,22,818.1,37.18636363636364,69.65,0.36363636363636365,524.05,294.05,4.959090909090909,0.6363636363636364,5,2.34223451611149,alto
4778,25,167.0,6.68,10.0,0.52,207.57999999999998,-40.58,3.28,0.24,4,-1.4688393255515084,baixo
4779,20,3212.25,160.6125,235.0,0.3,2601.36,610.8900000000001,6.3155,0.35,6,0.7126973473864884,medio
4780,25,4223.9,168.956,238.75,0.56,6513.06,-2289.16,2.8396000000000003,0.16,4,-2.2832355798593644,baixo
4781,24,5160.25,215.01041666666666,319.85,0.2916666666666667,3056.17,2104.08,5.024583333333333,0.4166666666666667,6,3.391728400966835,alto
4782,15,1065.35,71.02333333333333,118.35,0.4666666666666667,635.4,429.95,3.448666666666667,0.26666666666666666,3,-3.210351827590582,baixo
4783,18,6006.45,333.69166666666666,481.5,0.4444444444444444,6173.45,-166.9999999999999,4.174444444444444,0.5,3,1.105811523748732,alto
4784,11,49.8,4.527272727272727,9.8,0.18181818181818182,4.1,45.7,5.367272727272727,0.36363636363636365,5,-2.9939149354360515,baixo
4785,21,1627.5,77.5,119.2,0.47619047619047616,1364.6100000000001,262.89,3.849047619047619,0.38095238095238093,4,-0.4161012711813688,medio
4786,20,3424.3,171.215,249.95,0.35,4018.37,-594.0699999999999,4.324,0.3,5,-0.7558987464049595,medio
4787,15,592.2,39.480000000000004,68.5,0.3333333333333333,540.69,51.510000000000005,6.572666666666667,0.3333333333333333,5,-2.1332979850595244,baixo
4788,10,7716.35,771.635,955.5,0.4,4734.33,2982.02,5.845000000000001,0.3,3,2.1597911787274597,alto
4789,20,777.6,38.88,68.2,0.35,487.84,289.76,3.4975,0.2,4,-2.560485300491437,baixo
4790,21,337.35,16.064285714285717,24.6,0.47619047619047616,228.34,109.00999999999999,3.3033333333333337,0.42857142857142855,5,-0.041678014427759424,medio
4791,23,1775.35,77.1891304347826,120.75,0.17391304347826086,1004.13,771.2199999999999,5.101739130434782,0.2608695652173913,8,0.9540950071269653,alto
4792,19,252.05,13.265789473684212,24.4,0.631578947368421,380.96999999999997,-128.92,2.915263157894737,0.42105263157894735,3,-1.5855041318027059,baixo
4793,12,387.55,32.295833333333334,67.7,0.5,680.3299999999999,-292.78000000000003,3.4583333333333335,0.5833333333333334,2,-2.0536885223566332,baixo
4794,18,2989.8,166.10000000000002,224.05,0.2222222222222222,736.72,2253.08,7.157777777777778,0.5,5,2.1177594154277077,alto
4795,21,317.8,15.133333333333335,24.95,0.5238095238095238,286.49,31.31000000000001,4.77952380952381,0.23809523809523808,3,-2.726468103081604,baixo
4796,23,3802.15,165.3108695652174,248.25,0.43478260869565216,3380.79,421.36,2.857391304347826,0.34782608695652173,7,1.7367862614676892,alto
4797,22,3327.95,151.27045454545453,241.65,0.5,3943.56,-615.61,5.0645454545454545,0.4090909090909091,4,0.1088725410110149,medio
4798,17,1532.35,90.13823529411764,122.7,0.35294117647058826,745.23,787.12,3.4523529411764704,0.29411764705882354,4,-1.74732493020735,baixo
4799,17,582.85,34.28529411764706,69.75,0.47058823529411764,339.54,243.31,3.2894117647058825,0.29411764705882354,3,-2.8614376654997997,baixo
4800,20,4375.25,218.7625,316.15,0.15,1327.35,3047.9,5.0415,0.3,17,6.79113397814831,alto
4801,26,351.8,13.53076923076923,23.95,0.19230769230769232,115.12,236.68,4.884230769230769,0.3076923076923077,12,3.0967981509413978,alto
4802,25,795.4499999999999,31.817999999999998,68.85,0.36,718.9,76.54999999999995,4.9324,0.4,6,1.1226601933357545,alto
4803,13,83.35,6.411538461538461,9.7,0.38461538461538464,78.86999999999999,4.479999999999998,5.914615384615384,0.38461538461538464,4,-2.8016808887710205,baixo
4804,17,256.05,15.061764705882354,23.65,0.47058823529411764,339.46,-83.41000000000001,4.314117647058824,0.35294117647058826,6,-1.303982849866866,baixo
4805,17,1461.1,85.9470588235294,123.35,0.29411764705882354,1504.0,-42.90000000000002,3.706470588235294,0.5294117647058824,8,1.7138620031556029,alto
4806,22,1979.4,89.97272727272728,120.0,0.4090909090909091,2105.85,-126.44999999999999,4.535454545454545,0.45454545454545453,7,1.6866809830219351,alto
4807,19,755.5,39.76315789473684,64.65,0.21052631578947367,247.96,507.54,5.354736842105263,0.2631578947368421,6,-1.1996229304691077,baixo
4808,23,338.8,14.730434782608697,24.95,0.21739130434782608,108.0,230.8,3.9852173913043476,0.34782608695652173,6,0.15772929189350127,medio
4809,17,647.9,38.11176470588235,67.6,0.35294117647058826,1190.34,-542.44,4.052352941176471,0.29411764705882354,4,-2.812206859120285,baixo
4810,20,91.69999999999999,4.584999999999999,9.95,0.35,54.53,37.169999999999995,3.1975000000000002,0.1,4,-3.853066999372735,baixo
4811,24,841.35,35.05625,67.45,0.20833333333333334,191.25,650.1,4.540416666666666,0.375,10,2.756608248260641,alto
4812,23,8019.65,348.6804347826087,498.35,0.2608695652173913,9059.51,-1039.86,5.478695652173913,0.43478260869565216,9,3.9062855482911423,alto
4813,17,3943.3,231.95882352941177,315.25,0.47058823529411764,7266.53,-3323.23,4.713529411764705,0.4117647058823529,3,-2.309744627001235,baixo
4814,13,978.8,75.29230769230769,105.65,0.23076923076923078,420.48999999999995,558.3100000000001,5.51,0.38461538461538464,7,-0.7117622377411169,medio
4815,14,1196.4,85.45714285714287,113.15,0.42857142857142855,1461.24,-264.84000000000003,4.634285714285714,0.21428571428571427,4,-3.746746268401062,baixo
4816,15,2485.3,165.68666666666667,239.9,0.4666666666666667,2255.0,230.3,3.3419999999999996,0.3333333333333333,3,-2.049508622790285,baixo
4817,22,250.6,11.39090909090909,23.45,0.36363636363636365,150.66,99.94,3.4618181818181815,0.4090909090909091,8,1.2867992113847126,alto
4818,24,16646.5,693.6041666666666,959.15,0.375,16290.23,356.2700000000001,3.7449999999999997,0.375,5,4.93582659782758,alto
4819,28,348.55,12.448214285714286,24.8,0.39285714285714285,191.05,157.5,4.3082142857142856,0.32142857142857145,4,0.09909998847391221,medio
4820,21,1641.2,78.15238095238095,119.6,0.47619047619047616,1525.33,115.86999999999999,3.1119047619047615,0.2857142857142857,2,-2.248631465757717,baixo
4821,25,2314.7,92.588,123.5,0.44,2138.15,176.54999999999995,3.0668,0.36,5,0.7852768674879322,alto
4822,13,490.45,37.72692307692308,57.6,0.46153846153846156,391.69,98.76,3.306923076923077,0.23076923076923078,4,-3.9544391668178935,baixo
4823,10,1567.45,156.745,227.7,0.3,569.45,998.0,3.401,0.5,4,-0.8462015771441673,medio
4824,17,2895.2,170.30588235294115,237.6,0.4117647058823529,1849.17,1046.03,3.644117647058824,0.29411764705882354,3,-1.497794552245195,baixo
4825,11,129.5,11.772727272727273,22.6,0.45454545454545453,370.84000000000003,-241.34,5.399090909090909,0.36363636363636365,4,-3.536872680662743,baixo
4826,18,3850.15,213.89722222222224,314.8,0.2777777777777778,2130.57,1719.58,3.2194444444444446,0.2222222222222222,5,-0.397769286764892,medio
4827,15,4806.05,320.40333333333336,493.25,0.26666666666666666,7041.200000000001,-2235.15,5.158666666666666,0.3333333333333333,7,-0.53209199841163,medio
4828,21,3628.65,172.79285714285714,249.5,0.42857142857142855,3679.4300000000003,-50.77999999999997,4.3585714285714285,0.23809523809523808,3,-1.6838691980848821,baixo
4829,21,4078.05,194.19285714285715,305.4,0.2857142857142857,1622.74,2455.31,4.864761904761904,0.38095238095238093,5,1.9931364854749332,alto
4830,14,207.9,14.85,24.35,0.35714285714285715,166.32,41.58,4.021428571428571,0.2857142857142857,3,-3.852117530741885,baixo
4831,22,1695.2,77.05454545454546,121.95,0.4090909090909091,2854.98,-1159.78,5.809545454545455,0.4090909090909091,5,-0.2512205260337287,medio
4832,17,210.05,12.355882352941178,23.05,0.4117647058823529,183.91,26.140000000000004,6.187647058823529,0.35294117647058826,5,-1.704780397407223,baixo
4833,23,1891.95,82.25869565217391,121.15,0.391304347826087,2227.1800000000003,-335.23,4.996086956521739,0.34782608695652173,4,-0.5585011654466,medio
4834,19,6591.9,346.9421052631579,468.05,0.3684210526315789,5207.75,1384.1499999999999,4.673157894736843,0.47368421052631576,8,4.204470675989718,alto
4835,23,3631.5499999999997,157.89347826086956,246.6,0.34782608695652173,2018.48,1613.07,4.280434782608696,0.2608695652173913,6,1.0766956334478133,alto
4836,22,868.85,39.49318181818182,67.1,0.45454545454545453,956.7099999999999,-87.86000000000001,4.5640909090909085,0.36363636363636365,5,-0.35959125033493156,medio
4837,21,4240.95,201.95,316.65,0.3333333333333333,3109.43,1131.52,4.171428571428571,0.5238095238095238,5,2.6604823494685497,alto
4838,13,872.4,67.1076923076923,115.3,0.38461538461538464,437.66999999999996,434.73,3.9523076923076923,0.15384615384615385,5,-3.8424440220100893,baixo
4839,28,2132.95,76.17678571428571,118.8,0.21428571428571427,1517.28,615.67,5.688571428571429,0.4642857142857143,6,2.979607036101398,alto
4840,18,3486.0,193.66666666666666,317.3,0.3888888888888889,3094.58,391.4200000000001,4.106111111111111,0.3888888888888889,6,0.7343380651310055,medio
4841,20,1746.0,87.3,122.85,0.3,3369.52,-1623.52,5.375,0.4,10,1.2428824024157747,alto
4842,22,306.15,13.91590909090909,25.0,0.22727272727272727,120.94,185.21,6.046818181818182,0.3181818181818182,7,0.07087388467683076,medio
4843,15,84.15,5.61,9.75,0.4666666666666667,52.879999999999995,31.270000000000003,3.686,0.2,4,-4.047223101980427,baixo
4844,22,7642.5,347.3863636363636,487.9,0.18181818181818182,7840.13,-197.63,6.311818181818182,0.36363636363636365,9,3.4648049514729267,alto
4845,30,297.8,9.926666666666668,24.4,0.13333333333333333,105.14,192.66,4.721666666666667,0.4,14,5.676605702496788,alto
4846,18,100.05,5.558333333333334,9.5,0.16666666666666666,108.7,-8.649999999999993,5.203333333333333,0.2777777777777778,7,-1.3584139585702797,baixo
4847,19,3635.15,191.32368421052632,318.15,0.3684210526315789,2761.18,873.97,3.893157894736842,0.3157894736842105,6,0.5245812993810013,medio
4848,20,3152.55,157.6275,248.65,0.2,1250.47,1902.08,6.181,0.4,6,1.8392295140779336,alto
4849,20,1641.95,82.0975,122.8,0.35,773.0799999999999,868.87,4.045,0.3,3,-1.4733026219220355,baixo
4850,17,2634.4,154.96470588235294,236.75,0.29411764705882354,1704.4100000000003,929.99,3.907058823529412,0.4117647058823529,3,-0.5803307934499391,medio
4851,27,997.4,36.94074074074074,66.95,0.3333333333333333,812.89,184.50999999999996,5.166296296296297,0.48148148148148145,4,1.5339964651742366,alto
4852,16,536.45,33.528125,66.55,0.1875,117.27000000000001,419.18,5.671875,0.4375,5,-0.7944010182710214,medio
4853,13,63.05,4.85,7.4,0.38461538461538464,70.63,-7.58,5.24,0.5384615384615384,4,-1.4002434019384622,baixo
4854,19,6218.65,327.2973684210526,451.1,0.15789473684210525,1609.33,4609.32,5.636842105263158,0.3684210526315789,9,5.252502881259095,alto
4855,11,874.15,79.46818181818182,119.1,0.45454545454545453,1494.71,-620.56,3.508181818181818,0.2727272727272727,2,-4.9909588431808665,baixo
4856,17,3223.5,189.61764705882354,293.65,0.29411764705882354,1796.98,1426.52,4.648823529411764,0.29411764705882354,6,0.15851071559253105,medio
4857,21,705.45,33.59285714285714,64.3,0.38095238095238093,552.22,153.23,4.644285714285714,0.38095238095238093,4,-0.7768712471688557,medio
4858,20,3170.4,158.52,231.15,0.35,4723.81,-1553.4099999999999,5.3185,0.25,5,-1.8141375725483986,baixo
4859,28,4753.8,169.77857142857144,238.6,0.5357142857142857,6182.34,-1428.54,4.217142857142857,0.25,4,-0.3183042494890197,medio
4860,16,5350.85,334.428125,490.8,0.3125,2528.94,2821.91,4.624375,0.5,7,4.012370940420308,alto
4861,15,1350.05,90.00333333333333,123.7,0.2,430.57,919.48,4.673333333333333,0.4666666666666667,9,1.6668766846026566,alto
4862,25,2279.05,91.162,124.0,0.32,1021.28,1257.77,4.2056000000000004,0.28,7,1.4929908708937223,alto
4863,21,1021.05,48.62142857142857,68.1,0.2857142857142857,508.78,512.27,4.792380952380952,0.23809523809523808,6,-0.919110145362708,medio
4864,21,268.75,12.797619047619047,22.05,0.5714285714285714,283.14,-14.389999999999997,4.386190476190476,0.5238095238095238,4,0.30807017986183816,medio
4865,20,917.75,45.8875,65.7,0.4,477.08000000000004,440.67,4.141,0.25,5,-1.5306140445247198,baixo
4866,13,1014.85,78.06538461538462,111.8,0.38461538461538464,681.89,332.96,5.426153846153847,0.5384615384615384,4,-0.7148763459739316,medio
4867,12,4482.75,373.5625,480.45,0.16666666666666666,967.5699999999999,3515.1800000000003,6.585833333333333,0.4166666666666667,8,3.4261610645444116,alto
4868,19,630.4,33.17894736842105,62.8,0.3684210526315789,468.28,162.12,5.175789473684211,0.3684210526315789,5,-0.8982575328642873,medio
4869,17,89.65,5.273529411764706,9.95,0.4117647058823529,50.36,39.29,5.444705882352942,0.47058823529411764,3,-1.5424985438777288,baixo
4870,19,656.5,34.55263157894737,69.9,0.3157894736842105,376.64,279.86,3.5105263157894737,0.10526315789473684,6,-2.812430830833626,baixo
4871,17,600.95,35.35,67.6,0.5294117647058824,777.79,-176.84000000000003,6.124117647058823,0.29411764705882354,5,-2.1966166455425484,baixo
4872,13,71.75,5.519230769230769,9.8,0.38461538461538464,23.52,48.23,8.415384615384616,0.38461538461538464,4,-2.784582753647811,baixo
4873,23,8309.95,361.30217391304353,496.3,0.391304347826087,7737.7,572.2500000000002,4.1234782608695655,0.2608695652173913,5,1.4847223428202718,alto
4874,13,4110.2,316.16923076923075,484.75,0.46153846153846156,4891.12,-780.9200000000002,3.863076923076923,0.46153846153846156,3,-0.8159338978648969,medio
4875,19,4888.95,257.31315789473683,317.5,0.5789473684210527,5708.7,-819.75,3.2352631578947366,0.2631578947368421,2,-2.1674662718389985,baixo
4876,15,2773.6,184.90666666666667,308.9,0.3333333333333333,3285.3900000000003,-511.7900000000001,3.7760000000000002,0.4666666666666667,6,0.2391575548221443,medio
4877,19,3794.45,199.7078947368421,303.2,0.47368421052631576,6480.08,-2685.63,4.453684210526316,0.42105263157894735,3,-1.6594504097365168,baixo
4878,17,5436.1,319.77058823529416,462.55,0.4117647058823529,11133.890000000001,-5697.789999999999,6.303529411764706,0.29411764705882354,5,-3.1705249731230936,baixo
4879,23,9072.85,394.4717391304348,496.55,0.43478260869565216,5970.86,3101.99,5.024782608695652,0.2608695652173913,5,3.057382040614775,alto
4880,22,705.95,32.08863636363637,65.95,0.3181818181818182,724.79,-18.83999999999999,4.702272727272727,0.4090909090909091,6,0.48556219502780107,medio
4881,20,3059.75,152.9875,247.3,0.5,4763.43,-1703.68,4.3355,0.3,4,-1.9114141097804804,baixo
4882,15,1118.05,74.53666666666666,116.1,0.2,511.66,606.39,4.561333333333334,0.4,7,-0.10149124212452448,medio
4883,13,1831.7,140.9,226.95,0.38461538461538464,1982.15,-150.45000000000002,4.826923076923077,0.46153846153846156,5,-0.8077599309139032,medio
4884,28,9211.75,328.99107142857144,481.5,0.35714285714285715,7431.54,1780.2099999999998,6.758214285714286,0.5357142857142857,5,5.5584374353754455,alto
4885,25,3842.95,153.718,249.95,0.32,1577.7,2265.25,4.1004000000000005,0.28,5,1.5785607073605084,alto
4886,20,241.54999999999998,12.077499999999999,22.5,0.2,129.68,111.86999999999999,5.6725,0.1,6,-2.88103085374003,baixo
4887,25,936.0,37.44,69.1,0.32,727.64,208.35999999999999,4.8316,0.32,3,-0.8273328442895814,medio
4888,14,1253.35,89.52499999999999,123.5,0.2857142857142857,631.81,621.54,4.777142857142857,0.2857142857142857,6,-1.7083950415907,baixo
4889,23,2051.45,89.19347826086955,124.35,0.34782608695652173,1150.56,900.89,4.314347826086957,0.2608695652173913,4,-0.6557516051574233,medio
4890,22,1775.65,80.71136363636364,119.95,0.3181818181818182,1204.55,571.1,4.555909090909091,0.36363636363636365,5,0.2745138349011167,medio
4891,23,970.65,42.202173913043474,69.4,0.2608695652173913,974.2,-3.549999999999943,4.839130434782609,0.34782608695652173,11,2.424294198657902,alto
4892,20,249.05,12.4525,23.8,0.45,126.01,123.04,3.9335,0.3,5,-1.4686898508975628,baixo
4893,17,6017.45,353.9676470588235,482.05,0.35294117647058826,4720.96,1296.49,3.9823529411764707,0.4117647058823529,6,2.306547103402246,alto
4894,16,2700.15,168.759375,238.1,0.4375,1404.4,1295.75,4.65,0.625,4,1.8916036136142949,alto
4895,19,305.4,16.073684210526313,24.7,0.47368421052631576,192.32,113.08,2.998421052631579,0.2631578947368421,4,-2.453149203320506,baixo
4896,16,5690.05,355.628125,493.35,0.375,2979.65,2710.4,3.370625,0.25,6,1.3535885524676752,alto
4897,17,262.6,15.447058823529414,23.4,0.35294117647058826,265.71999999999997,-3.1200000000000045,5.239411764705882,0.35294117647058826,5,-1.6990301261042258,baixo
4898,28,4747.3,169.54642857142858,238.85,0.5357142857142857,6364.81,-1617.5100000000002,5.108214285714285,0.25,3,-0.8606720854175238,medio
4899,17,1431.45,84.20294117647059,125.0,0.23529411764705882,741.48,689.97,4.641764705882353,0.17647058823529413,8,-1.1632004932022213,medio
4900,17,2666.45,156.85,234.95,0.4117647058823529,2817.49,-151.04000000000005,5.004705882352941,0.35294117647058826,3,-1.6841357445656333,baixo
4901,14,8974.7,641.0500000000001,906.0,0.42857142857142855,13050.91,-4076.2100000000005,3.5685714285714285,0.21428571428571427,3,-2.3843843477806557,baixo
4902,26,966.75,37.18269230769231,68.65,0.3076923076923077,628.26,338.49,4.63,0.4230769230769231,12,4.377799004538507,alto
4903,22,897.5,40.79545454545455,67.45,0.4090909090909091,567.3299999999999,330.17,4.794545454545455,0.5,5,1.1288927514621814,alto
4904,21,271.15,12.911904761904761,24.95,0.38095238095238093,214.0,57.150000000000006,3.5214285714285714,0.47619047619047616,5,0.34813997557135345,medio
4905,13,2419.2,186.09230769230768,247.7,0.38461538461538464,1537.4499999999998,881.75,3.07,0.15384615384615385,3,-3.6658925572849332,baixo
4906,22,112.45,5.111363636363636,9.2,0.3181818181818182,53.279999999999994,59.17,4.155454545454545,0.3181818181818182,8,0.38360715079096624,medio
4907,26,2205.2,84.8153846153846,122.25,0.34615384615384615,1742.8799999999999,462.31999999999994,4.606923076923077,0.4230769230769231,4,1.2488655133336983,alto
4908,19,99.75,5.25,10.0,0.2631578947368421,37.45,62.3,5.5142105263157895,0.2631578947368421,6,-1.6739764446796843,baixo
4909,11,492.09999999999997,44.736363636363635,66.35,0.2727272727272727,187.33,304.77,4.289090909090909,0.36363636363636365,5,-2.57923675354164,baixo
4910,16,2918.3,182.39375,234.95,0.4375,1925.84,992.46,6.484375,0.4375,4,0.09546817161714294,medio
4911,29,4523.1,155.9689655172414,246.95,0.3448275862068966,5937.14,-1414.04,4.968620689655173,0.3793103448275862,7,2.3317405762680115,alto
4912,22,1699.7,77.25909090909092,124.35,0.18181818181818182,716.52,983.18,3.973181818181818,0.45454545454545453,12,4.390484005202781,alto
4913,23,5218.05,226.8717391304348,317.4,0.2608695652173913,2258.68,2959.37,4.857391304347826,0.17391304347826086,9,2.786531671661578,alto
4914,24,5320.4,221.6833333333333,317.1,0.2916666666666667,5431.27,-110.87000000000018,3.589166666666667,0.16666666666666666,6,-0.04440420584191096,medio
4915,23,727.15,31.61521739130435,69.0,0.4782608695652174,401.14,326.01,2.8343478260869563,0.34782608695652173,3,-0.9964401346477947,medio
4916,14,2381.0,170.07142857142858,226.3,0.6428571428571429,3446.28,-1065.28,3.02,0.21428571428571427,3,-4.029447499439601,baixo
4917,19,680.75,35.828947368421055,66.7,0.5789473684210527,1305.37,-624.62,4.765263157894736,0.42105263157894735,3,-1.693433916667328,baixo
4918,21,1732.3,82.49047619047619,121.1,0.3333333333333333,1304.79,427.50999999999993,4.13,0.2857142857142857,4,-1.172434033049816,medio
4919,13,194.55,14.965384615384616,23.15,0.38461538461538464,85.02,109.53,3.9384615384615387,0.15384615384615385,5,-4.374474701450696,baixo
4920,22,291.35,13.243181818181819,22.3,0.36363636363636365,136.35999999999999,154.99,3.1259090909090905,0.22727272727272727,4,-2.109171247974625,baixo
4921,27,4503.15,166.78333333333333,244.8,0.4074074074074074,2479.89,2023.26,3.8796296296296298,0.2962962962962963,5,2.1383359827021367,alto
4922,16,1441.45,90.090625,124.8,0.5,990.61,450.84000000000003,3.775,0.3125,3,-2.421224850770546,baixo
4923,11,2149.85,195.4409090909091,300.85,0.5454545454545454,3112.39,-962.5400000000001,2.9045454545454543,0.18181818181818182,1,-5.652283046538087,baixo
4924,19,2794.9,147.1,248.4,0.42105263157894735,6137.03,-3342.13,5.000526315789474,0.3684210526315789,7,-1.094581104022443,medio
4925,26,5393.65,207.4480769230769,303.0,0.3076923076923077,2467.06,2926.59,5.458076923076923,0.4230769230769231,6,4.283831857444553,alto
4926,21,3754.6,178.7904761904762,235.1,0.19047619047619047,3980.88,-226.27999999999992,6.6952380952380945,0.14285714285714285,6,-1.2928924566549544,baixo
4927,18,10680.65,593.3694444444444,924.15,0.16666666666666666,3858.5199999999995,6822.13,5.586111111111111,0.4444444444444444,5,6.976900548160751,alto
4928,19,3067.85,161.4657894736842,241.0,0.3157894736842105,4293.54,-1225.69,4.21157894736842,0.15789473684210525,7,-1.8123195839335837,baixo
4929,20,3473.85,173.6925,243.4,0.6,8764.35,-5290.5,4.1945,0.3,4,-3.6745590958967065,baixo
4930,16,3098.85,193.678125,249.55,0.25,1390.48,1708.37,4.269375,0.1875,6,-0.8709063609005756,medio
4931,20,3451.65,172.5825,243.95,0.3,2009.97,1441.68,5.796,0.4,7,2.1380008846821963,alto
4932,19,605.4,31.86315789473684,64.6,0.3684210526315789,459.62,145.77999999999997,3.0026315789473683,0.3684210526315789,4,-1.3563673281787383,baixo
4933,22,4161.05,189.13863636363638,299.25,0.13636363636363635,720.8199999999999,3440.23,4.4809090909090905,0.45454545454545453,7,4.264991308812984,alto
4934,14,1236.15,88.29642857142858,123.4,0.6428571428571429,1643.67,-407.52,2.5814285714285714,0.2857142857142857,2,-4.0250827454814155,baixo
4935,23,241.9,10.517391304347827,20.7,0.391304347826087,230.47,11.43,5.75,0.30434782608695654,8,0.4919597813662436,medio
4936,18,716.0,39.77777777777778,69.5,0.3333333333333333,179.01999999999998,536.98,4.068333333333333,0.4444444444444444,8,1.1444397494256404,alto
4937,20,1779.4,88.97,122.55,0.3,847.77,931.63,5.369999999999999,0.45,5,0.8712565288332335,alto
4938,29,5918.4,204.08275862068965,319.85,0.3448275862068966,7412.3099999999995,-1493.9099999999999,5.307931034482759,0.2413793103448276,4,0.027850121603497424,medio
4939,18,94.15,5.230555555555556,8.95,0.3888888888888889,107.14,-12.99,7.217222222222222,0.4444444444444444,4,-1.147244987693013,medio
4940,21,888.35,42.30238095238095,69.7,0.42857142857142855,1454.1200000000001,-565.77,5.6033333333333335,0.5238095238095238,7,1.5394684253721902,alto
4941,22,7977.55,362.6159090909091,489.9,0.4090909090909091,9757.14,-1779.5900000000001,3.805909090909091,0.4090909090909091,5,1.3868666852912317,alto
4942,22,1769.85,80.44772727272726,120.05,0.36363636363636365,936.89,832.96,2.6136363636363638,0.3181818181818182,5,-0.007300674158770781,medio
4943,19,100.55,5.292105263157895,9.7,0.21052631578947367,30.71,69.84,6.963684210526316,0.21052631578947367,6,-2.154991927046016,baixo
4944,15,216.85,14.456666666666667,22.75,0.4,89.95,126.9,2.7753333333333337,0.3333333333333333,4,-2.7060048693895884,baixo
4945,27,5705.65,211.32037037037037,314.75,0.3333333333333333,4089.73,1615.92,5.048518518518518,0.48148148148148145,7,4.817050341595104,alto
4946,18,2813.8,156.32222222222222,241.3,0.3333333333333333,2425.84,387.96,5.426111111111111,0.3888888888888889,5,0.034847682189739715,medio
4947,20,6994.95,349.7475,473.25,0.3,6905.58,89.37000000000012,5.462,0.3,8,2.15834594623094,alto
4948,17,679.35,39.96176470588235,69.35,0.35294117647058826,588.4399999999999,90.91000000000001,4.658235294117647,0.5294117647058824,6,0.5874128782276944,medio
4949,17,612.4,36.023529411764706,66.95,0.47058823529411764,746.69,-134.29000000000002,3.6194117647058826,0.35294117647058826,5,-1.6269607400812134,baixo
4950,25,1764.45,70.578,108.3,0.24,533.5,1230.95,4.9084,0.24,8,1.4084498850434326,alto
4951,18,2935.35,163.075,233.85,0.3888888888888889,1617.27,1318.08,3.8194444444444446,0.3333333333333333,5,0.06330142723726942,medio
4952,19,283.25,14.907894736842104,24.95,0.5263157894736842,293.39,-10.13999999999999,3.4905263157894733,0.47368421052631576,5,-0.1450420827195027,medio
4953,20,7860.85,393.0425,482.1,0.35,4351.35,3509.5,3.2034999999999996,0.3,5,2.952771949736378,alto
4954,10,161.9,16.19,24.95,0.3,56.77,105.13,3.7489999999999997,0.7,6,0.435925187228126,medio
4955,19,282.25,14.855263157894736,22.85,0.3157894736842105,232.05,50.199999999999996,4.534736842105263,0.3684210526315789,4,-1.524330234775775,baixo
4956,20,1407.45,70.3725,123.35,0.15,501.22,906.23,6.0725,0.5,5,1.190676987471337,alto
4957,20,2929.35,146.4675,247.35,0.25,2130.94,798.41,4.701,0.55,10,4.320513997634297,alto
4958,18,3789.15,210.50833333333333,316.15,0.6666666666666666,7145.24,-3356.09,2.8844444444444446,0.4444444444444444,3,-1.949617671705042,baixo
4959,16,1056.3,66.01875,102.5,0.375,880.39,175.91000000000005,5.863125,0.375,4,-1.7164801984436013,baixo
4960,20,2709.2,135.45999999999998,212.85,0.3,2908.11,-198.91000000000005,3.1015,0.3,5,-0.7922760823214539,medio
4961,22,1546.5,70.29545454545455,123.4,0.6818181818181818,1703.4,-156.89999999999998,2.931363636363636,0.45454545454545453,3,-0.22651731150854948,medio
4962,20,4406.1,220.305,315.0,0.35,2850.97,1555.1299999999999,5.996499999999999,0.4,5,1.6463459875042743,alto
4963,13,450.95,34.68846153846154,68.5,0.38461538461538464,234.04000000000002,216.91,5.096153846153846,0.38461538461538464,3,-2.9343548172279506,baixo
4964,21,4013.7,191.12857142857143,309.25,0.47619047619047616,3799.56,214.14,4.887619047619047,0.2857142857142857,3,-0.9776905750974307,medio
4965,17,657.05,38.65,67.35,0.29411764705882354,432.15,224.9,5.431176470588235,0.23529411764705882,6,-2.062468072263081,baixo
4966,20,1552.8,77.64,119.0,0.35,2054.93,-502.13,4.879,0.4,3,-1.3103778450770418,baixo
4967,25,3780.5,151.22,224.15,0.36,3936.4700000000003,-155.96999999999989,4.8764,0.36,5,1.0125509823843504,alto
4968,24,4090.35,170.43125,244.9,0.4583333333333333,6303.61,-2213.2599999999998,4.434166666666667,0.375,5,-0.03391731025910649,medio
4969,18,2900.55,161.14166666666668,237.25,0.4444444444444444,2454.52,446.03000000000003,4.713333333333334,0.4444444444444444,4,0.17081744301687074,medio
4970,24,821.05,34.21041666666667,63.9,0.5,798.59,22.459999999999994,3.6183333333333336,0.4166666666666667,2,-0.7213998189446539,medio
4971,28,382.3,13.653571428571428,24.15,0.39285714285714285,341.36,40.93999999999999,4.143571428571429,0.42857142857142855,6,1.9141535489247579,alto
4972,21,255.85,12.183333333333334,22.65,0.42857142857142855,239.25,16.6,5.267142857142857,0.38095238095238093,4,-0.9969709635854629,medio
4973,16,612.95,38.309375,67.95,0.25,489.05999999999995,123.89,6.470625,0.5625,6,0.6746208834735676,medio
4974,16,71.9,4.49375,9.4,0.4375,209.02999999999997,-137.13,6.559375,0.375,5,-1.8663306494437362,baixo
4975,20,3318.55,165.9275,226.25,0.4,3059.08,259.47,4.183999999999999,0.4,7,1.4640035400715739,alto
4976,13,569.2,43.784615384615385,69.35,0.23076923076923078,278.47,290.72999999999996,6.186923076923078,0.46153846153846156,3,-2.123160797141262,baixo
4977,18,3213.15,178.50833333333333,240.95,0.3888888888888889,4537.9,-1324.7499999999998,5.381666666666667,0.4444444444444444,9,1.5514066036752179,alto
4978,21,4742.55,225.8357142857143,318.85,0.42857142857142855,3048.75,1693.8,3.3771428571428572,0.47619047619047616,6,3.1250747421124583,alto
4979,13,1977.8,152.13846153846154,250.0,0.3076923076923077,6722.85,-4745.05,5.181538461538461,0.3076923076923077,5,-4.590196143866756,baixo
4980,14,2916.4,208.31428571428572,301.95,0.2857142857142857,2103.0,813.4000000000001,4.384285714285714,0.35714285714285715,5,-0.5697641962179865,medio
4981,25,137.8,5.5120000000000005,9.65,0.24,83.71000000000001,54.089999999999996,4.1080000000000005,0.28,10,1.5844269224599454,alto
4982,23,104.1,4.5260869565217385,9.85,0.34782608695652173,118.0,-13.900000000000002,3.9008695652173913,0.2608695652173913,6,-0.8444115484529283,medio
4983,19,3616.9,190.36315789473684,236.95,0.3684210526315789,1937.08,1679.82,3.953157894736842,0.21052631578947367,4,-0.9052105755967673,medio
4984,23,7851.25,341.35869565217394,494.25,0.391304347826087,8964.5,-1113.2500000000002,4.750869565217391,0.391304347826087,4,1.214124620129625,alto
4985,23,2043.6,88.85217391304347,124.65,0.43478260869565216,3816.46,-1772.86,5.053913043478261,0.34782608695652173,5,-0.8365718655574507,medio
4986,18,239.45,13.302777777777777,23.2,0.4444444444444444,284.46,-45.010000000000005,6.295555555555556,0.5555555555555556,4,-0.08409644822510165,medio
4987,15,1015.1,67.67333333333333,105.0,0.3333333333333333,812.93,202.17,4.508,0.2,4,-3.5288248503926223,baixo
4988,25,3830.8,153.232,242.8,0.32,1921.0,1909.8,4.7176,0.32,5,1.755187117164461,alto
4989,15,1180.3,78.68666666666667,122.75,0.3333333333333333,816.76,363.53999999999996,3.7706666666666666,0.4,5,-1.0826584498793197,medio
4990,20,264.5,13.225,24.1,0.45,225.62,38.879999999999995,4.74,0.25,4,-2.409493315841625,baixo
4991,18,5714.75,317.4861111111111,462.05,0.5,7458.97,-1744.2199999999998,4.725,0.3333333333333333,4,-0.9403256151786995,medio
4992,20,3201.3,160.065,249.85,0.55,4028.99,-827.6899999999998,3.8055,0.3,3,-1.837573113798835,baixo
4993,17,3505.15,206.18529411764706,286.8,0.5882352941176471,5225.61,-1720.46,2.9423529411764706,0.17647058823529413,2,-4.245702441799747,baixo
4994,26,4543.05,174.7326923076923,245.55,0.38461538461538464,3662.51,880.54,4.668461538461538,0.2692307692307692,7,1.9930603474135726,alto
4995,26,5584.5,214.78846153846155,307.1,0.4230769230769231,11045.85,-5461.35,3.935,0.34615384615384615,3,-2.1527719562032654,baixo
4996,26,4579.7,176.1423076923077,243.7,0.2692307692307692,2404.17,2175.53,4.176153846153846,0.34615384615384615,6,2.959782006491343,alto
4997,15,3904.0,260.26666666666665,311.15,0.2,1144.99,2759.0099999999998,3.8473333333333333,0.3333333333333333,7,1.7071491198788251,alto
4998,17,5527.55,325.15000000000003,490.05,0.47058823529411764,7239.51,-1711.9600000000003,3.837058823529412,0.29411764705882354,5,-1.0156609382471418,medio
4999,20,1720.25,86.0125,121.85,0.35,943.3299999999999,776.92,5.250500000000001,0.4,9,2.0690817871835554,alto
5000,19,816.5,42.973684210526315,67.95,0.3157894736842105,310.90999999999997,505.59000000000003,3.727894736842105,0.3157894736842105,5,-1.1335903798211844,medio
